Category,Class,Video,NPY_Path,Frame_Count,Feature_Count
Greetings,Alright,MVI_0037,Landmark_Data/Greetings/Alright/MVI_0037.npy,73,225
Greetings,Alright,MVI_0038,Landmark_Data/Greetings/Alright/MVI_0038.npy,84,225
Greetings,Alright,MVI_0039,Landmark_Data/Greetings/Alright/MVI_0039.npy,79,225
Greetings,Alright,MVI_0040,Landmark_Data/Greetings/Alright/MVI_0040.npy,80,225
Greetings,Alright,MVI_0043,Landmark_Data/Greetings/Alright/MVI_0043.npy,56,225
Greetings,Alright,MVI_0044,Landmark_Data/Greetings/Alright/MVI_0044.npy,58,225
Greetings,Alright,MVI_0045,Landmark_Data/Greetings/Alright/MVI_0045.npy,63,225
Greetings,Alright,MVI_0095,Landmark_Data/Greetings/Alright/MVI_0095.npy,63,225
Greetings,Alright,MVI_0096,Landmark_Data/Greetings/Alright/MVI_0096.npy,82,225
Greetings,Alright,MVI_0097,Landmark_Data/Greetings/Alright/MVI_0097.npy,87,225
Greetings,Alright,MVI_9923,Landmark_Data/Greetings/Alright/MVI_9923.npy,54,225
Greetings,Alright,MVI_9924,Landmark_Data/Greetings/Alright/MVI_9924.npy,55,225
Greetings,Alright,MVI_9925,Landmark_Data/Greetings/Alright/MVI_9925.npy,53,225
Greetings,Alright,MVI_9926,Landmark_Data/Greetings/Alright/MVI_9926.npy,51,225
Greetings,Alright,MVI_9963,Landmark_Data/Greetings/Alright/MVI_9963.npy,76,225
Greetings,Alright,MVI_9964,Landmark_Data/Greetings/Alright/MVI_9964.npy,86,225
Greetings,Alright,MVI_9965,Landmark_Data/Greetings/Alright/MVI_9965.npy,78,225
Greetings,Alright,MVI_9966,Landmark_Data/Greetings/Alright/MVI_9966.npy,72,225
Greetings,Alright,MVI_9988,Landmark_Data/Greetings/Alright/MVI_9988.npy,53,225
Greetings,Alright,MVI_9989,Landmark_Data/Greetings/Alright/MVI_9989.npy,60,225
Greetings,Alright,MVI_9990,Landmark_Data/Greetings/Alright/MVI_9990.npy,54,225
Greetings,Good_Afternoon,MVI_0046,Landmark_Data/Greetings/Good_Afternoon/MVI_0046.npy,91,225
Greetings,Good_Afternoon,MVI_0047,Landmark_Data/Greetings/Good_Afternoon/MVI_0047.npy,87,225
Greetings,Good_Afternoon,MVI_0048,Landmark_Data/Greetings/Good_Afternoon/MVI_0048.npy,87,225
Greetings,Good_Afternoon,MVI_0049,Landmark_Data/Greetings/Good_Afternoon/MVI_0049.npy,55,225
Greetings,Good_Afternoon,MVI_0050,Landmark_Data/Greetings/Good_Afternoon/MVI_0050.npy,57,225
Greetings,Good_Afternoon,MVI_0050_ (1),Landmark_Data/Greetings/Good_Afternoon/MVI_0050_ (1).npy,87,225
Greetings,Good_Afternoon,MVI_0050_ (2),Landmark_Data/Greetings/Good_Afternoon/MVI_0050_ (2).npy,90,225
Greetings,Good_Afternoon,MVI_0051,Landmark_Data/Greetings/Good_Afternoon/MVI_0051.npy,56,225
Greetings,Good_Afternoon,MVI_0101,Landmark_Data/Greetings/Good_Afternoon/MVI_0101.npy,69,225
Greetings,Good_Afternoon,MVI_0102,Landmark_Data/Greetings/Good_Afternoon/MVI_0102.npy,74,225
Greetings,Good_Afternoon,MVI_0103,Landmark_Data/Greetings/Good_Afternoon/MVI_0103.npy,73,225
Greetings,Good_Afternoon,MVI_9936,Landmark_Data/Greetings/Good_Afternoon/MVI_9936.npy,67,225
Greetings,Good_Afternoon,MVI_9937,Landmark_Data/Greetings/Good_Afternoon/MVI_9937.npy,55,225
Greetings,Good_Afternoon,MVI_9938,Landmark_Data/Greetings/Good_Afternoon/MVI_9938.npy,51,225
Greetings,Good_Afternoon,MVI_9939,Landmark_Data/Greetings/Good_Afternoon/MVI_9939.npy,47,225
Greetings,Good_Afternoon,MVI_9972,Landmark_Data/Greetings/Good_Afternoon/MVI_9972.npy,63,225
Greetings,Good_Afternoon,MVI_9973,Landmark_Data/Greetings/Good_Afternoon/MVI_9973.npy,63,225
Greetings,Good_Afternoon,MVI_9974,Landmark_Data/Greetings/Good_Afternoon/MVI_9974.npy,75,225
Greetings,Good_Afternoon,MVI_9975,Landmark_Data/Greetings/Good_Afternoon/MVI_9975.npy,60,225
Greetings,Good_Afternoon,MVI_9994,Landmark_Data/Greetings/Good_Afternoon/MVI_9994.npy,55,225
Greetings,Good_Afternoon,MVI_9995,Landmark_Data/Greetings/Good_Afternoon/MVI_9995.npy,63,225
Greetings,Good_Afternoon,MVI_9996,Landmark_Data/Greetings/Good_Afternoon/MVI_9996.npy,60,225
Greetings,Good_Evening,MVI_0001,Landmark_Data/Greetings/Good_Evening/MVI_0001.npy,55,225
Greetings,Good_Evening,MVI_0052,Landmark_Data/Greetings/Good_Evening/MVI_0052.npy,53,225
Greetings,Good_Evening,MVI_0053,Landmark_Data/Greetings/Good_Evening/MVI_0053.npy,64,225
Greetings,Good_Evening,MVI_0054,Landmark_Data/Greetings/Good_Evening/MVI_0054.npy,63,225
Greetings,Good_Evening,MVI_0055,Landmark_Data/Greetings/Good_Evening/MVI_0055.npy,85,225
Greetings,Good_Evening,MVI_005_4 (1),Landmark_Data/Greetings/Good_Evening/MVI_005_4 (1).npy,84,225
Greetings,Good_Evening,MVI_005_4 (2),Landmark_Data/Greetings/Good_Evening/MVI_005_4 (2).npy,89,225
Greetings,Good_Evening,MVI_005_4 (3),Landmark_Data/Greetings/Good_Evening/MVI_005_4 (3).npy,95,225
Greetings,Good_Evening,MVI_0105,Landmark_Data/Greetings/Good_Evening/MVI_0105.npy,71,225
Greetings,Good_Evening,MVI_0106,Landmark_Data/Greetings/Good_Evening/MVI_0106.npy,75,225
Greetings,Good_Evening,MVI_0107,Landmark_Data/Greetings/Good_Evening/MVI_0107.npy,74,225
Greetings,Good_Evening,MVI_9940,Landmark_Data/Greetings/Good_Evening/MVI_9940.npy,57,225
Greetings,Good_Evening,MVI_9941,Landmark_Data/Greetings/Good_Evening/MVI_9941.npy,61,225
Greetings,Good_Evening,MVI_9942,Landmark_Data/Greetings/Good_Evening/MVI_9942.npy,58,225
Greetings,Good_Evening,MVI_9943,Landmark_Data/Greetings/Good_Evening/MVI_9943.npy,67,225
Greetings,Good_Evening,MVI_9976,Landmark_Data/Greetings/Good_Evening/MVI_9976.npy,79,225
Greetings,Good_Evening,MVI_9977,Landmark_Data/Greetings/Good_Evening/MVI_9977.npy,82,225
Greetings,Good_Evening,MVI_9978,Landmark_Data/Greetings/Good_Evening/MVI_9978.npy,79,225
Greetings,Good_Evening,MVI_9979,Landmark_Data/Greetings/Good_Evening/MVI_9979.npy,74,225
Greetings,Good_Evening,MVI_9998,Landmark_Data/Greetings/Good_Evening/MVI_9998.npy,55,225
Greetings,Good_Evening,MVI_9999,Landmark_Data/Greetings/Good_Evening/MVI_9999.npy,56,225
Greetings,Good_Morning,MVI_0042,Landmark_Data/Greetings/Good_Morning/MVI_0042.npy,85,225
Greetings,Good_Morning,MVI_0043,Landmark_Data/Greetings/Good_Morning/MVI_0043.npy,83,225
Greetings,Good_Morning,MVI_0044,Landmark_Data/Greetings/Good_Morning/MVI_0044.npy,85,225
Greetings,Good_Morning,MVI_0045,Landmark_Data/Greetings/Good_Morning/MVI_0045.npy,90,225
Greetings,Good_Morning,MVI_0046,Landmark_Data/Greetings/Good_Morning/MVI_0046.npy,62,225
Greetings,Good_Morning,MVI_0047,Landmark_Data/Greetings/Good_Morning/MVI_0047.npy,59,225
Greetings,Good_Morning,MVI_0048,Landmark_Data/Greetings/Good_Morning/MVI_0048.npy,41,225
Greetings,Good_Morning,MVI_0098,Landmark_Data/Greetings/Good_Morning/MVI_0098.npy,66,225
Greetings,Good_Morning,MVI_0099,Landmark_Data/Greetings/Good_Morning/MVI_0099.npy,66,225
Greetings,Good_Morning,MVI_0100,Landmark_Data/Greetings/Good_Morning/MVI_0100.npy,63,225
Greetings,Good_Morning,MVI_9932,Landmark_Data/Greetings/Good_Morning/MVI_9932.npy,56,225
Greetings,Good_Morning,MVI_9933,Landmark_Data/Greetings/Good_Morning/MVI_9933.npy,53,225
Greetings,Good_Morning,MVI_9934,Landmark_Data/Greetings/Good_Morning/MVI_9934.npy,56,225
Greetings,Good_Morning,MVI_9935,Landmark_Data/Greetings/Good_Morning/MVI_9935.npy,48,225
Greetings,Good_Morning,MVI_9968,Landmark_Data/Greetings/Good_Morning/MVI_9968.npy,70,225
Greetings,Good_Morning,MVI_9969,Landmark_Data/Greetings/Good_Morning/MVI_9969.npy,80,225
Greetings,Good_Morning,MVI_9970,Landmark_Data/Greetings/Good_Morning/MVI_9970.npy,82,225
Greetings,Good_Morning,MVI_9971,Landmark_Data/Greetings/Good_Morning/MVI_9971.npy,75,225
Greetings,Good_Morning,MVI_9991,Landmark_Data/Greetings/Good_Morning/MVI_9991.npy,58,225
Greetings,Good_Morning,MVI_9992,Landmark_Data/Greetings/Good_Morning/MVI_9992.npy,58,225
Greetings,Good_Morning,MVI_9993,Landmark_Data/Greetings/Good_Morning/MVI_9993.npy,64,225
Greetings,Good_Night,MVI_0002,Landmark_Data/Greetings/Good_Night/MVI_0002.npy,56,225
Greetings,Good_Night,MVI_0003,Landmark_Data/Greetings/Good_Night/MVI_0003.npy,60,225
Greetings,Good_Night,MVI_0004,Landmark_Data/Greetings/Good_Night/MVI_0004.npy,60,225
Greetings,Good_Night,MVI_0055,Landmark_Data/Greetings/Good_Night/MVI_0055.npy,56,225
Greetings,Good_Night,MVI_0056,Landmark_Data/Greetings/Good_Night/MVI_0056.npy,62,225
Greetings,Good_Night,MVI_0057,Landmark_Data/Greetings/Good_Night/MVI_0057.npy,60,225
Greetings,Good_Night,MVI_0057_,Landmark_Data/Greetings/Good_Night/MVI_0057_.npy,91,225
Greetings,Good_Night,MVI_0058,Landmark_Data/Greetings/Good_Night/MVI_0058.npy,91,225
Greetings,Good_Night,MVI_0059,Landmark_Data/Greetings/Good_Night/MVI_0059.npy,93,225
Greetings,Good_Night,MVI_005_6,Landmark_Data/Greetings/Good_Night/MVI_005_6.npy,82,225
Greetings,Good_Night,MVI_0108,Landmark_Data/Greetings/Good_Night/MVI_0108.npy,72,225
Greetings,Good_Night,MVI_0109,Landmark_Data/Greetings/Good_Night/MVI_0109.npy,80,225
Greetings,Good_Night,MVI_0110,Landmark_Data/Greetings/Good_Night/MVI_0110.npy,77,225
Greetings,Good_Night,MVI_9944,Landmark_Data/Greetings/Good_Night/MVI_9944.npy,55,225
Greetings,Good_Night,MVI_9945,Landmark_Data/Greetings/Good_Night/MVI_9945.npy,58,225
Greetings,Good_Night,MVI_9946,Landmark_Data/Greetings/Good_Night/MVI_9946.npy,56,225
Greetings,Good_Night,MVI_9947,Landmark_Data/Greetings/Good_Night/MVI_9947.npy,59,225
Greetings,Good_Night,MVI_9980,Landmark_Data/Greetings/Good_Night/MVI_9980.npy,84,225
Greetings,Good_Night,MVI_9981,Landmark_Data/Greetings/Good_Night/MVI_9981.npy,67,225
Greetings,Good_Night,MVI_9982,Landmark_Data/Greetings/Good_Night/MVI_9982.npy,84,225
Greetings,Good_Night,MVI_9983,Landmark_Data/Greetings/Good_Night/MVI_9983.npy,67,225
Greetings,Hello,MVI_0029,Landmark_Data/Greetings/Hello/MVI_0029.npy,63,225
Greetings,Hello,MVI_0030,Landmark_Data/Greetings/Hello/MVI_0030.npy,74,225
Greetings,Hello,MVI_0031,Landmark_Data/Greetings/Hello/MVI_0031.npy,65,225
Greetings,Hello,MVI_0032,Landmark_Data/Greetings/Hello/MVI_0032.npy,61,225
Greetings,Hello,MVI_0037,Landmark_Data/Greetings/Hello/MVI_0037.npy,65,225
Greetings,Hello,MVI_0038,Landmark_Data/Greetings/Hello/MVI_0038.npy,58,225
Greetings,Hello,MVI_0039,Landmark_Data/Greetings/Hello/MVI_0039.npy,52,225
Greetings,Hello,MVI_0089,Landmark_Data/Greetings/Hello/MVI_0089.npy,69,225
Greetings,Hello,MVI_0090,Landmark_Data/Greetings/Hello/MVI_0090.npy,69,225
Greetings,Hello,MVI_0091,Landmark_Data/Greetings/Hello/MVI_0091.npy,80,225
Greetings,Hello,MVI_9914,Landmark_Data/Greetings/Hello/MVI_9914.npy,53,225
Greetings,Hello,MVI_9915,Landmark_Data/Greetings/Hello/MVI_9915.npy,53,225
Greetings,Hello,MVI_9916,Landmark_Data/Greetings/Hello/MVI_9916.npy,50,225
Greetings,Hello,MVI_9917,Landmark_Data/Greetings/Hello/MVI_9917.npy,49,225
Greetings,Hello,MVI_9954,Landmark_Data/Greetings/Hello/MVI_9954.npy,69,225
Greetings,Hello,MVI_9955,Landmark_Data/Greetings/Hello/MVI_9955.npy,84,225
Greetings,Hello,MVI_9956,Landmark_Data/Greetings/Hello/MVI_9956.npy,76,225
Greetings,Hello,MVI_9957,Landmark_Data/Greetings/Hello/MVI_9957.npy,79,225
Greetings,Hello,MVI_9982,Landmark_Data/Greetings/Hello/MVI_9982.npy,51,225
Greetings,Hello,MVI_9983,Landmark_Data/Greetings/Hello/MVI_9983.npy,53,225
Greetings,Hello,MVI_9984,Landmark_Data/Greetings/Hello/MVI_9984.npy,47,225
Greetings,How_are_you,MVI_0033,Landmark_Data/Greetings/How_are_you/MVI_0033.npy,81,225
Greetings,How_are_you,MVI_0034,Landmark_Data/Greetings/How_are_you/MVI_0034.npy,92,225
Greetings,How_are_you,MVI_0035,Landmark_Data/Greetings/How_are_you/MVI_0035.npy,96,225
Greetings,How_are_you,MVI_0036,Landmark_Data/Greetings/How_are_you/MVI_0036.npy,95,225
Greetings,How_are_you,MVI_0040,Landmark_Data/Greetings/How_are_you/MVI_0040.npy,60,225
Greetings,How_are_you,MVI_0041,Landmark_Data/Greetings/How_are_you/MVI_0041.npy,71,225
Greetings,How_are_you,MVI_0042,Landmark_Data/Greetings/How_are_you/MVI_0042.npy,66,225
Greetings,How_are_you,MVI_0092,Landmark_Data/Greetings/How_are_you/MVI_0092.npy,83,225
Greetings,How_are_you,MVI_0093,Landmark_Data/Greetings/How_are_you/MVI_0093.npy,100,225
Greetings,How_are_you,MVI_0094,Landmark_Data/Greetings/How_are_you/MVI_0094.npy,95,225
Greetings,How_are_you,MVI_9918,Landmark_Data/Greetings/How_are_you/MVI_9918.npy,68,225
Greetings,How_are_you,MVI_9919,Landmark_Data/Greetings/How_are_you/MVI_9919.npy,71,225
Greetings,How_are_you,MVI_9920,Landmark_Data/Greetings/How_are_you/MVI_9920.npy,70,225
Greetings,How_are_you,MVI_9921,Landmark_Data/Greetings/How_are_you/MVI_9921.npy,65,225
Greetings,How_are_you,MVI_9959,Landmark_Data/Greetings/How_are_you/MVI_9959.npy,89,225
Greetings,How_are_you,MVI_9960,Landmark_Data/Greetings/How_are_you/MVI_9960.npy,86,225
Greetings,How_are_you,MVI_9961,Landmark_Data/Greetings/How_are_you/MVI_9961.npy,92,225
Greetings,How_are_you,MVI_9962,Landmark_Data/Greetings/How_are_you/MVI_9962.npy,94,225
Greetings,How_are_you,MVI_9985,Landmark_Data/Greetings/How_are_you/MVI_9985.npy,67,225
Greetings,How_are_you,MVI_9986,Landmark_Data/Greetings/How_are_you/MVI_9986.npy,67,225
Greetings,How_are_you,MVI_9987,Landmark_Data/Greetings/How_are_you/MVI_9987.npy,68,225
Greetings,Pleased,MVI_0009,Landmark_Data/Greetings/Pleased/MVI_0009.npy,56,225
Greetings,Pleased,MVI_0010,Landmark_Data/Greetings/Pleased/MVI_0010.npy,54,225
Greetings,Pleased,MVI_0011,Landmark_Data/Greetings/Pleased/MVI_0011.npy,53,225
Greetings,Pleased,MVI_0061,Landmark_Data/Greetings/Pleased/MVI_0061.npy,55,225
Greetings,Pleased,MVI_0062,Landmark_Data/Greetings/Pleased/MVI_0062.npy,51,225
Greetings,Pleased,MVI_0063,Landmark_Data/Greetings/Pleased/MVI_0063.npy,56,225
Greetings,Pleased,MVI_0065,Landmark_Data/Greetings/Pleased/MVI_0065.npy,81,225
Greetings,Pleased,MVI_0066,Landmark_Data/Greetings/Pleased/MVI_0066.npy,79,225
Greetings,Pleased,MVI_0067,Landmark_Data/Greetings/Pleased/MVI_0067.npy,76,225
Greetings,Pleased,MVI_0068,Landmark_Data/Greetings/Pleased/MVI_0068.npy,87,225
Greetings,Pleased,MVI_0114,Landmark_Data/Greetings/Pleased/MVI_0114.npy,62,225
Greetings,Pleased,MVI_0115,Landmark_Data/Greetings/Pleased/MVI_0115.npy,73,225
Greetings,Pleased,MVI_0116,Landmark_Data/Greetings/Pleased/MVI_0116.npy,65,225
Greetings,Pleased,MVI_9952,Landmark_Data/Greetings/Pleased/MVI_9952.npy,52,225
Greetings,Pleased,MVI_9953,Landmark_Data/Greetings/Pleased/MVI_9953.npy,48,225
Greetings,Pleased,MVI_9954,Landmark_Data/Greetings/Pleased/MVI_9954.npy,46,225
Greetings,Pleased,MVI_9955,Landmark_Data/Greetings/Pleased/MVI_9955.npy,44,225
Greetings,Pleased,MVI_9988,Landmark_Data/Greetings/Pleased/MVI_9988.npy,64,225
Greetings,Pleased,MVI_9989,Landmark_Data/Greetings/Pleased/MVI_9989.npy,78,225
Greetings,Pleased,MVI_9990,Landmark_Data/Greetings/Pleased/MVI_9990.npy,70,225
Greetings,Pleased,MVI_9991,Landmark_Data/Greetings/Pleased/MVI_9991.npy,67,225
Greetings,Thank_you,MVI_0006,Landmark_Data/Greetings/Thank_you/MVI_0006.npy,53,225
Greetings,Thank_you,MVI_0007,Landmark_Data/Greetings/Thank_you/MVI_0007.npy,56,225
Greetings,Thank_you,MVI_0008,Landmark_Data/Greetings/Thank_you/MVI_0008.npy,57,225
Greetings,Thank_you,MVI_0058,Landmark_Data/Greetings/Thank_you/MVI_0058.npy,60,225
Greetings,Thank_you,MVI_0059,Landmark_Data/Greetings/Thank_you/MVI_0059.npy,56,225
Greetings,Thank_you,MVI_0060,Landmark_Data/Greetings/Thank_you/MVI_0060.npy,56,225
Greetings,Thank_you,MVI_0060_,Landmark_Data/Greetings/Thank_you/MVI_0060_.npy,81,225
Greetings,Thank_you,MVI_0061,Landmark_Data/Greetings/Thank_you/MVI_0061.npy,82,225
Greetings,Thank_you,MVI_0062,Landmark_Data/Greetings/Thank_you/MVI_0062.npy,79,225
Greetings,Thank_you,MVI_0063,Landmark_Data/Greetings/Thank_you/MVI_0063.npy,86,225
Greetings,Thank_you,MVI_0111,Landmark_Data/Greetings/Thank_you/MVI_0111.npy,62,225
Greetings,Thank_you,MVI_0112,Landmark_Data/Greetings/Thank_you/MVI_0112.npy,75,225
Greetings,Thank_you,MVI_0113,Landmark_Data/Greetings/Thank_you/MVI_0113.npy,79,225
Greetings,Thank_you,MVI_9948,Landmark_Data/Greetings/Thank_you/MVI_9948.npy,53,225
Greetings,Thank_you,MVI_9949,Landmark_Data/Greetings/Thank_you/MVI_9949.npy,57,225
Greetings,Thank_you,MVI_9950,Landmark_Data/Greetings/Thank_you/MVI_9950.npy,56,225
Greetings,Thank_you,MVI_9951,Landmark_Data/Greetings/Thank_you/MVI_9951.npy,54,225
Greetings,Thank_you,MVI_9984,Landmark_Data/Greetings/Thank_you/MVI_9984.npy,61,225
Greetings,Thank_you,MVI_9985,Landmark_Data/Greetings/Thank_you/MVI_9985.npy,67,225
Greetings,Thank_you,MVI_9986,Landmark_Data/Greetings/Thank_you/MVI_9986.npy,56,225
Greetings,Thank_you,MVI_9987,Landmark_Data/Greetings/Thank_you/MVI_9987.npy,63,225
Home,Bag,MVI_4432,Landmark_Data/Home/Bag/MVI_4432.npy,50,225
Home,Bag,MVI_4433,Landmark_Data/Home/Bag/MVI_4433.npy,44,225
Home,Bag,MVI_4434,Landmark_Data/Home/Bag/MVI_4434.npy,47,225
Home,Bag,MVI_4436,Landmark_Data/Home/Bag/MVI_4436.npy,49,225
Home,Bag,MVI_4941,Landmark_Data/Home/Bag/MVI_4941.npy,48,225
Home,Bag,MVI_4942,Landmark_Data/Home/Bag/MVI_4942.npy,55,225
Home,Bag,MVI_4943,Landmark_Data/Home/Bag/MVI_4943.npy,63,225
Home,Bag,MVI_8838,Landmark_Data/Home/Bag/MVI_8838.npy,67,225
Home,Bag,MVI_8839,Landmark_Data/Home/Bag/MVI_8839.npy,69,225
Home,Bag,MVI_8840,Landmark_Data/Home/Bag/MVI_8840.npy,75,225
Home,Bag,MVI_8841,Landmark_Data/Home/Bag/MVI_8841.npy,65,225
Home,Bag,MVI_9073,Landmark_Data/Home/Bag/MVI_9073.npy,61,225
Home,Bag,MVI_9074,Landmark_Data/Home/Bag/MVI_9074.npy,63,225
Home,Bag,MVI_9075,Landmark_Data/Home/Bag/MVI_9075.npy,65,225
Home,Bathroom,MVI_4378,Landmark_Data/Home/Bathroom/MVI_4378.npy,60,225
Home,Bathroom,MVI_4379,Landmark_Data/Home/Bathroom/MVI_4379.npy,64,225
Home,Bathroom,MVI_4380,Landmark_Data/Home/Bathroom/MVI_4380.npy,57,225
Home,Bathroom,MVI_4381,Landmark_Data/Home/Bathroom/MVI_4381.npy,67,225
Home,Bathroom,MVI_4900,Landmark_Data/Home/Bathroom/MVI_4900.npy,64,225
Home,Bathroom,MVI_4901,Landmark_Data/Home/Bathroom/MVI_4901.npy,60,225
Home,Bathroom,MVI_4902,Landmark_Data/Home/Bathroom/MVI_4902.npy,52,225
Home,Bathroom,MVI_8782,Landmark_Data/Home/Bathroom/MVI_8782.npy,80,225
Home,Bathroom,MVI_8783,Landmark_Data/Home/Bathroom/MVI_8783.npy,76,225
Home,Bathroom,MVI_8784,Landmark_Data/Home/Bathroom/MVI_8784.npy,75,225
Home,Bathroom,MVI_8785,Landmark_Data/Home/Bathroom/MVI_8785.npy,82,225
Home,Bathroom,MVI_9025,Landmark_Data/Home/Bathroom/MVI_9025.npy,67,225
Home,Bathroom,MVI_9026,Landmark_Data/Home/Bathroom/MVI_9026.npy,71,225
Home,Bathroom,MVI_9027,Landmark_Data/Home/Bathroom/MVI_9027.npy,78,225
Home,Bedroom,MVI_4370,Landmark_Data/Home/Bedroom/MVI_4370.npy,83,225
Home,Bedroom,MVI_4371,Landmark_Data/Home/Bedroom/MVI_4371.npy,81,225
Home,Bedroom,MVI_4372,Landmark_Data/Home/Bedroom/MVI_4372.npy,94,225
Home,Bedroom,MVI_4373,Landmark_Data/Home/Bedroom/MVI_4373.npy,87,225
Home,Bedroom,MVI_4887,Landmark_Data/Home/Bedroom/MVI_4887.npy,72,225
Home,Bedroom,MVI_4888,Landmark_Data/Home/Bedroom/MVI_4888.npy,73,225
Home,Bedroom,MVI_4896,Landmark_Data/Home/Bedroom/MVI_4896.npy,64,225
Home,Bedroom,MVI_8774,Landmark_Data/Home/Bedroom/MVI_8774.npy,102,225
Home,Bedroom,MVI_8775,Landmark_Data/Home/Bedroom/MVI_8775.npy,108,225
Home,Bedroom,MVI_8776,Landmark_Data/Home/Bedroom/MVI_8776.npy,97,225
Home,Bedroom,MVI_8777,Landmark_Data/Home/Bedroom/MVI_8777.npy,102,225
Home,Bedroom,MVI_9019,Landmark_Data/Home/Bedroom/MVI_9019.npy,109,225
Home,Bedroom,MVI_9020,Landmark_Data/Home/Bedroom/MVI_9020.npy,108,225
Home,Bedroom,MVI_9021,Landmark_Data/Home/Bedroom/MVI_9021.npy,104,225
Home,Book,MVI_4399,Landmark_Data/Home/Book/MVI_4399.npy,51,225
Home,Book,MVI_4400,Landmark_Data/Home/Book/MVI_4400.npy,67,225
Home,Book,MVI_4401,Landmark_Data/Home/Book/MVI_4401.npy,57,225
Home,Book,MVI_4402,Landmark_Data/Home/Book/MVI_4402.npy,62,225
Home,Book,MVI_4915,Landmark_Data/Home/Book/MVI_4915.npy,50,225
Home,Book,MVI_4916,Landmark_Data/Home/Book/MVI_4916.npy,51,225
Home,Book,MVI_4919,Landmark_Data/Home/Book/MVI_4919.npy,59,225
Home,Book,MVI_8804,Landmark_Data/Home/Book/MVI_8804.npy,68,225
Home,Book,MVI_8805,Landmark_Data/Home/Book/MVI_8805.npy,74,225
Home,Book,MVI_8806,Landmark_Data/Home/Book/MVI_8806.npy,70,225
Home,Book,MVI_8807,Landmark_Data/Home/Book/MVI_8807.npy,68,225
Home,Book,MVI_9041,Landmark_Data/Home/Book/MVI_9041.npy,65,225
Home,Book,MVI_9042,Landmark_Data/Home/Book/MVI_9042.npy,70,225
Home,Book,MVI_9043,Landmark_Data/Home/Book/MVI_9043.npy,67,225
Home,Box,MVI_4437,Landmark_Data/Home/Box/MVI_4437.npy,56,225
Home,Box,MVI_4438,Landmark_Data/Home/Box/MVI_4438.npy,75,225
Home,Box,MVI_4439,Landmark_Data/Home/Box/MVI_4439.npy,73,225
Home,Box,MVI_4440,Landmark_Data/Home/Box/MVI_4440.npy,73,225
Home,Box,MVI_4944,Landmark_Data/Home/Box/MVI_4944.npy,63,225
Home,Box,MVI_4945,Landmark_Data/Home/Box/MVI_4945.npy,69,225
Home,Box,MVI_4946,Landmark_Data/Home/Box/MVI_4946.npy,50,225
Home,Box,MVI_8842,Landmark_Data/Home/Box/MVI_8842.npy,90,225
Home,Box,MVI_8843,Landmark_Data/Home/Box/MVI_8843.npy,87,225
Home,Box,MVI_8844,Landmark_Data/Home/Box/MVI_8844.npy,92,225
Home,Box,MVI_8845,Landmark_Data/Home/Box/MVI_8845.npy,110,225
Home,Box,MVI_9076,Landmark_Data/Home/Box/MVI_9076.npy,90,225
Home,Box,MVI_9077,Landmark_Data/Home/Box/MVI_9077.npy,103,225
Home,Box,MVI_9078,Landmark_Data/Home/Box/MVI_9078.npy,97,225
Home,Card,MVI_4445,Landmark_Data/Home/Card/MVI_4445.npy,54,225
Home,Card,MVI_4446,Landmark_Data/Home/Card/MVI_4446.npy,56,225
Home,Card,MVI_4447,Landmark_Data/Home/Card/MVI_4447.npy,62,225
Home,Card,MVI_4448,Landmark_Data/Home/Card/MVI_4448.npy,62,225
Home,Card,MVI_4950,Landmark_Data/Home/Card/MVI_4950.npy,66,225
Home,Card,MVI_4951,Landmark_Data/Home/Card/MVI_4951.npy,70,225
Home,Card,MVI_4952,Landmark_Data/Home/Card/MVI_4952.npy,61,225
Home,Card,MVI_8851,Landmark_Data/Home/Card/MVI_8851.npy,90,225
Home,Card,MVI_8852,Landmark_Data/Home/Card/MVI_8852.npy,88,225
Home,Card,MVI_8853,Landmark_Data/Home/Card/MVI_8853.npy,81,225
Home,Card,MVI_8854,Landmark_Data/Home/Card/MVI_8854.npy,83,225
Home,Card,MVI_9082,Landmark_Data/Home/Card/MVI_9082.npy,73,225
Home,Card,MVI_9083,Landmark_Data/Home/Card/MVI_9083.npy,79,225
Home,Card,MVI_9084,Landmark_Data/Home/Card/MVI_9084.npy,96,225
Home,Gift,MVI_4441,Landmark_Data/Home/Gift/MVI_4441.npy,46,225
Home,Gift,MVI_4442,Landmark_Data/Home/Gift/MVI_4442.npy,46,225
Home,Gift,MVI_4443,Landmark_Data/Home/Gift/MVI_4443.npy,47,225
Home,Gift,MVI_4444,Landmark_Data/Home/Gift/MVI_4444.npy,63,225
Home,Gift,MVI_4947,Landmark_Data/Home/Gift/MVI_4947.npy,49,225
Home,Gift,MVI_4948,Landmark_Data/Home/Gift/MVI_4948.npy,50,225
Home,Gift,MVI_4949,Landmark_Data/Home/Gift/MVI_4949.npy,63,225
Home,Gift,MVI_8846,Landmark_Data/Home/Gift/MVI_8846.npy,65,225
Home,Gift,MVI_8847,Landmark_Data/Home/Gift/MVI_8847.npy,69,225
Home,Gift,MVI_8848,Landmark_Data/Home/Gift/MVI_8848.npy,66,225
Home,Gift,MVI_8849,Landmark_Data/Home/Gift/MVI_8849.npy,68,225
Home,Gift,MVI_9079,Landmark_Data/Home/Gift/MVI_9079.npy,61,225
Home,Gift,MVI_9080,Landmark_Data/Home/Gift/MVI_9080.npy,61,225
Home,Gift,MVI_9081,Landmark_Data/Home/Gift/MVI_9081.npy,74,225
Home,Key,MVI_4408,Landmark_Data/Home/Key/MVI_4408.npy,50,225
Home,Key,MVI_4409,Landmark_Data/Home/Key/MVI_4409.npy,52,225
Home,Key,MVI_4410,Landmark_Data/Home/Key/MVI_4410.npy,49,225
Home,Key,MVI_4411,Landmark_Data/Home/Key/MVI_4411.npy,53,225
Home,Key,MVI_4923,Landmark_Data/Home/Key/MVI_4923.npy,42,225
Home,Key,MVI_4924,Landmark_Data/Home/Key/MVI_4924.npy,43,225
Home,Key,MVI_4925,Landmark_Data/Home/Key/MVI_4925.npy,56,225
Home,Key,MVI_8813,Landmark_Data/Home/Key/MVI_8813.npy,62,225
Home,Key,MVI_8814,Landmark_Data/Home/Key/MVI_8814.npy,62,225
Home,Key,MVI_8815,Landmark_Data/Home/Key/MVI_8815.npy,60,225
Home,Key,MVI_8816,Landmark_Data/Home/Key/MVI_8816.npy,60,225
Home,Key,MVI_9048,Landmark_Data/Home/Key/MVI_9048.npy,57,225
Home,Key,MVI_9049,Landmark_Data/Home/Key/MVI_9049.npy,69,225
Home,Key,MVI_9050,Landmark_Data/Home/Key/MVI_9050.npy,69,225
Home,Kitchen,MVI_4374,Landmark_Data/Home/Kitchen/MVI_4374.npy,78,225
Home,Kitchen,MVI_4375,Landmark_Data/Home/Kitchen/MVI_4375.npy,72,225
Home,Kitchen,MVI_4376,Landmark_Data/Home/Kitchen/MVI_4376.npy,68,225
Home,Kitchen,MVI_4377,Landmark_Data/Home/Kitchen/MVI_4377.npy,70,225
Home,Kitchen,MVI_4897,Landmark_Data/Home/Kitchen/MVI_4897.npy,61,225
Home,Kitchen,MVI_4898,Landmark_Data/Home/Kitchen/MVI_4898.npy,61,225
Home,Kitchen,MVI_4899,Landmark_Data/Home/Kitchen/MVI_4899.npy,69,225
Home,Kitchen,MVI_8778,Landmark_Data/Home/Kitchen/MVI_8778.npy,69,225
Home,Kitchen,MVI_8779,Landmark_Data/Home/Kitchen/MVI_8779.npy,71,225
Home,Kitchen,MVI_8780,Landmark_Data/Home/Kitchen/MVI_8780.npy,75,225
Home,Kitchen,MVI_8781,Landmark_Data/Home/Kitchen/MVI_8781.npy,82,225
Home,Kitchen,MVI_9022,Landmark_Data/Home/Kitchen/MVI_9022.npy,78,225
Home,Kitchen,MVI_9023,Landmark_Data/Home/Kitchen/MVI_9023.npy,82,225
Home,Kitchen,MVI_9024,Landmark_Data/Home/Kitchen/MVI_9024.npy,75,225
Home,Letter,MVI_4416,Landmark_Data/Home/Letter/MVI_4416.npy,64,225
Home,Letter,MVI_4417,Landmark_Data/Home/Letter/MVI_4417.npy,63,225
Home,Letter,MVI_4418,Landmark_Data/Home/Letter/MVI_4418.npy,68,225
Home,Letter,MVI_4419,Landmark_Data/Home/Letter/MVI_4419.npy,64,225
Home,Letter,MVI_4929,Landmark_Data/Home/Letter/MVI_4929.npy,50,225
Home,Letter,MVI_4930,Landmark_Data/Home/Letter/MVI_4930.npy,52,225
Home,Letter,MVI_4931,Landmark_Data/Home/Letter/MVI_4931.npy,58,225
Home,Letter,MVI_8822,Landmark_Data/Home/Letter/MVI_8822.npy,83,225
Home,Letter,MVI_8823,Landmark_Data/Home/Letter/MVI_8823.npy,80,225
Home,Letter,MVI_8824,Landmark_Data/Home/Letter/MVI_8824.npy,72,225
Home,Letter,MVI_8825,Landmark_Data/Home/Letter/MVI_8825.npy,74,225
Home,Letter,MVI_9054,Landmark_Data/Home/Letter/MVI_9054.npy,75,225
Home,Letter,MVI_9055,Landmark_Data/Home/Letter/MVI_9055.npy,106,225
Home,Letter,MVI_9056,Landmark_Data/Home/Letter/MVI_9056.npy,76,225
Home,Lock,MVI_4424,Landmark_Data/Home/Lock/MVI_4424.npy,48,225
Home,Lock,MVI_4425,Landmark_Data/Home/Lock/MVI_4425.npy,48,225
Home,Lock,MVI_4426,Landmark_Data/Home/Lock/MVI_4426.npy,49,225
Home,Lock,MVI_4427,Landmark_Data/Home/Lock/MVI_4427.npy,52,225
Home,Lock,MVI_4935,Landmark_Data/Home/Lock/MVI_4935.npy,51,225
Home,Lock,MVI_4936,Landmark_Data/Home/Lock/MVI_4936.npy,57,225
Home,Lock,MVI_4937,Landmark_Data/Home/Lock/MVI_4937.npy,50,225
Home,Lock,MVI_8830,Landmark_Data/Home/Lock/MVI_8830.npy,62,225
Home,Lock,MVI_8831,Landmark_Data/Home/Lock/MVI_8831.npy,69,225
Home,Lock,MVI_8832,Landmark_Data/Home/Lock/MVI_8832.npy,61,225
Home,Lock,MVI_8833,Landmark_Data/Home/Lock/MVI_8833.npy,62,225
Home,Lock,MVI_9060,Landmark_Data/Home/Lock/MVI_9060.npy,61,225
Home,Lock,MVI_9061,Landmark_Data/Home/Lock/MVI_9061.npy,63,225
Home,Lock,MVI_9062,Landmark_Data/Home/Lock/MVI_9062.npy,65,225
Home,Page,MVI_4403,Landmark_Data/Home/Page/MVI_4403.npy,80,225
Home,Page,MVI_4404,Landmark_Data/Home/Page/MVI_4404.npy,82,225
Home,Page,MVI_4405,Landmark_Data/Home/Page/MVI_4405.npy,71,225
Home,Page,MVI_4407,Landmark_Data/Home/Page/MVI_4407.npy,74,225
Home,Page,MVI_4920,Landmark_Data/Home/Page/MVI_4920.npy,66,225
Home,Page,MVI_4921,Landmark_Data/Home/Page/MVI_4921.npy,64,225
Home,Page,MVI_4922,Landmark_Data/Home/Page/MVI_4922.npy,48,225
Home,Page,MVI_8809,Landmark_Data/Home/Page/MVI_8809.npy,107,225
Home,Page,MVI_8810,Landmark_Data/Home/Page/MVI_8810.npy,110,225
Home,Page,MVI_8811,Landmark_Data/Home/Page/MVI_8811.npy,105,225
Home,Page,MVI_8812,Landmark_Data/Home/Page/MVI_8812.npy,107,225
Home,Page,MVI_9045,Landmark_Data/Home/Page/MVI_9045.npy,101,225
Home,Page,MVI_9046,Landmark_Data/Home/Page/MVI_9046.npy,85,225
Home,Page,MVI_9047,Landmark_Data/Home/Page/MVI_9047.npy,87,225
Home,Paint,MVI_4412,Landmark_Data/Home/Paint/MVI_4412.npy,56,225
Home,Paint,MVI_4413,Landmark_Data/Home/Paint/MVI_4413.npy,54,225
Home,Paint,MVI_4414,Landmark_Data/Home/Paint/MVI_4414.npy,54,225
Home,Paint,MVI_4415,Landmark_Data/Home/Paint/MVI_4415.npy,58,225
Home,Paint,MVI_4926,Landmark_Data/Home/Paint/MVI_4926.npy,64,225
Home,Paint,MVI_4927,Landmark_Data/Home/Paint/MVI_4927.npy,65,225
Home,Paint,MVI_4928,Landmark_Data/Home/Paint/MVI_4928.npy,57,225
Home,Paint,MVI_8817,Landmark_Data/Home/Paint/MVI_8817.npy,76,225
Home,Paint,MVI_8818,Landmark_Data/Home/Paint/MVI_8818.npy,69,225
Home,Paint,MVI_8819,Landmark_Data/Home/Paint/MVI_8819.npy,70,225
Home,Paint,MVI_8820,Landmark_Data/Home/Paint/MVI_8820.npy,66,225
Home,Paint,MVI_8821,Landmark_Data/Home/Paint/MVI_8821.npy,73,225
Home,Paint,MVI_9051,Landmark_Data/Home/Paint/MVI_9051.npy,70,225
Home,Paint,MVI_9052,Landmark_Data/Home/Paint/MVI_9052.npy,68,225
Home,Paint,MVI_9053,Landmark_Data/Home/Paint/MVI_9053.npy,72,225
Home,Paper,MVI_4420,Landmark_Data/Home/Paper/MVI_4420.npy,56,225
Home,Paper,MVI_4421,Landmark_Data/Home/Paper/MVI_4421.npy,57,225
Home,Paper,MVI_4422,Landmark_Data/Home/Paper/MVI_4422.npy,57,225
Home,Paper,MVI_4423,Landmark_Data/Home/Paper/MVI_4423.npy,50,225
Home,Paper,MVI_4932,Landmark_Data/Home/Paper/MVI_4932.npy,63,225
Home,Paper,MVI_4933,Landmark_Data/Home/Paper/MVI_4933.npy,66,225
Home,Paper,MVI_4934,Landmark_Data/Home/Paper/MVI_4934.npy,50,225
Home,Paper,MVI_8826,Landmark_Data/Home/Paper/MVI_8826.npy,75,225
Home,Paper,MVI_8827,Landmark_Data/Home/Paper/MVI_8827.npy,72,225
Home,Paper,MVI_8828,Landmark_Data/Home/Paper/MVI_8828.npy,62,225
Home,Paper,MVI_8829,Landmark_Data/Home/Paper/MVI_8829.npy,68,225
Home,Paper,MVI_9057,Landmark_Data/Home/Paper/MVI_9057.npy,75,225
Home,Paper,MVI_9058,Landmark_Data/Home/Paper/MVI_9058.npy,72,225
Home,Paper,MVI_9059,Landmark_Data/Home/Paper/MVI_9059.npy,73,225
Home,Pen,MVI_4387,Landmark_Data/Home/Pen/MVI_4387.npy,64,225
Home,Pen,MVI_4388,Landmark_Data/Home/Pen/MVI_4388.npy,53,225
Home,Pen,MVI_4389,Landmark_Data/Home/Pen/MVI_4389.npy,55,225
Home,Pen,MVI_4390,Landmark_Data/Home/Pen/MVI_4390.npy,57,225
Home,Pen,MVI_4906,Landmark_Data/Home/Pen/MVI_4906.npy,52,225
Home,Pen,MVI_4907,Landmark_Data/Home/Pen/MVI_4907.npy,48,225
Home,Pen,MVI_4908,Landmark_Data/Home/Pen/MVI_4908.npy,58,225
Home,Pen,MVI_8791,Landmark_Data/Home/Pen/MVI_8791.npy,57,225
Home,Pen,MVI_8793,Landmark_Data/Home/Pen/MVI_8793.npy,69,225
Home,Pen,MVI_8794,Landmark_Data/Home/Pen/MVI_8794.npy,63,225
Home,Pen,MVI_8795,Landmark_Data/Home/Pen/MVI_8795.npy,62,225
Home,Pen,MVI_9032,Landmark_Data/Home/Pen/MVI_9032.npy,63,225
Home,Pen,MVI_9033,Landmark_Data/Home/Pen/MVI_9033.npy,68,225
Home,Pen,MVI_9034,Landmark_Data/Home/Pen/MVI_9034.npy,59,225
Home,Pencil,MVI_4383,Landmark_Data/Home/Pencil/MVI_4383.npy,65,225
Home,Pencil,MVI_4384,Landmark_Data/Home/Pencil/MVI_4384.npy,54,225
Home,Pencil,MVI_4385,Landmark_Data/Home/Pencil/MVI_4385.npy,52,225
Home,Pencil,MVI_4386,Landmark_Data/Home/Pencil/MVI_4386.npy,53,225
Home,Pencil,MVI_4903,Landmark_Data/Home/Pencil/MVI_4903.npy,52,225
Home,Pencil,MVI_4904,Landmark_Data/Home/Pencil/MVI_4904.npy,53,225
Home,Pencil,MVI_4905,Landmark_Data/Home/Pencil/MVI_4905.npy,55,225
Home,Pencil,MVI_8786,Landmark_Data/Home/Pencil/MVI_8786.npy,66,225
Home,Pencil,MVI_8787,Landmark_Data/Home/Pencil/MVI_8787.npy,61,225
Home,Pencil,MVI_8788,Landmark_Data/Home/Pencil/MVI_8788.npy,59,225
Home,Pencil,MVI_8789,Landmark_Data/Home/Pencil/MVI_8789.npy,63,225
Home,Pencil,MVI_9029,Landmark_Data/Home/Pencil/MVI_9029.npy,63,225
Home,Pencil,MVI_9030,Landmark_Data/Home/Pencil/MVI_9030.npy,58,225
Home,Pencil,MVI_9031,Landmark_Data/Home/Pencil/MVI_9031.npy,65,225
Home,Photograph,MVI_4391,Landmark_Data/Home/Photograph/MVI_4391.npy,62,225
Home,Photograph,MVI_4392,Landmark_Data/Home/Photograph/MVI_4392.npy,61,225
Home,Photograph,MVI_4393,Landmark_Data/Home/Photograph/MVI_4393.npy,66,225
Home,Photograph,MVI_4394,Landmark_Data/Home/Photograph/MVI_4394.npy,60,225
Home,Photograph,MVI_4909,Landmark_Data/Home/Photograph/MVI_4909.npy,59,225
Home,Photograph,MVI_4910,Landmark_Data/Home/Photograph/MVI_4910.npy,58,225
Home,Photograph,MVI_4911,Landmark_Data/Home/Photograph/MVI_4911.npy,60,225
Home,Photograph,MVI_8796,Landmark_Data/Home/Photograph/MVI_8796.npy,75,225
Home,Photograph,MVI_8797,Landmark_Data/Home/Photograph/MVI_8797.npy,82,225
Home,Photograph,MVI_8798,Landmark_Data/Home/Photograph/MVI_8798.npy,69,225
Home,Photograph,MVI_8799,Landmark_Data/Home/Photograph/MVI_8799.npy,75,225
Home,Photograph,MVI_9035,Landmark_Data/Home/Photograph/MVI_9035.npy,65,225
Home,Photograph,MVI_9036,Landmark_Data/Home/Photograph/MVI_9036.npy,72,225
Home,Photograph,MVI_9037,Landmark_Data/Home/Photograph/MVI_9037.npy,73,225
Home,Ring,MVI_4449,Landmark_Data/Home/Ring/MVI_4449.npy,50,225
Home,Ring,MVI_4450,Landmark_Data/Home/Ring/MVI_4450.npy,54,225
Home,Ring,MVI_4451,Landmark_Data/Home/Ring/MVI_4451.npy,53,225
Home,Ring,MVI_4452,Landmark_Data/Home/Ring/MVI_4452.npy,51,225
Home,Ring,MVI_4953,Landmark_Data/Home/Ring/MVI_4953.npy,56,225
Home,Ring,MVI_4954,Landmark_Data/Home/Ring/MVI_4954.npy,55,225
Home,Ring,MVI_4955,Landmark_Data/Home/Ring/MVI_4955.npy,54,225
Home,Ring,MVI_8856,Landmark_Data/Home/Ring/MVI_8856.npy,87,225
Home,Ring,MVI_8857,Landmark_Data/Home/Ring/MVI_8857.npy,82,225
Home,Ring,MVI_8858,Landmark_Data/Home/Ring/MVI_8858.npy,70,225
Home,Ring,MVI_8859,Landmark_Data/Home/Ring/MVI_8859.npy,61,225
Home,Ring,MVI_9085,Landmark_Data/Home/Ring/MVI_9085.npy,70,225
Home,Ring,MVI_9086,Landmark_Data/Home/Ring/MVI_9086.npy,67,225
Home,Ring,MVI_9087,Landmark_Data/Home/Ring/MVI_9087.npy,65,225
Home,Soap,MVI_4395,Landmark_Data/Home/Soap/MVI_4395.npy,51,225
Home,Soap,MVI_4396,Landmark_Data/Home/Soap/MVI_4396.npy,50,225
Home,Soap,MVI_4397,Landmark_Data/Home/Soap/MVI_4397.npy,54,225
Home,Soap,MVI_4398,Landmark_Data/Home/Soap/MVI_4398.npy,54,225
Home,Soap,MVI_4912,Landmark_Data/Home/Soap/MVI_4912.npy,55,225
Home,Soap,MVI_4913,Landmark_Data/Home/Soap/MVI_4913.npy,56,225
Home,Soap,MVI_4914,Landmark_Data/Home/Soap/MVI_4914.npy,46,225
Home,Soap,MVI_8800,Landmark_Data/Home/Soap/MVI_8800.npy,75,225
Home,Soap,MVI_8801,Landmark_Data/Home/Soap/MVI_8801.npy,62,225
Home,Soap,MVI_8802,Landmark_Data/Home/Soap/MVI_8802.npy,61,225
Home,Soap,MVI_8803,Landmark_Data/Home/Soap/MVI_8803.npy,72,225
Home,Soap,MVI_9038,Landmark_Data/Home/Soap/MVI_9038.npy,70,225
Home,Soap,MVI_9039,Landmark_Data/Home/Soap/MVI_9039.npy,72,225
Home,Soap,MVI_9040,Landmark_Data/Home/Soap/MVI_9040.npy,73,225
Home,Telephone,MVI_4428,Landmark_Data/Home/Telephone/MVI_4428.npy,41,225
Home,Telephone,MVI_4429,Landmark_Data/Home/Telephone/MVI_4429.npy,45,225
Home,Telephone,MVI_4430,Landmark_Data/Home/Telephone/MVI_4430.npy,44,225
Home,Telephone,MVI_4431,Landmark_Data/Home/Telephone/MVI_4431.npy,46,225
Home,Telephone,MVI_4938,Landmark_Data/Home/Telephone/MVI_4938.npy,59,225
Home,Telephone,MVI_4939,Landmark_Data/Home/Telephone/MVI_4939.npy,53,225
Home,Telephone,MVI_4940,Landmark_Data/Home/Telephone/MVI_4940.npy,48,225
Home,Telephone,MVI_8834,Landmark_Data/Home/Telephone/MVI_8834.npy,60,225
Home,Telephone,MVI_8835,Landmark_Data/Home/Telephone/MVI_8835.npy,59,225
Home,Telephone,MVI_8836,Landmark_Data/Home/Telephone/MVI_8836.npy,58,225
Home,Telephone,MVI_8837,Landmark_Data/Home/Telephone/MVI_8837.npy,67,225
Home,Telephone,MVI_9070,Landmark_Data/Home/Telephone/MVI_9070.npy,84,225
Home,Telephone,MVI_9071,Landmark_Data/Home/Telephone/MVI_9071.npy,71,225
Home,Telephone,MVI_9072,Landmark_Data/Home/Telephone/MVI_9072.npy,63,225
Home,Tool,MVI_4453,Landmark_Data/Home/Tool/MVI_4453.npy,64,225
Home,Tool,MVI_4454,Landmark_Data/Home/Tool/MVI_4454.npy,66,225
Home,Tool,MVI_4455,Landmark_Data/Home/Tool/MVI_4455.npy,71,225
Home,Tool,MVI_4456,Landmark_Data/Home/Tool/MVI_4456.npy,64,225
Home,Tool,MVI_4956,Landmark_Data/Home/Tool/MVI_4956.npy,59,225
Home,Tool,MVI_4957,Landmark_Data/Home/Tool/MVI_4957.npy,68,225
Home,Tool,MVI_4958,Landmark_Data/Home/Tool/MVI_4958.npy,62,225
Home,Tool,MVI_8860,Landmark_Data/Home/Tool/MVI_8860.npy,95,225
Home,Tool,MVI_8861,Landmark_Data/Home/Tool/MVI_8861.npy,82,225
Home,Tool,MVI_8862,Landmark_Data/Home/Tool/MVI_8862.npy,92,225
Home,Tool,MVI_8863,Landmark_Data/Home/Tool/MVI_8863.npy,86,225
Home,Tool,MVI_9088,Landmark_Data/Home/Tool/MVI_9088.npy,71,225
Home,Tool,MVI_9089,Landmark_Data/Home/Tool/MVI_9089.npy,70,225
Home,Tool,MVI_9090,Landmark_Data/Home/Tool/MVI_9090.npy,72,225
Electronics,Camera,MVI_4553,Landmark_Data/Electronics/Camera/MVI_4553.npy,49,225
Electronics,Camera,MVI_4554,Landmark_Data/Electronics/Camera/MVI_4554.npy,49,225
Electronics,Camera,MVI_4555,Landmark_Data/Electronics/Camera/MVI_4555.npy,52,225
Electronics,Camera,MVI_4556,Landmark_Data/Electronics/Camera/MVI_4556.npy,47,225
Electronics,Camera,MVI_4979,Landmark_Data/Electronics/Camera/MVI_4979.npy,47,225
Electronics,Camera,MVI_4980,Landmark_Data/Electronics/Camera/MVI_4980.npy,47,225
Electronics,Camera,MVI_4981,Landmark_Data/Electronics/Camera/MVI_4981.npy,53,225
Electronics,Camera,MVI_5407,Landmark_Data/Electronics/Camera/MVI_5407.npy,51,225
Electronics,Camera,MVI_5408,Landmark_Data/Electronics/Camera/MVI_5408.npy,52,225
Electronics,Camera,MVI_5409,Landmark_Data/Electronics/Camera/MVI_5409.npy,61,225
Electronics,Camera,MVI_5410,Landmark_Data/Electronics/Camera/MVI_5410.npy,65,225
Electronics,Camera,MVI_9113,Landmark_Data/Electronics/Camera/MVI_9113.npy,67,225
Electronics,Camera,MVI_9114,Landmark_Data/Electronics/Camera/MVI_9114.npy,64,225
Electronics,Camera,MVI_9115,Landmark_Data/Electronics/Camera/MVI_9115.npy,57,225
Electronics,Cell phone,MVI_4537,Landmark_Data/Electronics/Cell phone/MVI_4537.npy,48,225
Electronics,Cell phone,MVI_4538,Landmark_Data/Electronics/Cell phone/MVI_4538.npy,47,225
Electronics,Cell phone,MVI_4539,Landmark_Data/Electronics/Cell phone/MVI_4539.npy,53,225
Electronics,Cell phone,MVI_4540,Landmark_Data/Electronics/Cell phone/MVI_4540.npy,45,225
Electronics,Cell phone,MVI_4967,Landmark_Data/Electronics/Cell phone/MVI_4967.npy,55,225
Electronics,Cell phone,MVI_4968,Landmark_Data/Electronics/Cell phone/MVI_4968.npy,59,225
Electronics,Cell phone,MVI_4969,Landmark_Data/Electronics/Cell phone/MVI_4969.npy,68,225
Electronics,Cell phone,MVI_5391,Landmark_Data/Electronics/Cell phone/MVI_5391.npy,46,225
Electronics,Cell phone,MVI_5392,Landmark_Data/Electronics/Cell phone/MVI_5392.npy,53,225
Electronics,Cell phone,MVI_5393,Landmark_Data/Electronics/Cell phone/MVI_5393.npy,53,225
Electronics,Cell phone,MVI_5394,Landmark_Data/Electronics/Cell phone/MVI_5394.npy,60,225
Electronics,Cell phone,MVI_9100,Landmark_Data/Electronics/Cell phone/MVI_9100.npy,73,225
Electronics,Cell phone,MVI_9101,Landmark_Data/Electronics/Cell phone/MVI_9101.npy,69,225
Electronics,Cell phone,MVI_9102,Landmark_Data/Electronics/Cell phone/MVI_9102.npy,62,225
Electronics,Clock,MVI_4524,Landmark_Data/Electronics/Clock/MVI_4524.npy,79,225
Electronics,Clock,MVI_4525,Landmark_Data/Electronics/Clock/MVI_4525.npy,102,225
Electronics,Clock,MVI_4526,Landmark_Data/Electronics/Clock/MVI_4526.npy,85,225
Electronics,Clock,MVI_4527,Landmark_Data/Electronics/Clock/MVI_4527.npy,90,225
Electronics,Clock,MVI_4959,Landmark_Data/Electronics/Clock/MVI_4959.npy,58,225
Electronics,Clock,MVI_4960,Landmark_Data/Electronics/Clock/MVI_4960.npy,57,225
Electronics,Clock,MVI_5379,Landmark_Data/Electronics/Clock/MVI_5379.npy,57,225
Electronics,Clock,MVI_5380,Landmark_Data/Electronics/Clock/MVI_5380.npy,63,225
Electronics,Clock,MVI_5381,Landmark_Data/Electronics/Clock/MVI_5381.npy,59,225
Electronics,Clock,MVI_5382,Landmark_Data/Electronics/Clock/MVI_5382.npy,74,225
Electronics,Clock,MVI_9091,Landmark_Data/Electronics/Clock/MVI_9091.npy,81,225
Electronics,Clock,MVI_9092,Landmark_Data/Electronics/Clock/MVI_9092.npy,82,225
Electronics,Clock,MVI_9093,Landmark_Data/Electronics/Clock/MVI_9093.npy,84,225
Electronics,Computer,MVI_4541,Landmark_Data/Electronics/Computer/MVI_4541.npy,80,225
Electronics,Computer,MVI_4542,Landmark_Data/Electronics/Computer/MVI_4542.npy,79,225
Electronics,Computer,MVI_4543,Landmark_Data/Electronics/Computer/MVI_4543.npy,69,225
Electronics,Computer,MVI_4544,Landmark_Data/Electronics/Computer/MVI_4544.npy,78,225
Electronics,Computer,MVI_4970,Landmark_Data/Electronics/Computer/MVI_4970.npy,63,225
Electronics,Computer,MVI_4971,Landmark_Data/Electronics/Computer/MVI_4971.npy,55,225
Electronics,Computer,MVI_4972,Landmark_Data/Electronics/Computer/MVI_4972.npy,68,225
Electronics,Computer,MVI_5395,Landmark_Data/Electronics/Computer/MVI_5395.npy,65,225
Electronics,Computer,MVI_5396,Landmark_Data/Electronics/Computer/MVI_5396.npy,67,225
Electronics,Computer,MVI_5397,Landmark_Data/Electronics/Computer/MVI_5397.npy,69,225
Electronics,Computer,MVI_5398,Landmark_Data/Electronics/Computer/MVI_5398.npy,67,225
Electronics,Computer,MVI_9103,Landmark_Data/Electronics/Computer/MVI_9103.npy,86,225
Electronics,Computer,MVI_9104,Landmark_Data/Electronics/Computer/MVI_9104.npy,85,225
Electronics,Computer,MVI_9105,Landmark_Data/Electronics/Computer/MVI_9105.npy,97,225
Electronics,Fan,MVI_4532,Landmark_Data/Electronics/Fan/MVI_4532.npy,78,225
Electronics,Fan,MVI_4533,Landmark_Data/Electronics/Fan/MVI_4533.npy,65,225
Electronics,Fan,MVI_4534,Landmark_Data/Electronics/Fan/MVI_4534.npy,59,225
Electronics,Fan,MVI_4535,Landmark_Data/Electronics/Fan/MVI_4535.npy,58,225
Electronics,Fan,MVI_4536,Landmark_Data/Electronics/Fan/MVI_4536.npy,64,225
Electronics,Fan,MVI_4964,Landmark_Data/Electronics/Fan/MVI_4964.npy,53,225
Electronics,Fan,MVI_4965,Landmark_Data/Electronics/Fan/MVI_4965.npy,56,225
Electronics,Fan,MVI_4966,Landmark_Data/Electronics/Fan/MVI_4966.npy,53,225
Electronics,Fan,MVI_5387,Landmark_Data/Electronics/Fan/MVI_5387.npy,56,225
Electronics,Fan,MVI_5388,Landmark_Data/Electronics/Fan/MVI_5388.npy,53,225
Electronics,Fan,MVI_5389,Landmark_Data/Electronics/Fan/MVI_5389.npy,55,225
Electronics,Fan,MVI_5390,Landmark_Data/Electronics/Fan/MVI_5390.npy,57,225
Electronics,Fan,MVI_9097,Landmark_Data/Electronics/Fan/MVI_9097.npy,78,225
Electronics,Fan,MVI_9098,Landmark_Data/Electronics/Fan/MVI_9098.npy,71,225
Electronics,Fan,MVI_9099,Landmark_Data/Electronics/Fan/MVI_9099.npy,87,225
Electronics,Lamp,MVI_4528,Landmark_Data/Electronics/Lamp/MVI_4528.npy,78,225
Electronics,Lamp,MVI_4529,Landmark_Data/Electronics/Lamp/MVI_4529.npy,50,225
Electronics,Lamp,MVI_4530,Landmark_Data/Electronics/Lamp/MVI_4530.npy,55,225
Electronics,Lamp,MVI_4531,Landmark_Data/Electronics/Lamp/MVI_4531.npy,93,225
Electronics,Lamp,MVI_4961,Landmark_Data/Electronics/Lamp/MVI_4961.npy,59,225
Electronics,Lamp,MVI_4962,Landmark_Data/Electronics/Lamp/MVI_4962.npy,60,225
Electronics,Lamp,MVI_4963,Landmark_Data/Electronics/Lamp/MVI_4963.npy,54,225
Electronics,Lamp,MVI_5383,Landmark_Data/Electronics/Lamp/MVI_5383.npy,52,225
Electronics,Lamp,MVI_5384,Landmark_Data/Electronics/Lamp/MVI_5384.npy,54,225
Electronics,Lamp,MVI_5385,Landmark_Data/Electronics/Lamp/MVI_5385.npy,53,225
Electronics,Lamp,MVI_5386,Landmark_Data/Electronics/Lamp/MVI_5386.npy,57,225
Electronics,Lamp,MVI_9094,Landmark_Data/Electronics/Lamp/MVI_9094.npy,62,225
Electronics,Lamp,MVI_9095,Landmark_Data/Electronics/Lamp/MVI_9095.npy,76,225
Electronics,Lamp,MVI_9096,Landmark_Data/Electronics/Lamp/MVI_9096.npy,73,225
Electronics,Laptop,MVI_4545,Landmark_Data/Electronics/Laptop/MVI_4545.npy,64,225
Electronics,Laptop,MVI_4546,Landmark_Data/Electronics/Laptop/MVI_4546.npy,74,225
Electronics,Laptop,MVI_4547,Landmark_Data/Electronics/Laptop/MVI_4547.npy,75,225
Electronics,Laptop,MVI_4548,Landmark_Data/Electronics/Laptop/MVI_4548.npy,73,225
Electronics,Laptop,MVI_4973,Landmark_Data/Electronics/Laptop/MVI_4973.npy,62,225
Electronics,Laptop,MVI_4974,Landmark_Data/Electronics/Laptop/MVI_4974.npy,56,225
Electronics,Laptop,MVI_4975,Landmark_Data/Electronics/Laptop/MVI_4975.npy,52,225
Electronics,Laptop,MVI_5399,Landmark_Data/Electronics/Laptop/MVI_5399.npy,60,225
Electronics,Laptop,MVI_5400,Landmark_Data/Electronics/Laptop/MVI_5400.npy,55,225
Electronics,Laptop,MVI_5401,Landmark_Data/Electronics/Laptop/MVI_5401.npy,61,225
Electronics,Laptop,MVI_5402,Landmark_Data/Electronics/Laptop/MVI_5402.npy,61,225
Electronics,Laptop,MVI_9106,Landmark_Data/Electronics/Laptop/MVI_9106.npy,91,225
Electronics,Laptop,MVI_9107,Landmark_Data/Electronics/Laptop/MVI_9107.npy,80,225
Electronics,Laptop,MVI_9108,Landmark_Data/Electronics/Laptop/MVI_9108.npy,84,225
Electronics,Radio,MVI_4561,Landmark_Data/Electronics/Radio/MVI_4561.npy,64,225
Electronics,Radio,MVI_4562,Landmark_Data/Electronics/Radio/MVI_4562.npy,52,225
Electronics,Radio,MVI_4563,Landmark_Data/Electronics/Radio/MVI_4563.npy,55,225
Electronics,Radio,MVI_4564,Landmark_Data/Electronics/Radio/MVI_4564.npy,59,225
Electronics,Radio,MVI_4987,Landmark_Data/Electronics/Radio/MVI_4987.npy,47,225
Electronics,Radio,MVI_4988,Landmark_Data/Electronics/Radio/MVI_4988.npy,46,225
Electronics,Radio,MVI_4989,Landmark_Data/Electronics/Radio/MVI_4989.npy,46,225
Electronics,Radio,MVI_5416,Landmark_Data/Electronics/Radio/MVI_5416.npy,53,225
Electronics,Radio,MVI_5417,Landmark_Data/Electronics/Radio/MVI_5417.npy,56,225
Electronics,Radio,MVI_5418,Landmark_Data/Electronics/Radio/MVI_5418.npy,52,225
Electronics,Radio,MVI_5419,Landmark_Data/Electronics/Radio/MVI_5419.npy,52,225
Electronics,Radio,MVI_9119,Landmark_Data/Electronics/Radio/MVI_9119.npy,58,225
Electronics,Radio,MVI_9120,Landmark_Data/Electronics/Radio/MVI_9120.npy,55,225
Electronics,Radio,MVI_9121,Landmark_Data/Electronics/Radio/MVI_9121.npy,56,225
Electronics,Screen,MVI_4549,Landmark_Data/Electronics/Screen/MVI_4549.npy,67,225
Electronics,Screen,MVI_4550,Landmark_Data/Electronics/Screen/MVI_4550.npy,71,225
Electronics,Screen,MVI_4551,Landmark_Data/Electronics/Screen/MVI_4551.npy,66,225
Electronics,Screen,MVI_4552,Landmark_Data/Electronics/Screen/MVI_4552.npy,67,225
Electronics,Screen,MVI_4976,Landmark_Data/Electronics/Screen/MVI_4976.npy,59,225
Electronics,Screen,MVI_4977,Landmark_Data/Electronics/Screen/MVI_4977.npy,61,225
Electronics,Screen,MVI_4978,Landmark_Data/Electronics/Screen/MVI_4978.npy,57,225
Electronics,Screen,MVI_5403,Landmark_Data/Electronics/Screen/MVI_5403.npy,63,225
Electronics,Screen,MVI_5404,Landmark_Data/Electronics/Screen/MVI_5404.npy,65,225
Electronics,Screen,MVI_5405,Landmark_Data/Electronics/Screen/MVI_5405.npy,62,225
Electronics,Screen,MVI_5406,Landmark_Data/Electronics/Screen/MVI_5406.npy,63,225
Electronics,Screen,MVI_9110,Landmark_Data/Electronics/Screen/MVI_9110.npy,68,225
Electronics,Screen,MVI_9111,Landmark_Data/Electronics/Screen/MVI_9111.npy,72,225
Electronics,Screen,MVI_9112,Landmark_Data/Electronics/Screen/MVI_9112.npy,63,225
Electronics,Television,MVI_4557,Landmark_Data/Electronics/Television/MVI_4557.npy,58,225
Electronics,Television,MVI_4558,Landmark_Data/Electronics/Television/MVI_4558.npy,58,225
Electronics,Television,MVI_4559,Landmark_Data/Electronics/Television/MVI_4559.npy,47,225
Electronics,Television,MVI_4560,Landmark_Data/Electronics/Television/MVI_4560.npy,67,225
Electronics,Television,MVI_4982,Landmark_Data/Electronics/Television/MVI_4982.npy,52,225
Electronics,Television,MVI_4985,Landmark_Data/Electronics/Television/MVI_4985.npy,57,225
Electronics,Television,MVI_4986,Landmark_Data/Electronics/Television/MVI_4986.npy,49,225
Electronics,Television,MVI_5412,Landmark_Data/Electronics/Television/MVI_5412.npy,44,225
Electronics,Television,MVI_5413,Landmark_Data/Electronics/Television/MVI_5413.npy,55,225
Electronics,Television,MVI_5414,Landmark_Data/Electronics/Television/MVI_5414.npy,54,225
Electronics,Television,MVI_5415,Landmark_Data/Electronics/Television/MVI_5415.npy,51,225
Electronics,Television,MVI_9116,Landmark_Data/Electronics/Television/MVI_9116.npy,58,225
Electronics,Television,MVI_9117,Landmark_Data/Electronics/Television/MVI_9117.npy,60,225
Electronics,Television,MVI_9118,Landmark_Data/Electronics/Television/MVI_9118.npy,59,225
Jobs,Actor,MVI_4516,Landmark_Data/Jobs/Actor/MVI_4516.npy,67,225
Jobs,Actor,MVI_4517,Landmark_Data/Jobs/Actor/MVI_4517.npy,71,225
Jobs,Actor,MVI_4518,Landmark_Data/Jobs/Actor/MVI_4518.npy,64,225
Jobs,Actor,MVI_4519,Landmark_Data/Jobs/Actor/MVI_4519.npy,67,225
Jobs,Actor,MVI_4791,Landmark_Data/Jobs/Actor/MVI_4791.npy,74,225
Jobs,Actor,MVI_4792,Landmark_Data/Jobs/Actor/MVI_4792.npy,80,225
Jobs,Actor,MVI_4793,Landmark_Data/Jobs/Actor/MVI_4793.npy,78,225
Jobs,Actor,MVI_5371,Landmark_Data/Jobs/Actor/MVI_5371.npy,72,225
Jobs,Actor,MVI_5372,Landmark_Data/Jobs/Actor/MVI_5372.npy,78,225
Jobs,Actor,MVI_5373,Landmark_Data/Jobs/Actor/MVI_5373.npy,73,225
Jobs,Actor,MVI_5374,Landmark_Data/Jobs/Actor/MVI_5374.npy,66,225
Jobs,Actor,MVI_8921,Landmark_Data/Jobs/Actor/MVI_8921.npy,77,225
Jobs,Actor,MVI_8922,Landmark_Data/Jobs/Actor/MVI_8922.npy,76,225
Jobs,Actor,MVI_8923,Landmark_Data/Jobs/Actor/MVI_8923.npy,79,225
Jobs,Artist,MVI_4500,Landmark_Data/Jobs/Artist/MVI_4500.npy,69,225
Jobs,Artist,MVI_4501,Landmark_Data/Jobs/Artist/MVI_4501.npy,76,225
Jobs,Artist,MVI_4502,Landmark_Data/Jobs/Artist/MVI_4502.npy,80,225
Jobs,Artist,MVI_4503,Landmark_Data/Jobs/Artist/MVI_4503.npy,76,225
Jobs,Artist,MVI_4779,Landmark_Data/Jobs/Artist/MVI_4779.npy,63,225
Jobs,Artist,MVI_4780,Landmark_Data/Jobs/Artist/MVI_4780.npy,65,225
Jobs,Artist,MVI_4781,Landmark_Data/Jobs/Artist/MVI_4781.npy,70,225
Jobs,Artist,MVI_5354,Landmark_Data/Jobs/Artist/MVI_5354.npy,59,225
Jobs,Artist,MVI_5355,Landmark_Data/Jobs/Artist/MVI_5355.npy,63,225
Jobs,Artist,MVI_5356,Landmark_Data/Jobs/Artist/MVI_5356.npy,65,225
Jobs,Artist,MVI_5357,Landmark_Data/Jobs/Artist/MVI_5357.npy,55,225
Jobs,Artist,MVI_8896,Landmark_Data/Jobs/Artist/MVI_8896.npy,69,225
Jobs,Artist,MVI_8897,Landmark_Data/Jobs/Artist/MVI_8897.npy,64,225
Jobs,Artist,MVI_8898,Landmark_Data/Jobs/Artist/MVI_8898.npy,67,225
Jobs,Author,MVI_4504,Landmark_Data/Jobs/Author/MVI_4504.npy,110,225
Jobs,Author,MVI_4505,Landmark_Data/Jobs/Author/MVI_4505.npy,128,225
Jobs,Author,MVI_4506,Landmark_Data/Jobs/Author/MVI_4506.npy,118,225
Jobs,Author,MVI_4507,Landmark_Data/Jobs/Author/MVI_4507.npy,112,225
Jobs,Author,MVI_4782,Landmark_Data/Jobs/Author/MVI_4782.npy,122,225
Jobs,Author,MVI_4783,Landmark_Data/Jobs/Author/MVI_4783.npy,98,225
Jobs,Author,MVI_4784,Landmark_Data/Jobs/Author/MVI_4784.npy,110,225
Jobs,Author,MVI_5358,Landmark_Data/Jobs/Author/MVI_5358.npy,118,225
Jobs,Author,MVI_5359,Landmark_Data/Jobs/Author/MVI_5359.npy,104,225
Jobs,Author,MVI_5360,Landmark_Data/Jobs/Author/MVI_5360.npy,104,225
Jobs,Author,MVI_5361,Landmark_Data/Jobs/Author/MVI_5361.npy,102,225
Jobs,Author,MVI_8911,Landmark_Data/Jobs/Author/MVI_8911.npy,111,225
Jobs,Author,MVI_8912,Landmark_Data/Jobs/Author/MVI_8912.npy,101,225
Jobs,Author,MVI_8913,Landmark_Data/Jobs/Author/MVI_8913.npy,91,225
Jobs,Doctor,MVI_4470,Landmark_Data/Jobs/Doctor/MVI_4470.npy,57,225
Jobs,Doctor,MVI_4471,Landmark_Data/Jobs/Doctor/MVI_4471.npy,68,225
Jobs,Doctor,MVI_4472,Landmark_Data/Jobs/Doctor/MVI_4472.npy,60,225
Jobs,Doctor,MVI_4473,Landmark_Data/Jobs/Doctor/MVI_4473.npy,67,225
Jobs,Doctor,MVI_4754,Landmark_Data/Jobs/Doctor/MVI_4754.npy,61,225
Jobs,Doctor,MVI_4755,Landmark_Data/Jobs/Doctor/MVI_4755.npy,57,225
Jobs,Doctor,MVI_4757,Landmark_Data/Jobs/Doctor/MVI_4757.npy,57,225
Jobs,Doctor,MVI_5322,Landmark_Data/Jobs/Doctor/MVI_5322.npy,50,225
Jobs,Doctor,MVI_5323,Landmark_Data/Jobs/Doctor/MVI_5323.npy,51,225
Jobs,Doctor,MVI_5324,Landmark_Data/Jobs/Doctor/MVI_5324.npy,46,225
Jobs,Doctor,MVI_5325,Landmark_Data/Jobs/Doctor/MVI_5325.npy,46,225
Jobs,Doctor,MVI_8874,Landmark_Data/Jobs/Doctor/MVI_8874.npy,62,225
Jobs,Doctor,MVI_8875,Landmark_Data/Jobs/Doctor/MVI_8875.npy,58,225
Jobs,Doctor,MVI_8876,Landmark_Data/Jobs/Doctor/MVI_8876.npy,79,225
Jobs,Job,MVI_4520,Landmark_Data/Jobs/Job/MVI_4520.npy,56,225
Jobs,Job,MVI_4521,Landmark_Data/Jobs/Job/MVI_4521.npy,66,225
Jobs,Job,MVI_4522,Landmark_Data/Jobs/Job/MVI_4522.npy,64,225
Jobs,Job,MVI_4523,Landmark_Data/Jobs/Job/MVI_4523.npy,72,225
Jobs,Job,MVI_4794,Landmark_Data/Jobs/Job/MVI_4794.npy,66,225
Jobs,Job,MVI_4795,Landmark_Data/Jobs/Job/MVI_4795.npy,56,225
Jobs,Job,MVI_4796,Landmark_Data/Jobs/Job/MVI_4796.npy,71,225
Jobs,Job,MVI_5375,Landmark_Data/Jobs/Job/MVI_5375.npy,46,225
Jobs,Job,MVI_5376,Landmark_Data/Jobs/Job/MVI_5376.npy,61,225
Jobs,Job,MVI_5377,Landmark_Data/Jobs/Job/MVI_5377.npy,61,225
Jobs,Job,MVI_5378,Landmark_Data/Jobs/Job/MVI_5378.npy,61,225
Jobs,Job,MVI_8924,Landmark_Data/Jobs/Job/MVI_8924.npy,62,225
Jobs,Job,MVI_8925,Landmark_Data/Jobs/Job/MVI_8925.npy,69,225
Jobs,Job,MVI_8926,Landmark_Data/Jobs/Job/MVI_8926.npy,65,225
Jobs,Lawyer,MVI_4466,Landmark_Data/Jobs/Lawyer/MVI_4466.npy,68,225
Jobs,Lawyer,MVI_4467,Landmark_Data/Jobs/Lawyer/MVI_4467.npy,73,225
Jobs,Lawyer,MVI_4468,Landmark_Data/Jobs/Lawyer/MVI_4468.npy,59,225
Jobs,Lawyer,MVI_4469,Landmark_Data/Jobs/Lawyer/MVI_4469.npy,57,225
Jobs,Lawyer,MVI_4750,Landmark_Data/Jobs/Lawyer/MVI_4750.npy,56,225
Jobs,Lawyer,MVI_4752,Landmark_Data/Jobs/Lawyer/MVI_4752.npy,63,225
Jobs,Lawyer,MVI_4753,Landmark_Data/Jobs/Lawyer/MVI_4753.npy,60,225
Jobs,Lawyer,MVI_5318,Landmark_Data/Jobs/Lawyer/MVI_5318.npy,47,225
Jobs,Lawyer,MVI_5319,Landmark_Data/Jobs/Lawyer/MVI_5319.npy,48,225
Jobs,Lawyer,MVI_5320,Landmark_Data/Jobs/Lawyer/MVI_5320.npy,47,225
Jobs,Lawyer,MVI_5321,Landmark_Data/Jobs/Lawyer/MVI_5321.npy,54,225
Jobs,Lawyer,MVI_8871,Landmark_Data/Jobs/Lawyer/MVI_8871.npy,62,225
Jobs,Lawyer,MVI_8872,Landmark_Data/Jobs/Lawyer/MVI_8872.npy,52,225
Jobs,Lawyer,MVI_8873,Landmark_Data/Jobs/Lawyer/MVI_8873.npy,60,225
Jobs,Manager,MVI_4508,Landmark_Data/Jobs/Manager/MVI_4508.npy,100,225
Jobs,Manager,MVI_4509,Landmark_Data/Jobs/Manager/MVI_4509.npy,91,225
Jobs,Manager,MVI_4510,Landmark_Data/Jobs/Manager/MVI_4510.npy,104,225
Jobs,Manager,MVI_4511,Landmark_Data/Jobs/Manager/MVI_4511.npy,85,225
Jobs,Manager,MVI_4785,Landmark_Data/Jobs/Manager/MVI_4785.npy,80,225
Jobs,Manager,MVI_4786,Landmark_Data/Jobs/Manager/MVI_4786.npy,79,225
Jobs,Manager,MVI_4787,Landmark_Data/Jobs/Manager/MVI_4787.npy,83,225
Jobs,Manager,MVI_5362,Landmark_Data/Jobs/Manager/MVI_5362.npy,97,225
Jobs,Manager,MVI_5363,Landmark_Data/Jobs/Manager/MVI_5363.npy,93,225
Jobs,Manager,MVI_5364,Landmark_Data/Jobs/Manager/MVI_5364.npy,87,225
Jobs,Manager,MVI_5365,Landmark_Data/Jobs/Manager/MVI_5365.npy,110,225
Jobs,Manager,MVI_8914,Landmark_Data/Jobs/Manager/MVI_8914.npy,73,225
Jobs,Manager,MVI_8915,Landmark_Data/Jobs/Manager/MVI_8915.npy,75,225
Jobs,Manager,MVI_8916,Landmark_Data/Jobs/Manager/MVI_8916.npy,83,225
Jobs,Patient,MVI_4474,Landmark_Data/Jobs/Patient/MVI_4474.npy,96,225
Jobs,Patient,MVI_4475,Landmark_Data/Jobs/Patient/MVI_4475.npy,73,225
Jobs,Patient,MVI_4476,Landmark_Data/Jobs/Patient/MVI_4476.npy,88,225
Jobs,Patient,MVI_4477,Landmark_Data/Jobs/Patient/MVI_4477.npy,92,225
Jobs,Patient,MVI_4758,Landmark_Data/Jobs/Patient/MVI_4758.npy,70,225
Jobs,Patient,MVI_4759,Landmark_Data/Jobs/Patient/MVI_4759.npy,62,225
Jobs,Patient,MVI_4760,Landmark_Data/Jobs/Patient/MVI_4760.npy,56,225
Jobs,Patient,MVI_5326,Landmark_Data/Jobs/Patient/MVI_5326.npy,55,225
Jobs,Patient,MVI_5327,Landmark_Data/Jobs/Patient/MVI_5327.npy,60,225
Jobs,Patient,MVI_5328,Landmark_Data/Jobs/Patient/MVI_5328.npy,62,225
Jobs,Patient,MVI_5329,Landmark_Data/Jobs/Patient/MVI_5329.npy,60,225
Jobs,Patient,MVI_8878,Landmark_Data/Jobs/Patient/MVI_8878.npy,67,225
Jobs,Patient,MVI_8879,Landmark_Data/Jobs/Patient/MVI_8879.npy,71,225
Jobs,Patient,MVI_8880,Landmark_Data/Jobs/Patient/MVI_8880.npy,80,225
Jobs,Police,MVI_4491,Landmark_Data/Jobs/Police/MVI_4491.npy,75,225
Jobs,Police,MVI_4492,Landmark_Data/Jobs/Police/MVI_4492.npy,60,225
Jobs,Police,MVI_4493,Landmark_Data/Jobs/Police/MVI_4493.npy,58,225
Jobs,Police,MVI_4494,Landmark_Data/Jobs/Police/MVI_4494.npy,51,225
Jobs,Police,MVI_4773,Landmark_Data/Jobs/Police/MVI_4773.npy,63,225
Jobs,Police,MVI_4774,Landmark_Data/Jobs/Police/MVI_4774.npy,58,225
Jobs,Police,MVI_4775,Landmark_Data/Jobs/Police/MVI_4775.npy,49,225
Jobs,Police,MVI_5346,Landmark_Data/Jobs/Police/MVI_5346.npy,52,225
Jobs,Police,MVI_5347,Landmark_Data/Jobs/Police/MVI_5347.npy,52,225
Jobs,Police,MVI_5348,Landmark_Data/Jobs/Police/MVI_5348.npy,51,225
Jobs,Police,MVI_5349,Landmark_Data/Jobs/Police/MVI_5349.npy,50,225
Jobs,Police,MVI_8890,Landmark_Data/Jobs/Police/MVI_8890.npy,56,225
Jobs,Police,MVI_8891,Landmark_Data/Jobs/Police/MVI_8891.npy,64,225
Jobs,Police,MVI_8892,Landmark_Data/Jobs/Police/MVI_8892.npy,62,225
Jobs,Priest,MVI_4486,Landmark_Data/Jobs/Priest/MVI_4486.npy,79,225
Jobs,Priest,MVI_4487,Landmark_Data/Jobs/Priest/MVI_4487.npy,64,225
Jobs,Priest,MVI_4488,Landmark_Data/Jobs/Priest/MVI_4488.npy,78,225
Jobs,Priest,MVI_4489,Landmark_Data/Jobs/Priest/MVI_4489.npy,60,225
Jobs,Priest,MVI_4490,Landmark_Data/Jobs/Priest/MVI_4490.npy,73,225
Jobs,Priest,MVI_4770,Landmark_Data/Jobs/Priest/MVI_4770.npy,61,225
Jobs,Priest,MVI_4771,Landmark_Data/Jobs/Priest/MVI_4771.npy,56,225
Jobs,Priest,MVI_4772,Landmark_Data/Jobs/Priest/MVI_4772.npy,49,225
Jobs,Priest,MVI_5342,Landmark_Data/Jobs/Priest/MVI_5342.npy,53,225
Jobs,Priest,MVI_5343,Landmark_Data/Jobs/Priest/MVI_5343.npy,53,225
Jobs,Priest,MVI_5344,Landmark_Data/Jobs/Priest/MVI_5344.npy,47,225
Jobs,Priest,MVI_5345,Landmark_Data/Jobs/Priest/MVI_5345.npy,45,225
Jobs,Priest,MVI_8887,Landmark_Data/Jobs/Priest/MVI_8887.npy,61,225
Jobs,Priest,MVI_8888,Landmark_Data/Jobs/Priest/MVI_8888.npy,63,225
Jobs,Priest,MVI_8889,Landmark_Data/Jobs/Priest/MVI_8889.npy,65,225
Jobs,Reporter,MVI_4512,Landmark_Data/Jobs/Reporter/MVI_4512.npy,83,225
Jobs,Reporter,MVI_4513,Landmark_Data/Jobs/Reporter/MVI_4513.npy,59,225
Jobs,Reporter,MVI_4514,Landmark_Data/Jobs/Reporter/MVI_4514.npy,64,225
Jobs,Reporter,MVI_4515,Landmark_Data/Jobs/Reporter/MVI_4515.npy,65,225
Jobs,Reporter,MVI_4788,Landmark_Data/Jobs/Reporter/MVI_4788.npy,72,225
Jobs,Reporter,MVI_4789,Landmark_Data/Jobs/Reporter/MVI_4789.npy,65,225
Jobs,Reporter,MVI_4790,Landmark_Data/Jobs/Reporter/MVI_4790.npy,62,225
Jobs,Reporter,MVI_5366,Landmark_Data/Jobs/Reporter/MVI_5366.npy,59,225
Jobs,Reporter,MVI_5367,Landmark_Data/Jobs/Reporter/MVI_5367.npy,52,225
Jobs,Reporter,MVI_5368,Landmark_Data/Jobs/Reporter/MVI_5368.npy,56,225
Jobs,Reporter,MVI_5369,Landmark_Data/Jobs/Reporter/MVI_5369.npy,60,225
Jobs,Reporter,MVI_8917,Landmark_Data/Jobs/Reporter/MVI_8917.npy,74,225
Jobs,Reporter,MVI_8918,Landmark_Data/Jobs/Reporter/MVI_8918.npy,70,225
Jobs,Reporter,MVI_8919,Landmark_Data/Jobs/Reporter/MVI_8919.npy,75,225
Jobs,Secretary,MVI_4482,Landmark_Data/Jobs/Secretary/MVI_4482.npy,69,225
Jobs,Secretary,MVI_4483,Landmark_Data/Jobs/Secretary/MVI_4483.npy,81,225
Jobs,Secretary,MVI_4484,Landmark_Data/Jobs/Secretary/MVI_4484.npy,79,225
Jobs,Secretary,MVI_4485,Landmark_Data/Jobs/Secretary/MVI_4485.npy,78,225
Jobs,Secretary,MVI_4767,Landmark_Data/Jobs/Secretary/MVI_4767.npy,78,225
Jobs,Secretary,MVI_4768,Landmark_Data/Jobs/Secretary/MVI_4768.npy,68,225
Jobs,Secretary,MVI_4769,Landmark_Data/Jobs/Secretary/MVI_4769.npy,62,225
Jobs,Secretary,MVI_5338,Landmark_Data/Jobs/Secretary/MVI_5338.npy,59,225
Jobs,Secretary,MVI_5339,Landmark_Data/Jobs/Secretary/MVI_5339.npy,64,225
Jobs,Secretary,MVI_5340,Landmark_Data/Jobs/Secretary/MVI_5340.npy,68,225
Jobs,Secretary,MVI_5341,Landmark_Data/Jobs/Secretary/MVI_5341.npy,62,225
Jobs,Secretary,MVI_8884,Landmark_Data/Jobs/Secretary/MVI_8884.npy,65,225
Jobs,Secretary,MVI_8885,Landmark_Data/Jobs/Secretary/MVI_8885.npy,69,225
Jobs,Secretary,MVI_8886,Landmark_Data/Jobs/Secretary/MVI_8886.npy,63,225
Jobs,Soldier,MVI_4495,Landmark_Data/Jobs/Soldier/MVI_4495.npy,68,225
Jobs,Soldier,MVI_4496,Landmark_Data/Jobs/Soldier/MVI_4496.npy,54,225
Jobs,Soldier,MVI_4497,Landmark_Data/Jobs/Soldier/MVI_4497.npy,56,225
Jobs,Soldier,MVI_4498,Landmark_Data/Jobs/Soldier/MVI_4498.npy,55,225
Jobs,Soldier,MVI_4776,Landmark_Data/Jobs/Soldier/MVI_4776.npy,58,225
Jobs,Soldier,MVI_4777,Landmark_Data/Jobs/Soldier/MVI_4777.npy,58,225
Jobs,Soldier,MVI_4778,Landmark_Data/Jobs/Soldier/MVI_4778.npy,57,225
Jobs,Soldier,MVI_5350,Landmark_Data/Jobs/Soldier/MVI_5350.npy,46,225
Jobs,Soldier,MVI_5351,Landmark_Data/Jobs/Soldier/MVI_5351.npy,49,225
Jobs,Soldier,MVI_5352,Landmark_Data/Jobs/Soldier/MVI_5352.npy,76,225
Jobs,Soldier,MVI_5353,Landmark_Data/Jobs/Soldier/MVI_5353.npy,42,225
Jobs,Soldier,MVI_8893,Landmark_Data/Jobs/Soldier/MVI_8893.npy,65,225
Jobs,Soldier,MVI_8894,Landmark_Data/Jobs/Soldier/MVI_8894.npy,57,225
Jobs,Soldier,MVI_8895,Landmark_Data/Jobs/Soldier/MVI_8895.npy,61,225
Jobs,Student,MVI_4462,Landmark_Data/Jobs/Student/MVI_4462.npy,87,225
Jobs,Student,MVI_4463,Landmark_Data/Jobs/Student/MVI_4463.npy,78,225
Jobs,Student,MVI_4464,Landmark_Data/Jobs/Student/MVI_4464.npy,94,225
Jobs,Student,MVI_4465,Landmark_Data/Jobs/Student/MVI_4465.npy,75,225
Jobs,Student,MVI_4747,Landmark_Data/Jobs/Student/MVI_4747.npy,69,225
Jobs,Student,MVI_4748,Landmark_Data/Jobs/Student/MVI_4748.npy,64,225
Jobs,Student,MVI_4749,Landmark_Data/Jobs/Student/MVI_4749.npy,61,225
Jobs,Student,MVI_5314,Landmark_Data/Jobs/Student/MVI_5314.npy,63,225
Jobs,Student,MVI_5315,Landmark_Data/Jobs/Student/MVI_5315.npy,58,225
Jobs,Student,MVI_5316,Landmark_Data/Jobs/Student/MVI_5316.npy,60,225
Jobs,Student,MVI_5317,Landmark_Data/Jobs/Student/MVI_5317.npy,63,225
Jobs,Student,MVI_8868,Landmark_Data/Jobs/Student/MVI_8868.npy,68,225
Jobs,Student,MVI_8869,Landmark_Data/Jobs/Student/MVI_8869.npy,68,225
Jobs,Student,MVI_8870,Landmark_Data/Jobs/Student/MVI_8870.npy,68,225
Jobs,Teacher,MVI_4457,Landmark_Data/Jobs/Teacher/MVI_4457.npy,67,225
Jobs,Teacher,MVI_4458,Landmark_Data/Jobs/Teacher/MVI_4458.npy,73,225
Jobs,Teacher,MVI_4459,Landmark_Data/Jobs/Teacher/MVI_4459.npy,79,225
Jobs,Teacher,MVI_4460,Landmark_Data/Jobs/Teacher/MVI_4460.npy,68,225
Jobs,Teacher,MVI_4744,Landmark_Data/Jobs/Teacher/MVI_4744.npy,53,225
Jobs,Teacher,MVI_4745,Landmark_Data/Jobs/Teacher/MVI_4745.npy,64,225
Jobs,Teacher,MVI_4746,Landmark_Data/Jobs/Teacher/MVI_4746.npy,59,225
Jobs,Teacher,MVI_5310,Landmark_Data/Jobs/Teacher/MVI_5310.npy,61,225
Jobs,Teacher,MVI_5311,Landmark_Data/Jobs/Teacher/MVI_5311.npy,50,225
Jobs,Teacher,MVI_5312,Landmark_Data/Jobs/Teacher/MVI_5312.npy,51,225
Jobs,Teacher,MVI_5313,Landmark_Data/Jobs/Teacher/MVI_5313.npy,55,225
Jobs,Teacher,MVI_8864,Landmark_Data/Jobs/Teacher/MVI_8864.npy,73,225
Jobs,Teacher,MVI_8865,Landmark_Data/Jobs/Teacher/MVI_8865.npy,60,225
Jobs,Teacher,MVI_8866,Landmark_Data/Jobs/Teacher/MVI_8866.npy,61,225
Jobs,Waiter,MVI_4478,Landmark_Data/Jobs/Waiter/MVI_4478.npy,91,225
Jobs,Waiter,MVI_4479,Landmark_Data/Jobs/Waiter/MVI_4479.npy,96,225
Jobs,Waiter,MVI_4480,Landmark_Data/Jobs/Waiter/MVI_4480.npy,84,225
Jobs,Waiter,MVI_4481,Landmark_Data/Jobs/Waiter/MVI_4481.npy,99,225
Jobs,Waiter,MVI_4761,Landmark_Data/Jobs/Waiter/MVI_4761.npy,72,225
Jobs,Waiter,MVI_4762,Landmark_Data/Jobs/Waiter/MVI_4762.npy,65,225
Jobs,Waiter,MVI_4763,Landmark_Data/Jobs/Waiter/MVI_4763.npy,75,225
Jobs,Waiter,MVI_5333,Landmark_Data/Jobs/Waiter/MVI_5333.npy,60,225
Jobs,Waiter,MVI_5334,Landmark_Data/Jobs/Waiter/MVI_5334.npy,62,225
Jobs,Waiter,MVI_5335,Landmark_Data/Jobs/Waiter/MVI_5335.npy,95,225
Jobs,Waiter,MVI_5337,Landmark_Data/Jobs/Waiter/MVI_5337.npy,63,225
Jobs,Waiter,MVI_8881,Landmark_Data/Jobs/Waiter/MVI_8881.npy,70,225
Jobs,Waiter,MVI_8882,Landmark_Data/Jobs/Waiter/MVI_8882.npy,75,225
Jobs,Waiter,MVI_8883,Landmark_Data/Jobs/Waiter/MVI_8883.npy,73,225
Means_of_Transportation,Bicycle,MVI_3122,Landmark_Data/Means_of_Transportation/Bicycle/MVI_3122.npy,91,225
Means_of_Transportation,Bicycle,MVI_3123,Landmark_Data/Means_of_Transportation/Bicycle/MVI_3123.npy,86,225
Means_of_Transportation,Bicycle,MVI_3125,Landmark_Data/Means_of_Transportation/Bicycle/MVI_3125.npy,82,225
Means_of_Transportation,Bicycle,MVI_3151,Landmark_Data/Means_of_Transportation/Bicycle/MVI_3151.npy,88,225
Means_of_Transportation,Bicycle,MVI_3152,Landmark_Data/Means_of_Transportation/Bicycle/MVI_3152.npy,97,225
Means_of_Transportation,Bicycle,MVI_3153,Landmark_Data/Means_of_Transportation/Bicycle/MVI_3153.npy,68,225
Means_of_Transportation,Bicycle,MVI_3181,Landmark_Data/Means_of_Transportation/Bicycle/MVI_3181.npy,95,225
Means_of_Transportation,Bicycle,MVI_3182,Landmark_Data/Means_of_Transportation/Bicycle/MVI_3182.npy,82,225
Means_of_Transportation,Bicycle,MVI_3183,Landmark_Data/Means_of_Transportation/Bicycle/MVI_3183.npy,74,225
Means_of_Transportation,Bicycle,MVI_3215,Landmark_Data/Means_of_Transportation/Bicycle/MVI_3215.npy,71,225
Means_of_Transportation,Bicycle,MVI_3216,Landmark_Data/Means_of_Transportation/Bicycle/MVI_3216.npy,77,225
Means_of_Transportation,Bicycle,MVI_3217,Landmark_Data/Means_of_Transportation/Bicycle/MVI_3217.npy,86,225
Means_of_Transportation,Bicycle,MVI_3244,Landmark_Data/Means_of_Transportation/Bicycle/MVI_3244.npy,74,225
Means_of_Transportation,Bicycle,MVI_3245,Landmark_Data/Means_of_Transportation/Bicycle/MVI_3245.npy,78,225
Means_of_Transportation,Bicycle,MVI_3246,Landmark_Data/Means_of_Transportation/Bicycle/MVI_3246.npy,74,225
Means_of_Transportation,Bicycle,MVI_4182,Landmark_Data/Means_of_Transportation/Bicycle/MVI_4182.npy,64,225
Means_of_Transportation,Bicycle,MVI_4183,Landmark_Data/Means_of_Transportation/Bicycle/MVI_4183.npy,68,225
Means_of_Transportation,Bicycle,MVI_4184,Landmark_Data/Means_of_Transportation/Bicycle/MVI_4184.npy,65,225
Means_of_Transportation,Bicycle,MVI_8587,Landmark_Data/Means_of_Transportation/Bicycle/MVI_8587.npy,73,225
Means_of_Transportation,Bicycle,MVI_8588,Landmark_Data/Means_of_Transportation/Bicycle/MVI_8588.npy,62,225
Means_of_Transportation,Boat,MVI_3129,Landmark_Data/Means_of_Transportation/Boat/MVI_3129.npy,112,225
Means_of_Transportation,Boat,MVI_3130,Landmark_Data/Means_of_Transportation/Boat/MVI_3130.npy,113,225
Means_of_Transportation,Boat,MVI_3131,Landmark_Data/Means_of_Transportation/Boat/MVI_3131.npy,117,225
Means_of_Transportation,Boat,MVI_3158,Landmark_Data/Means_of_Transportation/Boat/MVI_3158.npy,110,225
Means_of_Transportation,Boat,MVI_3159,Landmark_Data/Means_of_Transportation/Boat/MVI_3159.npy,94,225
Means_of_Transportation,Boat,MVI_3160,Landmark_Data/Means_of_Transportation/Boat/MVI_3160.npy,102,225
Means_of_Transportation,Boat,MVI_3187,Landmark_Data/Means_of_Transportation/Boat/MVI_3187.npy,115,225
Means_of_Transportation,Boat,MVI_3189,Landmark_Data/Means_of_Transportation/Boat/MVI_3189.npy,96,225
Means_of_Transportation,Boat,MVI_3190,Landmark_Data/Means_of_Transportation/Boat/MVI_3190.npy,101,225
Means_of_Transportation,Boat,MVI_3191,Landmark_Data/Means_of_Transportation/Boat/MVI_3191.npy,111,225
Means_of_Transportation,Boat,MVI_3221,Landmark_Data/Means_of_Transportation/Boat/MVI_3221.npy,123,225
Means_of_Transportation,Boat,MVI_3222,Landmark_Data/Means_of_Transportation/Boat/MVI_3222.npy,118,225
Means_of_Transportation,Boat,MVI_3223,Landmark_Data/Means_of_Transportation/Boat/MVI_3223.npy,112,225
Means_of_Transportation,Boat,MVI_3250,Landmark_Data/Means_of_Transportation/Boat/MVI_3250.npy,103,225
Means_of_Transportation,Boat,MVI_3251,Landmark_Data/Means_of_Transportation/Boat/MVI_3251.npy,100,225
Means_of_Transportation,Boat,MVI_3252,Landmark_Data/Means_of_Transportation/Boat/MVI_3252.npy,95,225
Means_of_Transportation,Boat,MVI_4188,Landmark_Data/Means_of_Transportation/Boat/MVI_4188.npy,95,225
Means_of_Transportation,Boat,MVI_4189,Landmark_Data/Means_of_Transportation/Boat/MVI_4189.npy,79,225
Means_of_Transportation,Boat,MVI_4190,Landmark_Data/Means_of_Transportation/Boat/MVI_4190.npy,77,225
Means_of_Transportation,Boat,MVI_8594,Landmark_Data/Means_of_Transportation/Boat/MVI_8594.npy,95,225
Means_of_Transportation,Boat,MVI_8595,Landmark_Data/Means_of_Transportation/Boat/MVI_8595.npy,98,225
Means_of_Transportation,Bus,MVI_3126,Landmark_Data/Means_of_Transportation/Bus/MVI_3126.npy,97,225
Means_of_Transportation,Bus,MVI_3127,Landmark_Data/Means_of_Transportation/Bus/MVI_3127.npy,88,225
Means_of_Transportation,Bus,MVI_3128,Landmark_Data/Means_of_Transportation/Bus/MVI_3128.npy,90,225
Means_of_Transportation,Bus,MVI_3155,Landmark_Data/Means_of_Transportation/Bus/MVI_3155.npy,93,225
Means_of_Transportation,Bus,MVI_3156,Landmark_Data/Means_of_Transportation/Bus/MVI_3156.npy,98,225
Means_of_Transportation,Bus,MVI_3157,Landmark_Data/Means_of_Transportation/Bus/MVI_3157.npy,84,225
Means_of_Transportation,Bus,MVI_3184,Landmark_Data/Means_of_Transportation/Bus/MVI_3184.npy,83,225
Means_of_Transportation,Bus,MVI_3185,Landmark_Data/Means_of_Transportation/Bus/MVI_3185.npy,90,225
Means_of_Transportation,Bus,MVI_3186,Landmark_Data/Means_of_Transportation/Bus/MVI_3186.npy,97,225
Means_of_Transportation,Bus,MVI_3218,Landmark_Data/Means_of_Transportation/Bus/MVI_3218.npy,92,225
Means_of_Transportation,Bus,MVI_3219,Landmark_Data/Means_of_Transportation/Bus/MVI_3219.npy,76,225
Means_of_Transportation,Bus,MVI_3220,Landmark_Data/Means_of_Transportation/Bus/MVI_3220.npy,86,225
Means_of_Transportation,Bus,MVI_3247,Landmark_Data/Means_of_Transportation/Bus/MVI_3247.npy,67,225
Means_of_Transportation,Bus,MVI_3248,Landmark_Data/Means_of_Transportation/Bus/MVI_3248.npy,81,225
Means_of_Transportation,Bus,MVI_3249,Landmark_Data/Means_of_Transportation/Bus/MVI_3249.npy,86,225
Means_of_Transportation,Bus,MVI_4185,Landmark_Data/Means_of_Transportation/Bus/MVI_4185.npy,75,225
Means_of_Transportation,Bus,MVI_4186,Landmark_Data/Means_of_Transportation/Bus/MVI_4186.npy,75,225
Means_of_Transportation,Bus,MVI_4187,Landmark_Data/Means_of_Transportation/Bus/MVI_4187.npy,61,225
Means_of_Transportation,Bus,MVI_8589,Landmark_Data/Means_of_Transportation/Bus/MVI_8589.npy,87,225
Means_of_Transportation,Bus,MVI_8590,Landmark_Data/Means_of_Transportation/Bus/MVI_8590.npy,79,225
Means_of_Transportation,Car,MVI_3116,Landmark_Data/Means_of_Transportation/Car/MVI_3116.npy,106,225
Means_of_Transportation,Car,MVI_3117,Landmark_Data/Means_of_Transportation/Car/MVI_3117.npy,98,225
Means_of_Transportation,Car,MVI_3118,Landmark_Data/Means_of_Transportation/Car/MVI_3118.npy,117,225
Means_of_Transportation,Car,MVI_3145,Landmark_Data/Means_of_Transportation/Car/MVI_3145.npy,138,225
Means_of_Transportation,Car,MVI_3146,Landmark_Data/Means_of_Transportation/Car/MVI_3146.npy,148,225
Means_of_Transportation,Car,MVI_3147,Landmark_Data/Means_of_Transportation/Car/MVI_3147.npy,154,225
Means_of_Transportation,Car,MVI_3174,Landmark_Data/Means_of_Transportation/Car/MVI_3174.npy,97,225
Means_of_Transportation,Car,MVI_3175,Landmark_Data/Means_of_Transportation/Car/MVI_3175.npy,96,225
Means_of_Transportation,Car,MVI_3176,Landmark_Data/Means_of_Transportation/Car/MVI_3176.npy,95,225
Means_of_Transportation,Car,MVI_3209,Landmark_Data/Means_of_Transportation/Car/MVI_3209.npy,111,225
Means_of_Transportation,Car,MVI_3210,Landmark_Data/Means_of_Transportation/Car/MVI_3210.npy,99,225
Means_of_Transportation,Car,MVI_3211,Landmark_Data/Means_of_Transportation/Car/MVI_3211.npy,96,225
Means_of_Transportation,Car,MVI_3238,Landmark_Data/Means_of_Transportation/Car/MVI_3238.npy,104,225
Means_of_Transportation,Car,MVI_3239,Landmark_Data/Means_of_Transportation/Car/MVI_3239.npy,108,225
Means_of_Transportation,Car,MVI_3240,Landmark_Data/Means_of_Transportation/Car/MVI_3240.npy,97,225
Means_of_Transportation,Car,MVI_4176,Landmark_Data/Means_of_Transportation/Car/MVI_4176.npy,75,225
Means_of_Transportation,Car,MVI_4177,Landmark_Data/Means_of_Transportation/Car/MVI_4177.npy,83,225
Means_of_Transportation,Car,MVI_4178,Landmark_Data/Means_of_Transportation/Car/MVI_4178.npy,77,225
Means_of_Transportation,Car,MVI_8583,Landmark_Data/Means_of_Transportation/Car/MVI_8583.npy,92,225
Means_of_Transportation,Car,MVI_8584,Landmark_Data/Means_of_Transportation/Car/MVI_8584.npy,87,225
Means_of_Transportation,Plane,MVI_3113,Landmark_Data/Means_of_Transportation/Plane/MVI_3113.npy,92,225
Means_of_Transportation,Plane,MVI_3114,Landmark_Data/Means_of_Transportation/Plane/MVI_3114.npy,87,225
Means_of_Transportation,Plane,MVI_3115,Landmark_Data/Means_of_Transportation/Plane/MVI_3115.npy,74,225
Means_of_Transportation,Plane,MVI_3142,Landmark_Data/Means_of_Transportation/Plane/MVI_3142.npy,77,225
Means_of_Transportation,Plane,MVI_3143,Landmark_Data/Means_of_Transportation/Plane/MVI_3143.npy,72,225
Means_of_Transportation,Plane,MVI_3144,Landmark_Data/Means_of_Transportation/Plane/MVI_3144.npy,80,225
Means_of_Transportation,Plane,MVI_3171,Landmark_Data/Means_of_Transportation/Plane/MVI_3171.npy,89,225
Means_of_Transportation,Plane,MVI_3172,Landmark_Data/Means_of_Transportation/Plane/MVI_3172.npy,73,225
Means_of_Transportation,Plane,MVI_3173,Landmark_Data/Means_of_Transportation/Plane/MVI_3173.npy,83,225
Means_of_Transportation,Plane,MVI_3206,Landmark_Data/Means_of_Transportation/Plane/MVI_3206.npy,70,225
Means_of_Transportation,Plane,MVI_3207,Landmark_Data/Means_of_Transportation/Plane/MVI_3207.npy,64,225
Means_of_Transportation,Plane,MVI_3208,Landmark_Data/Means_of_Transportation/Plane/MVI_3208.npy,60,225
Means_of_Transportation,Plane,MVI_3234,Landmark_Data/Means_of_Transportation/Plane/MVI_3234.npy,76,225
Means_of_Transportation,Plane,MVI_3235,Landmark_Data/Means_of_Transportation/Plane/MVI_3235.npy,81,225
Means_of_Transportation,Plane,MVI_3236,Landmark_Data/Means_of_Transportation/Plane/MVI_3236.npy,73,225
Means_of_Transportation,Plane,MVI_3237,Landmark_Data/Means_of_Transportation/Plane/MVI_3237.npy,71,225
Means_of_Transportation,Plane,MVI_4173,Landmark_Data/Means_of_Transportation/Plane/MVI_4173.npy,60,225
Means_of_Transportation,Plane,MVI_4174,Landmark_Data/Means_of_Transportation/Plane/MVI_4174.npy,62,225
Means_of_Transportation,Plane,MVI_4175,Landmark_Data/Means_of_Transportation/Plane/MVI_4175.npy,53,225
Means_of_Transportation,Plane,MVI_8581,Landmark_Data/Means_of_Transportation/Plane/MVI_8581.npy,62,225
Means_of_Transportation,Plane,MVI_8582,Landmark_Data/Means_of_Transportation/Plane/MVI_8582.npy,59,225
Means_of_Transportation,Train,MVI_3110,Landmark_Data/Means_of_Transportation/Train/MVI_3110.npy,77,225
Means_of_Transportation,Train,MVI_3111,Landmark_Data/Means_of_Transportation/Train/MVI_3111.npy,87,225
Means_of_Transportation,Train,MVI_3112,Landmark_Data/Means_of_Transportation/Train/MVI_3112.npy,84,225
Means_of_Transportation,Train,MVI_3139,Landmark_Data/Means_of_Transportation/Train/MVI_3139.npy,95,225
Means_of_Transportation,Train,MVI_3140,Landmark_Data/Means_of_Transportation/Train/MVI_3140.npy,82,225
Means_of_Transportation,Train,MVI_3141,Landmark_Data/Means_of_Transportation/Train/MVI_3141.npy,81,225
Means_of_Transportation,Train,MVI_3168,Landmark_Data/Means_of_Transportation/Train/MVI_3168.npy,77,225
Means_of_Transportation,Train,MVI_3169,Landmark_Data/Means_of_Transportation/Train/MVI_3169.npy,85,225
Means_of_Transportation,Train,MVI_3170,Landmark_Data/Means_of_Transportation/Train/MVI_3170.npy,76,225
Means_of_Transportation,Train,MVI_3202,Landmark_Data/Means_of_Transportation/Train/MVI_3202.npy,93,225
Means_of_Transportation,Train,MVI_3203,Landmark_Data/Means_of_Transportation/Train/MVI_3203.npy,76,225
Means_of_Transportation,Train,MVI_3204,Landmark_Data/Means_of_Transportation/Train/MVI_3204.npy,68,225
Means_of_Transportation,Train,MVI_3230,Landmark_Data/Means_of_Transportation/Train/MVI_3230.npy,90,225
Means_of_Transportation,Train,MVI_3231,Landmark_Data/Means_of_Transportation/Train/MVI_3231.npy,71,225
Means_of_Transportation,Train,MVI_3232,Landmark_Data/Means_of_Transportation/Train/MVI_3232.npy,59,225
Means_of_Transportation,Train,MVI_3233,Landmark_Data/Means_of_Transportation/Train/MVI_3233.npy,81,225
Means_of_Transportation,Train,MVI_4170,Landmark_Data/Means_of_Transportation/Train/MVI_4170.npy,63,225
Means_of_Transportation,Train,MVI_4171,Landmark_Data/Means_of_Transportation/Train/MVI_4171.npy,59,225
Means_of_Transportation,Train,MVI_4172,Landmark_Data/Means_of_Transportation/Train/MVI_4172.npy,52,225
Means_of_Transportation,Train,MVI_8579,Landmark_Data/Means_of_Transportation/Train/MVI_8579.npy,69,225
Means_of_Transportation,Train,MVI_8580,Landmark_Data/Means_of_Transportation/Train/MVI_8580.npy,57,225
Means_of_Transportation,Train_ticket,MVI_3132,Landmark_Data/Means_of_Transportation/Train_ticket/MVI_3132.npy,88,225
Means_of_Transportation,Train_ticket,MVI_3133,Landmark_Data/Means_of_Transportation/Train_ticket/MVI_3133.npy,102,225
Means_of_Transportation,Train_ticket,MVI_3134,Landmark_Data/Means_of_Transportation/Train_ticket/MVI_3134.npy,99,225
Means_of_Transportation,Train_ticket,MVI_3162,Landmark_Data/Means_of_Transportation/Train_ticket/MVI_3162.npy,85,225
Means_of_Transportation,Train_ticket,MVI_3163,Landmark_Data/Means_of_Transportation/Train_ticket/MVI_3163.npy,88,225
Means_of_Transportation,Train_ticket,MVI_3164,Landmark_Data/Means_of_Transportation/Train_ticket/MVI_3164.npy,111,225
Means_of_Transportation,Train_ticket,MVI_3194,Landmark_Data/Means_of_Transportation/Train_ticket/MVI_3194.npy,99,225
Means_of_Transportation,Train_ticket,MVI_3195,Landmark_Data/Means_of_Transportation/Train_ticket/MVI_3195.npy,100,225
Means_of_Transportation,Train_ticket,MVI_3196,Landmark_Data/Means_of_Transportation/Train_ticket/MVI_3196.npy,102,225
Means_of_Transportation,Train_ticket,MVI_3197,Landmark_Data/Means_of_Transportation/Train_ticket/MVI_3197.npy,102,225
Means_of_Transportation,Train_ticket,MVI_3224,Landmark_Data/Means_of_Transportation/Train_ticket/MVI_3224.npy,91,225
Means_of_Transportation,Train_ticket,MVI_3225,Landmark_Data/Means_of_Transportation/Train_ticket/MVI_3225.npy,98,225
Means_of_Transportation,Train_ticket,MVI_3226,Landmark_Data/Means_of_Transportation/Train_ticket/MVI_3226.npy,81,225
Means_of_Transportation,Train_ticket,MVI_3253,Landmark_Data/Means_of_Transportation/Train_ticket/MVI_3253.npy,76,225
Means_of_Transportation,Train_ticket,MVI_3254,Landmark_Data/Means_of_Transportation/Train_ticket/MVI_3254.npy,75,225
Means_of_Transportation,Train_ticket,MVI_3255,Landmark_Data/Means_of_Transportation/Train_ticket/MVI_3255.npy,81,225
Means_of_Transportation,Train_ticket,MVI_4191,Landmark_Data/Means_of_Transportation/Train_ticket/MVI_4191.npy,77,225
Means_of_Transportation,Train_ticket,MVI_4192,Landmark_Data/Means_of_Transportation/Train_ticket/MVI_4192.npy,79,225
Means_of_Transportation,Train_ticket,MVI_4193,Landmark_Data/Means_of_Transportation/Train_ticket/MVI_4193.npy,76,225
Means_of_Transportation,Train_ticket,MVI_8596,Landmark_Data/Means_of_Transportation/Train_ticket/MVI_8596.npy,101,225
Means_of_Transportation,Train_ticket,MVI_8597,Landmark_Data/Means_of_Transportation/Train_ticket/MVI_8597.npy,87,225
Means_of_Transportation,Transportation,MVI_3135,Landmark_Data/Means_of_Transportation/Transportation/MVI_3135.npy,100,225
Means_of_Transportation,Transportation,MVI_3136,Landmark_Data/Means_of_Transportation/Transportation/MVI_3136.npy,104,225
Means_of_Transportation,Transportation,MVI_3137,Landmark_Data/Means_of_Transportation/Transportation/MVI_3137.npy,93,225
Means_of_Transportation,Transportation,MVI_3165,Landmark_Data/Means_of_Transportation/Transportation/MVI_3165.npy,79,225
Means_of_Transportation,Transportation,MVI_3166,Landmark_Data/Means_of_Transportation/Transportation/MVI_3166.npy,90,225
Means_of_Transportation,Transportation,MVI_3167,Landmark_Data/Means_of_Transportation/Transportation/MVI_3167.npy,71,225
Means_of_Transportation,Transportation,MVI_3198,Landmark_Data/Means_of_Transportation/Transportation/MVI_3198.npy,89,225
Means_of_Transportation,Transportation,MVI_3199,Landmark_Data/Means_of_Transportation/Transportation/MVI_3199.npy,88,225
Means_of_Transportation,Transportation,MVI_3200,Landmark_Data/Means_of_Transportation/Transportation/MVI_3200.npy,92,225
Means_of_Transportation,Transportation,MVI_3201,Landmark_Data/Means_of_Transportation/Transportation/MVI_3201.npy,77,225
Means_of_Transportation,Transportation,MVI_3227,Landmark_Data/Means_of_Transportation/Transportation/MVI_3227.npy,86,225
Means_of_Transportation,Transportation,MVI_3228,Landmark_Data/Means_of_Transportation/Transportation/MVI_3228.npy,73,225
Means_of_Transportation,Transportation,MVI_3229,Landmark_Data/Means_of_Transportation/Transportation/MVI_3229.npy,69,225
Means_of_Transportation,Transportation,MVI_3256,Landmark_Data/Means_of_Transportation/Transportation/MVI_3256.npy,91,225
Means_of_Transportation,Transportation,MVI_3257,Landmark_Data/Means_of_Transportation/Transportation/MVI_3257.npy,78,225
Means_of_Transportation,Transportation,MVI_3258,Landmark_Data/Means_of_Transportation/Transportation/MVI_3258.npy,79,225
Means_of_Transportation,Transportation,MVI_4194,Landmark_Data/Means_of_Transportation/Transportation/MVI_4194.npy,65,225
Means_of_Transportation,Transportation,MVI_4195,Landmark_Data/Means_of_Transportation/Transportation/MVI_4195.npy,65,225
Means_of_Transportation,Transportation,MVI_4196,Landmark_Data/Means_of_Transportation/Transportation/MVI_4196.npy,52,225
Means_of_Transportation,Transportation,MVI_8598,Landmark_Data/Means_of_Transportation/Transportation/MVI_8598.npy,67,225
Means_of_Transportation,Transportation,MVI_8599,Landmark_Data/Means_of_Transportation/Transportation/MVI_8599.npy,69,225
Means_of_Transportation,Truck,MVI_3119,Landmark_Data/Means_of_Transportation/Truck/MVI_3119.npy,104,225
Means_of_Transportation,Truck,MVI_3120,Landmark_Data/Means_of_Transportation/Truck/MVI_3120.npy,95,225
Means_of_Transportation,Truck,MVI_3121,Landmark_Data/Means_of_Transportation/Truck/MVI_3121.npy,90,225
Means_of_Transportation,Truck,MVI_3148,Landmark_Data/Means_of_Transportation/Truck/MVI_3148.npy,105,225
Means_of_Transportation,Truck,MVI_3149,Landmark_Data/Means_of_Transportation/Truck/MVI_3149.npy,97,225
Means_of_Transportation,Truck,MVI_3150,Landmark_Data/Means_of_Transportation/Truck/MVI_3150.npy,99,225
Means_of_Transportation,Truck,MVI_3177,Landmark_Data/Means_of_Transportation/Truck/MVI_3177.npy,81,225
Means_of_Transportation,Truck,MVI_3178,Landmark_Data/Means_of_Transportation/Truck/MVI_3178.npy,105,225
Means_of_Transportation,Truck,MVI_3179,Landmark_Data/Means_of_Transportation/Truck/MVI_3179.npy,104,225
Means_of_Transportation,Truck,MVI_3180,Landmark_Data/Means_of_Transportation/Truck/MVI_3180.npy,98,225
Means_of_Transportation,Truck,MVI_3212,Landmark_Data/Means_of_Transportation/Truck/MVI_3212.npy,81,225
Means_of_Transportation,Truck,MVI_3213,Landmark_Data/Means_of_Transportation/Truck/MVI_3213.npy,87,225
Means_of_Transportation,Truck,MVI_3214,Landmark_Data/Means_of_Transportation/Truck/MVI_3214.npy,82,225
Means_of_Transportation,Truck,MVI_3241,Landmark_Data/Means_of_Transportation/Truck/MVI_3241.npy,76,225
Means_of_Transportation,Truck,MVI_3242,Landmark_Data/Means_of_Transportation/Truck/MVI_3242.npy,76,225
Means_of_Transportation,Truck,MVI_3243,Landmark_Data/Means_of_Transportation/Truck/MVI_3243.npy,84,225
Means_of_Transportation,Truck,MVI_4179,Landmark_Data/Means_of_Transportation/Truck/MVI_4179.npy,62,225
Means_of_Transportation,Truck,MVI_4180,Landmark_Data/Means_of_Transportation/Truck/MVI_4180.npy,75,225
Means_of_Transportation,Truck,MVI_4181,Landmark_Data/Means_of_Transportation/Truck/MVI_4181.npy,59,225
Means_of_Transportation,Truck,MVI_8585,Landmark_Data/Means_of_Transportation/Truck/MVI_8585.npy,73,225
Means_of_Transportation,Truck,MVI_8586,Landmark_Data/Means_of_Transportation/Truck/MVI_8586.npy,76,225
People,Adult,MVI_3823,Landmark_Data/People/Adult/MVI_3823.npy,72,225
People,Adult,MVI_3824,Landmark_Data/People/Adult/MVI_3824.npy,75,225
People,Adult,MVI_3825,Landmark_Data/People/Adult/MVI_3825.npy,75,225
People,Adult,MVI_3971,Landmark_Data/People/Adult/MVI_3971.npy,65,225
People,Adult,MVI_3972,Landmark_Data/People/Adult/MVI_3972.npy,68,225
People,Adult,MVI_3973,Landmark_Data/People/Adult/MVI_3973.npy,78,225
People,Adult,MVI_4119,Landmark_Data/People/Adult/MVI_4119.npy,77,225
People,Adult,MVI_4120,Landmark_Data/People/Adult/MVI_4120.npy,74,225
People,Adult,MVI_4121,Landmark_Data/People/Adult/MVI_4121.npy,74,225
People,Adult,MVI_4245,Landmark_Data/People/Adult/MVI_4245.npy,77,225
People,Adult,MVI_4994,Landmark_Data/People/Adult/MVI_4994.npy,67,225
People,Adult,MVI_4995,Landmark_Data/People/Adult/MVI_4995.npy,69,225
People,Adult,MVI_4996,Landmark_Data/People/Adult/MVI_4996.npy,67,225
People,Adult,MVI_5141,Landmark_Data/People/Adult/MVI_5141.npy,81,225
People,Adult,MVI_5142,Landmark_Data/People/Adult/MVI_5142.npy,80,225
People,Adult,MVI_5143,Landmark_Data/People/Adult/MVI_5143.npy,84,225
People,Adult,MVI_5296,Landmark_Data/People/Adult/MVI_5296.npy,84,225
People,Adult,MVI_5297,Landmark_Data/People/Adult/MVI_5297.npy,81,225
People,Adult,MVI_5298,Landmark_Data/People/Adult/MVI_5298.npy,75,225
People,Adult,MVI_8647,Landmark_Data/People/Adult/MVI_8647.npy,89,225
People,Baby,MVI_3769,Landmark_Data/People/Baby/MVI_3769.npy,57,225
People,Baby,MVI_3770,Landmark_Data/People/Baby/MVI_3770.npy,46,225
People,Baby,MVI_3771,Landmark_Data/People/Baby/MVI_3771.npy,54,225
People,Baby,MVI_3917,Landmark_Data/People/Baby/MVI_3917.npy,76,225
People,Baby,MVI_3918,Landmark_Data/People/Baby/MVI_3918.npy,70,225
People,Baby,MVI_3919,Landmark_Data/People/Baby/MVI_3919.npy,69,225
People,Baby,MVI_4066,Landmark_Data/People/Baby/MVI_4066.npy,73,225
People,Baby,MVI_4067,Landmark_Data/People/Baby/MVI_4067.npy,55,225
People,Baby,MVI_4068,Landmark_Data/People/Baby/MVI_4068.npy,67,225
People,Baby,MVI_4226,Landmark_Data/People/Baby/MVI_4226.npy,54,225
People,Baby,MVI_4946,Landmark_Data/People/Baby/MVI_4946.npy,61,225
People,Baby,MVI_4947,Landmark_Data/People/Baby/MVI_4947.npy,54,225
People,Baby,MVI_4948,Landmark_Data/People/Baby/MVI_4948.npy,49,225
People,Baby,MVI_5086,Landmark_Data/People/Baby/MVI_5086.npy,60,225
People,Baby,MVI_5087,Landmark_Data/People/Baby/MVI_5087.npy,55,225
People,Baby,MVI_5088,Landmark_Data/People/Baby/MVI_5088.npy,55,225
People,Baby,MVI_5234,Landmark_Data/People/Baby/MVI_5234.npy,72,225
People,Baby,MVI_5235,Landmark_Data/People/Baby/MVI_5235.npy,63,225
People,Baby,MVI_5236,Landmark_Data/People/Baby/MVI_5236.npy,71,225
People,Baby,MVI_8628,Landmark_Data/People/Baby/MVI_8628.npy,69,225
People,Boy,MVI_3814,Landmark_Data/People/Boy/MVI_3814.npy,63,225
People,Boy,MVI_3815,Landmark_Data/People/Boy/MVI_3815.npy,58,225
People,Boy,MVI_3816,Landmark_Data/People/Boy/MVI_3816.npy,54,225
People,Boy,MVI_3962,Landmark_Data/People/Boy/MVI_3962.npy,71,225
People,Boy,MVI_3963,Landmark_Data/People/Boy/MVI_3963.npy,81,225
People,Boy,MVI_3964,Landmark_Data/People/Boy/MVI_3964.npy,68,225
People,Boy,MVI_4109,Landmark_Data/People/Boy/MVI_4109.npy,72,225
People,Boy,MVI_4110,Landmark_Data/People/Boy/MVI_4110.npy,66,225
People,Boy,MVI_4111,Landmark_Data/People/Boy/MVI_4111.npy,63,225
People,Boy,MVI_4112,Landmark_Data/People/Boy/MVI_4112.npy,66,225
People,Boy,MVI_4242,Landmark_Data/People/Boy/MVI_4242.npy,63,225
People,Boy,MVI_4981,Landmark_Data/People/Boy/MVI_4981.npy,54,225
People,Boy,MVI_4982,Landmark_Data/People/Boy/MVI_4982.npy,51,225
People,Boy,MVI_4983,Landmark_Data/People/Boy/MVI_4983.npy,50,225
People,Boy,MVI_5132,Landmark_Data/People/Boy/MVI_5132.npy,59,225
People,Boy,MVI_5133,Landmark_Data/People/Boy/MVI_5133.npy,58,225
People,Boy,MVI_5134,Landmark_Data/People/Boy/MVI_5134.npy,60,225
People,Boy,MVI_5285,Landmark_Data/People/Boy/MVI_5285.npy,55,225
People,Boy,MVI_5286,Landmark_Data/People/Boy/MVI_5286.npy,52,225
People,Boy,MVI_5287,Landmark_Data/People/Boy/MVI_5287.npy,52,225
People,Boy,MVI_8644,Landmark_Data/People/Boy/MVI_8644.npy,68,225
People,Brother,MVI_3778,Landmark_Data/People/Brother/MVI_3778.npy,59,225
People,Brother,MVI_3779,Landmark_Data/People/Brother/MVI_3779.npy,57,225
People,Brother,MVI_3780,Landmark_Data/People/Brother/MVI_3780.npy,58,225
People,Brother,MVI_3781,Landmark_Data/People/Brother/MVI_3781.npy,61,225
People,Brother,MVI_3927,Landmark_Data/People/Brother/MVI_3927.npy,83,225
People,Brother,MVI_3928,Landmark_Data/People/Brother/MVI_3928.npy,85,225
People,Brother,MVI_3929,Landmark_Data/People/Brother/MVI_3929.npy,72,225
People,Brother,MVI_4075,Landmark_Data/People/Brother/MVI_4075.npy,61,225
People,Brother,MVI_4076,Landmark_Data/People/Brother/MVI_4076.npy,56,225
People,Brother,MVI_4077,Landmark_Data/People/Brother/MVI_4077.npy,53,225
People,Brother,MVI_4230,Landmark_Data/People/Brother/MVI_4230.npy,51,225
People,Brother,MVI_4955,Landmark_Data/People/Brother/MVI_4955.npy,41,225
People,Brother,MVI_4956,Landmark_Data/People/Brother/MVI_4956.npy,52,225
People,Brother,MVI_4957,Landmark_Data/People/Brother/MVI_4957.npy,54,225
People,Brother,MVI_5095,Landmark_Data/People/Brother/MVI_5095.npy,59,225
People,Brother,MVI_5096,Landmark_Data/People/Brother/MVI_5096.npy,63,225
People,Brother,MVI_5097,Landmark_Data/People/Brother/MVI_5097.npy,67,225
People,Brother,MVI_5243,Landmark_Data/People/Brother/MVI_5243.npy,57,225
People,Brother,MVI_5244,Landmark_Data/People/Brother/MVI_5244.npy,61,225
People,Brother,MVI_5245,Landmark_Data/People/Brother/MVI_5245.npy,62,225
People,Brother,MVI_8631,Landmark_Data/People/Brother/MVI_8631.npy,63,225
People,Child,MVI_3820,Landmark_Data/People/Child/MVI_3820.npy,58,225
People,Child,MVI_3821,Landmark_Data/People/Child/MVI_3821.npy,51,225
People,Child,MVI_3822,Landmark_Data/People/Child/MVI_3822.npy,56,225
People,Child,MVI_3968,Landmark_Data/People/Child/MVI_3968.npy,95,225
People,Child,MVI_3969,Landmark_Data/People/Child/MVI_3969.npy,92,225
People,Child,MVI_3970,Landmark_Data/People/Child/MVI_3970.npy,92,225
People,Child,MVI_4116,Landmark_Data/People/Child/MVI_4116.npy,53,225
People,Child,MVI_4117,Landmark_Data/People/Child/MVI_4117.npy,44,225
People,Child,MVI_4118,Landmark_Data/People/Child/MVI_4118.npy,48,225
People,Child,MVI_4244,Landmark_Data/People/Child/MVI_4244.npy,44,225
People,Child,MVI_4991,Landmark_Data/People/Child/MVI_4991.npy,39,225
People,Child,MVI_4992,Landmark_Data/People/Child/MVI_4992.npy,37,225
People,Child,MVI_4993,Landmark_Data/People/Child/MVI_4993.npy,37,225
People,Child,MVI_5138,Landmark_Data/People/Child/MVI_5138.npy,49,225
People,Child,MVI_5139,Landmark_Data/People/Child/MVI_5139.npy,52,225
People,Child,MVI_5140,Landmark_Data/People/Child/MVI_5140.npy,52,225
People,Child,MVI_5293,Landmark_Data/People/Child/MVI_5293.npy,47,225
People,Child,MVI_5294,Landmark_Data/People/Child/MVI_5294.npy,53,225
People,Child,MVI_5295,Landmark_Data/People/Child/MVI_5295.npy,49,225
People,Child,MVI_8646,Landmark_Data/People/Child/MVI_8646.npy,52,225
People,Crowd,MVI_3832,Landmark_Data/People/Crowd/MVI_3832.npy,57,225
People,Crowd,MVI_3833,Landmark_Data/People/Crowd/MVI_3833.npy,54,225
People,Crowd,MVI_3834,Landmark_Data/People/Crowd/MVI_3834.npy,61,225
People,Crowd,MVI_3981,Landmark_Data/People/Crowd/MVI_3981.npy,74,225
People,Crowd,MVI_3982,Landmark_Data/People/Crowd/MVI_3982.npy,70,225
People,Crowd,MVI_3983,Landmark_Data/People/Crowd/MVI_3983.npy,62,225
People,Crowd,MVI_4128,Landmark_Data/People/Crowd/MVI_4128.npy,57,225
People,Crowd,MVI_4129,Landmark_Data/People/Crowd/MVI_4129.npy,53,225
People,Crowd,MVI_4130,Landmark_Data/People/Crowd/MVI_4130.npy,56,225
People,Crowd,MVI_4248,Landmark_Data/People/Crowd/MVI_4248.npy,61,225
People,Crowd,MVI_5003,Landmark_Data/People/Crowd/MVI_5003.npy,51,225
People,Crowd,MVI_5004,Landmark_Data/People/Crowd/MVI_5004.npy,50,225
People,Crowd,MVI_5005,Landmark_Data/People/Crowd/MVI_5005.npy,54,225
People,Crowd,MVI_5151,Landmark_Data/People/Crowd/MVI_5151.npy,57,225
People,Crowd,MVI_5152,Landmark_Data/People/Crowd/MVI_5152.npy,53,225
People,Crowd,MVI_5153,Landmark_Data/People/Crowd/MVI_5153.npy,59,225
People,Crowd,MVI_5306,Landmark_Data/People/Crowd/MVI_5306.npy,53,225
People,Crowd,MVI_5307,Landmark_Data/People/Crowd/MVI_5307.npy,58,225
People,Crowd,MVI_5308,Landmark_Data/People/Crowd/MVI_5308.npy,53,225
People,Crowd,MVI_8650,Landmark_Data/People/Crowd/MVI_8650.npy,64,225
People,Daughter,MVI_3756,Landmark_Data/People/Daughter/MVI_3756.npy,52,225
People,Daughter,MVI_3757,Landmark_Data/People/Daughter/MVI_3757.npy,40,225
People,Daughter,MVI_3758,Landmark_Data/People/Daughter/MVI_3758.npy,43,225
People,Daughter,MVI_3903,Landmark_Data/People/Daughter/MVI_3903.npy,73,225
People,Daughter,MVI_3904,Landmark_Data/People/Daughter/MVI_3904.npy,70,225
People,Daughter,MVI_3905,Landmark_Data/People/Daughter/MVI_3905.npy,72,225
People,Daughter,MVI_4054,Landmark_Data/People/Daughter/MVI_4054.npy,63,225
People,Daughter,MVI_4055,Landmark_Data/People/Daughter/MVI_4055.npy,58,225
People,Daughter,MVI_4056,Landmark_Data/People/Daughter/MVI_4056.npy,61,225
People,Daughter,MVI_4221,Landmark_Data/People/Daughter/MVI_4221.npy,48,225
People,Daughter,MVI_4934,Landmark_Data/People/Daughter/MVI_4934.npy,61,225
People,Daughter,MVI_4935,Landmark_Data/People/Daughter/MVI_4935.npy,55,225
People,Daughter,MVI_4936,Landmark_Data/People/Daughter/MVI_4936.npy,52,225
People,Daughter,MVI_5074,Landmark_Data/People/Daughter/MVI_5074.npy,64,225
People,Daughter,MVI_5075,Landmark_Data/People/Daughter/MVI_5075.npy,50,225
People,Daughter,MVI_5076,Landmark_Data/People/Daughter/MVI_5076.npy,58,225
People,Daughter,MVI_5221,Landmark_Data/People/Daughter/MVI_5221.npy,59,225
People,Daughter,MVI_5222,Landmark_Data/People/Daughter/MVI_5222.npy,71,225
People,Daughter,MVI_5223,Landmark_Data/People/Daughter/MVI_5223.npy,72,225
People,Daughter,MVI_8624,Landmark_Data/People/Daughter/MVI_8624.npy,67,225
People,Family,MVI_3787,Landmark_Data/People/Family/MVI_3787.npy,66,225
People,Family,MVI_3788,Landmark_Data/People/Family/MVI_3788.npy,54,225
People,Family,MVI_3789,Landmark_Data/People/Family/MVI_3789.npy,54,225
People,Family,MVI_3933,Landmark_Data/People/Family/MVI_3933.npy,63,225
People,Family,MVI_3934,Landmark_Data/People/Family/MVI_3934.npy,65,225
People,Family,MVI_3935,Landmark_Data/People/Family/MVI_3935.npy,62,225
People,Family,MVI_4081,Landmark_Data/People/Family/MVI_4081.npy,62,225
People,Family,MVI_4082,Landmark_Data/People/Family/MVI_4082.npy,52,225
People,Family,MVI_4083,Landmark_Data/People/Family/MVI_4083.npy,62,225
People,Family,MVI_4232,Landmark_Data/People/Family/MVI_4232.npy,49,225
People,Family,MVI_5101,Landmark_Data/People/Family/MVI_5101.npy,61,225
People,Family,MVI_5102,Landmark_Data/People/Family/MVI_5102.npy,62,225
People,Family,MVI_5103,Landmark_Data/People/Family/MVI_5103.npy,64,225
People,Family,MVI_5249,Landmark_Data/People/Family/MVI_5249.npy,54,225
People,Family,MVI_5250,Landmark_Data/People/Family/MVI_5250.npy,57,225
People,Family,MVI_5251,Landmark_Data/People/Family/MVI_5251.npy,53,225
People,Family,MVI_8635,Landmark_Data/People/Family/MVI_8635.npy,79,225
People,Father,MVI_3763,Landmark_Data/People/Father/MVI_3763.npy,51,225
People,Father,MVI_3764,Landmark_Data/People/Father/MVI_3764.npy,56,225
People,Father,MVI_3765,Landmark_Data/People/Father/MVI_3765.npy,55,225
People,Father,MVI_3909,Landmark_Data/People/Father/MVI_3909.npy,71,225
People,Father,MVI_3910,Landmark_Data/People/Father/MVI_3910.npy,71,225
People,Father,MVI_3912,Landmark_Data/People/Father/MVI_3912.npy,94,225
People,Father,MVI_4060,Landmark_Data/People/Father/MVI_4060.npy,56,225
People,Father,MVI_4061,Landmark_Data/People/Father/MVI_4061.npy,57,225
People,Father,MVI_4062,Landmark_Data/People/Father/MVI_4062.npy,56,225
People,Father,MVI_4223,Landmark_Data/People/Father/MVI_4223.npy,63,225
People,Father,MVI_4940,Landmark_Data/People/Father/MVI_4940.npy,60,225
People,Father,MVI_4941,Landmark_Data/People/Father/MVI_4941.npy,49,225
People,Father,MVI_4942,Landmark_Data/People/Father/MVI_4942.npy,59,225
People,Father,MVI_5080,Landmark_Data/People/Father/MVI_5080.npy,58,225
People,Father,MVI_5081,Landmark_Data/People/Father/MVI_5081.npy,60,225
People,Father,MVI_5082,Landmark_Data/People/Father/MVI_5082.npy,66,225
People,Father,MVI_5227,Landmark_Data/People/Father/MVI_5227.npy,50,225
People,Father,MVI_5228,Landmark_Data/People/Father/MVI_5228.npy,50,225
People,Father,MVI_5229,Landmark_Data/People/Father/MVI_5229.npy,48,225
People,Father,MVI_8626,Landmark_Data/People/Father/MVI_8626.npy,66,225
People,Friend,MVI_3826,Landmark_Data/People/Friend/MVI_3826.npy,61,225
People,Friend,MVI_3827,Landmark_Data/People/Friend/MVI_3827.npy,59,225
People,Friend,MVI_3828,Landmark_Data/People/Friend/MVI_3828.npy,61,225
People,Friend,MVI_3975,Landmark_Data/People/Friend/MVI_3975.npy,64,225
People,Friend,MVI_3976,Landmark_Data/People/Friend/MVI_3976.npy,72,225
People,Friend,MVI_3977,Landmark_Data/People/Friend/MVI_3977.npy,56,225
People,Friend,MVI_4122,Landmark_Data/People/Friend/MVI_4122.npy,56,225
People,Friend,MVI_4123,Landmark_Data/People/Friend/MVI_4123.npy,51,225
People,Friend,MVI_4124,Landmark_Data/People/Friend/MVI_4124.npy,55,225
People,Friend,MVI_4246,Landmark_Data/People/Friend/MVI_4246.npy,61,225
People,Friend,MVI_4997,Landmark_Data/People/Friend/MVI_4997.npy,46,225
People,Friend,MVI_4998,Landmark_Data/People/Friend/MVI_4998.npy,48,225
People,Friend,MVI_4999,Landmark_Data/People/Friend/MVI_4999.npy,46,225
People,Friend,MVI_5145,Landmark_Data/People/Friend/MVI_5145.npy,56,225
People,Friend,MVI_5146,Landmark_Data/People/Friend/MVI_5146.npy,58,225
People,Friend,MVI_5147,Landmark_Data/People/Friend/MVI_5147.npy,54,225
People,Friend,MVI_5299,Landmark_Data/People/Friend/MVI_5299.npy,49,225
People,Friend,MVI_5300,Landmark_Data/People/Friend/MVI_5300.npy,52,225
People,Friend,MVI_5301,Landmark_Data/People/Friend/MVI_5301.npy,62,225
People,Friend,MVI_8648,Landmark_Data/People/Friend/MVI_8648.npy,59,225
People,Girl,MVI_3817,Landmark_Data/People/Girl/MVI_3817.npy,51,225
People,Girl,MVI_3818,Landmark_Data/People/Girl/MVI_3818.npy,52,225
People,Girl,MVI_3819,Landmark_Data/People/Girl/MVI_3819.npy,58,225
People,Girl,MVI_3965,Landmark_Data/People/Girl/MVI_3965.npy,74,225
People,Girl,MVI_3966,Landmark_Data/People/Girl/MVI_3966.npy,68,225
People,Girl,MVI_3967,Landmark_Data/People/Girl/MVI_3967.npy,75,225
People,Girl,MVI_4113,Landmark_Data/People/Girl/MVI_4113.npy,53,225
People,Girl,MVI_4114,Landmark_Data/People/Girl/MVI_4114.npy,65,225
People,Girl,MVI_4115,Landmark_Data/People/Girl/MVI_4115.npy,92,225
People,Girl,MVI_4243,Landmark_Data/People/Girl/MVI_4243.npy,64,225
People,Girl,MVI_4984,Landmark_Data/People/Girl/MVI_4984.npy,48,225
People,Girl,MVI_4985,Landmark_Data/People/Girl/MVI_4985.npy,46,225
People,Girl,MVI_4986,Landmark_Data/People/Girl/MVI_4986.npy,44,225
People,Girl,MVI_5135,Landmark_Data/People/Girl/MVI_5135.npy,54,225
People,Girl,MVI_5136,Landmark_Data/People/Girl/MVI_5136.npy,50,225
People,Girl,MVI_5137,Landmark_Data/People/Girl/MVI_5137.npy,58,225
People,Girl,MVI_5288,Landmark_Data/People/Girl/MVI_5288.npy,48,225
People,Girl,MVI_5289,Landmark_Data/People/Girl/MVI_5289.npy,49,225
People,Girl,MVI_5290,Landmark_Data/People/Girl/MVI_5290.npy,57,225
People,Girl,MVI_8645,Landmark_Data/People/Girl/MVI_8645.npy,62,225
People,Grandfather,MVI_3790,Landmark_Data/People/Grandfather/MVI_3790.npy,78,225
People,Grandfather,MVI_3791,Landmark_Data/People/Grandfather/MVI_3791.npy,87,225
People,Grandfather,MVI_3792,Landmark_Data/People/Grandfather/MVI_3792.npy,75,225
People,Grandfather,MVI_3937,Landmark_Data/People/Grandfather/MVI_3937.npy,84,225
People,Grandfather,MVI_3938,Landmark_Data/People/Grandfather/MVI_3938.npy,97,225
People,Grandfather,MVI_3939,Landmark_Data/People/Grandfather/MVI_3939.npy,82,225
People,Grandfather,MVI_4084,Landmark_Data/People/Grandfather/MVI_4084.npy,103,225
People,Grandfather,MVI_4085,Landmark_Data/People/Grandfather/MVI_4085.npy,77,225
People,Grandfather,MVI_4086,Landmark_Data/People/Grandfather/MVI_4086.npy,83,225
People,Grandfather,MVI_4234,Landmark_Data/People/Grandfather/MVI_4234.npy,86,225
People,Grandfather,MVI_5104,Landmark_Data/People/Grandfather/MVI_5104.npy,87,225
People,Grandfather,MVI_5105,Landmark_Data/People/Grandfather/MVI_5105.npy,79,225
People,Grandfather,MVI_5106,Landmark_Data/People/Grandfather/MVI_5106.npy,87,225
People,Grandfather,MVI_5252,Landmark_Data/People/Grandfather/MVI_5252.npy,78,225
People,Grandfather,MVI_5255,Landmark_Data/People/Grandfather/MVI_5255.npy,89,225
People,Grandfather,MVI_5256,Landmark_Data/People/Grandfather/MVI_5256.npy,75,225
People,Grandfather,MVI_8636,Landmark_Data/People/Grandfather/MVI_8636.npy,86,225
People,Grandmother,MVI_3793,Landmark_Data/People/Grandmother/MVI_3793.npy,66,225
People,Grandmother,MVI_3794,Landmark_Data/People/Grandmother/MVI_3794.npy,69,225
People,Grandmother,MVI_3795,Landmark_Data/People/Grandmother/MVI_3795.npy,67,225
People,Grandmother,MVI_3940,Landmark_Data/People/Grandmother/MVI_3940.npy,83,225
People,Grandmother,MVI_3941,Landmark_Data/People/Grandmother/MVI_3941.npy,105,225
People,Grandmother,MVI_3942,Landmark_Data/People/Grandmother/MVI_3942.npy,101,225
People,Grandmother,MVI_4087,Landmark_Data/People/Grandmother/MVI_4087.npy,82,225
People,Grandmother,MVI_4088,Landmark_Data/People/Grandmother/MVI_4088.npy,68,225
People,Grandmother,MVI_4089,Landmark_Data/People/Grandmother/MVI_4089.npy,80,225
People,Grandmother,MVI_4235,Landmark_Data/People/Grandmother/MVI_4235.npy,85,225
People,Grandmother,MVI_5107,Landmark_Data/People/Grandmother/MVI_5107.npy,77,225
People,Grandmother,MVI_5108,Landmark_Data/People/Grandmother/MVI_5108.npy,77,225
People,Grandmother,MVI_5109,Landmark_Data/People/Grandmother/MVI_5109.npy,80,225
People,Grandmother,MVI_5257,Landmark_Data/People/Grandmother/MVI_5257.npy,72,225
People,Grandmother,MVI_5258,Landmark_Data/People/Grandmother/MVI_5258.npy,71,225
People,Grandmother,MVI_5260,Landmark_Data/People/Grandmother/MVI_5260.npy,71,225
People,Grandmother,MVI_8637,Landmark_Data/People/Grandmother/MVI_8637.npy,103,225
People,Husband,MVI_3796,Landmark_Data/People/Husband/MVI_3796.npy,51,225
People,Husband,MVI_3797,Landmark_Data/People/Husband/MVI_3797.npy,55,225
People,Husband,MVI_3798,Landmark_Data/People/Husband/MVI_3798.npy,51,225
People,Husband,MVI_3943,Landmark_Data/People/Husband/MVI_3943.npy,79,225
People,Husband,MVI_3944,Landmark_Data/People/Husband/MVI_3944.npy,75,225
People,Husband,MVI_3945,Landmark_Data/People/Husband/MVI_3945.npy,74,225
People,Husband,MVI_4090,Landmark_Data/People/Husband/MVI_4090.npy,65,225
People,Husband,MVI_4091,Landmark_Data/People/Husband/MVI_4091.npy,66,225
People,Husband,MVI_4092,Landmark_Data/People/Husband/MVI_4092.npy,69,225
People,Husband,MVI_4236,Landmark_Data/People/Husband/MVI_4236.npy,68,225
People,Husband,MVI_4961,Landmark_Data/People/Husband/MVI_4961.npy,47,225
People,Husband,MVI_4962,Landmark_Data/People/Husband/MVI_4962.npy,54,225
People,Husband,MVI_4963,Landmark_Data/People/Husband/MVI_4963.npy,58,225
People,Husband,MVI_5112,Landmark_Data/People/Husband/MVI_5112.npy,63,225
People,Husband,MVI_5113,Landmark_Data/People/Husband/MVI_5113.npy,60,225
People,Husband,MVI_5114,Landmark_Data/People/Husband/MVI_5114.npy,76,225
People,Husband,MVI_5261,Landmark_Data/People/Husband/MVI_5261.npy,60,225
People,Husband,MVI_5262,Landmark_Data/People/Husband/MVI_5262.npy,45,225
People,Husband,MVI_5263,Landmark_Data/People/Husband/MVI_5263.npy,56,225
People,Husband,MVI_8638,Landmark_Data/People/Husband/MVI_8638.npy,75,225
People,King,MVI_3802,Landmark_Data/People/King/MVI_3802.npy,69,225
People,King,MVI_3803,Landmark_Data/People/King/MVI_3803.npy,57,225
People,King,MVI_3804,Landmark_Data/People/King/MVI_3804.npy,51,225
People,King,MVI_3950,Landmark_Data/People/King/MVI_3950.npy,72,225
People,King,MVI_3951,Landmark_Data/People/King/MVI_3951.npy,87,225
People,King,MVI_3952,Landmark_Data/People/King/MVI_3952.npy,73,225
People,King,MVI_4096,Landmark_Data/People/King/MVI_4096.npy,69,225
People,King,MVI_4097,Landmark_Data/People/King/MVI_4097.npy,60,225
People,King,MVI_4098,Landmark_Data/People/King/MVI_4098.npy,64,225
People,King,MVI_4238,Landmark_Data/People/King/MVI_4238.npy,53,225
People,King,MVI_4968,Landmark_Data/People/King/MVI_4968.npy,49,225
People,King,MVI_4969,Landmark_Data/People/King/MVI_4969.npy,53,225
People,King,MVI_4970,Landmark_Data/People/King/MVI_4970.npy,52,225
People,King,MVI_5120,Landmark_Data/People/King/MVI_5120.npy,62,225
People,King,MVI_5121,Landmark_Data/People/King/MVI_5121.npy,60,225
People,King,MVI_5122,Landmark_Data/People/King/MVI_5122.npy,65,225
People,King,MVI_5268,Landmark_Data/People/King/MVI_5268.npy,56,225
People,King,MVI_5269,Landmark_Data/People/King/MVI_5269.npy,61,225
People,King,MVI_5270,Landmark_Data/People/King/MVI_5270.npy,56,225
People,King,MVI_8640,Landmark_Data/People/King/MVI_8640.npy,66,225
People,Man,MVI_3772,Landmark_Data/People/Man/MVI_3772.npy,64,225
People,Man,MVI_3773,Landmark_Data/People/Man/MVI_3773.npy,51,225
People,Man,MVI_3774,Landmark_Data/People/Man/MVI_3774.npy,47,225
People,Man,MVI_3921,Landmark_Data/People/Man/MVI_3921.npy,67,225
People,Man,MVI_3922,Landmark_Data/People/Man/MVI_3922.npy,77,225
People,Man,MVI_3923,Landmark_Data/People/Man/MVI_3923.npy,60,225
People,Man,MVI_4069,Landmark_Data/People/Man/MVI_4069.npy,63,225
People,Man,MVI_4070,Landmark_Data/People/Man/MVI_4070.npy,56,225
People,Man,MVI_4071,Landmark_Data/People/Man/MVI_4071.npy,61,225
People,Man,MVI_4227,Landmark_Data/People/Man/MVI_4227.npy,49,225
People,Man,MVI_4949,Landmark_Data/People/Man/MVI_4949.npy,52,225
People,Man,MVI_4950,Landmark_Data/People/Man/MVI_4950.npy,40,225
People,Man,MVI_4951,Landmark_Data/People/Man/MVI_4951.npy,41,225
People,Man,MVI_5089,Landmark_Data/People/Man/MVI_5089.npy,56,225
People,Man,MVI_5090,Landmark_Data/People/Man/MVI_5090.npy,50,225
People,Man,MVI_5091,Landmark_Data/People/Man/MVI_5091.npy,60,225
People,Man,MVI_5237,Landmark_Data/People/Man/MVI_5237.npy,62,225
People,Man,MVI_5238,Landmark_Data/People/Man/MVI_5238.npy,58,225
People,Man,MVI_5239,Landmark_Data/People/Man/MVI_5239.npy,53,225
People,Man,MVI_8629,Landmark_Data/People/Man/MVI_8629.npy,56,225
People,Mother,MVI_3760,Landmark_Data/People/Mother/MVI_3760.npy,50,225
People,Mother,MVI_3761,Landmark_Data/People/Mother/MVI_3761.npy,50,225
People,Mother,MVI_3762,Landmark_Data/People/Mother/MVI_3762.npy,46,225
People,Mother,MVI_3906,Landmark_Data/People/Mother/MVI_3906.npy,66,225
People,Mother,MVI_3907,Landmark_Data/People/Mother/MVI_3907.npy,66,225
People,Mother,MVI_3908,Landmark_Data/People/Mother/MVI_3908.npy,75,225
People,Mother,MVI_4057,Landmark_Data/People/Mother/MVI_4057.npy,59,225
People,Mother,MVI_4058,Landmark_Data/People/Mother/MVI_4058.npy,61,225
People,Mother,MVI_4059,Landmark_Data/People/Mother/MVI_4059.npy,61,225
People,Mother,MVI_4222,Landmark_Data/People/Mother/MVI_4222.npy,52,225
People,Mother,MVI_4937,Landmark_Data/People/Mother/MVI_4937.npy,53,225
People,Mother,MVI_4938,Landmark_Data/People/Mother/MVI_4938.npy,53,225
People,Mother,MVI_4939,Landmark_Data/People/Mother/MVI_4939.npy,57,225
People,Mother,MVI_5077,Landmark_Data/People/Mother/MVI_5077.npy,51,225
People,Mother,MVI_5078,Landmark_Data/People/Mother/MVI_5078.npy,56,225
People,Mother,MVI_5079,Landmark_Data/People/Mother/MVI_5079.npy,54,225
People,Mother,MVI_5224,Landmark_Data/People/Mother/MVI_5224.npy,49,225
People,Mother,MVI_5225,Landmark_Data/People/Mother/MVI_5225.npy,54,225
People,Mother,MVI_5226,Landmark_Data/People/Mother/MVI_5226.npy,49,225
People,Mother,MVI_8625,Landmark_Data/People/Mother/MVI_8625.npy,61,225
People,Neighbour,MVI_3811,Landmark_Data/People/Neighbour/MVI_3811.npy,60,225
People,Neighbour,MVI_3812,Landmark_Data/People/Neighbour/MVI_3812.npy,53,225
People,Neighbour,MVI_3813,Landmark_Data/People/Neighbour/MVI_3813.npy,63,225
People,Neighbour,MVI_3959,Landmark_Data/People/Neighbour/MVI_3959.npy,85,225
People,Neighbour,MVI_3960,Landmark_Data/People/Neighbour/MVI_3960.npy,77,225
People,Neighbour,MVI_3961,Landmark_Data/People/Neighbour/MVI_3961.npy,72,225
People,Neighbour,MVI_4105,Landmark_Data/People/Neighbour/MVI_4105.npy,68,225
People,Neighbour,MVI_4106,Landmark_Data/People/Neighbour/MVI_4106.npy,66,225
People,Neighbour,MVI_4107,Landmark_Data/People/Neighbour/MVI_4107.npy,67,225
People,Neighbour,MVI_4241,Landmark_Data/People/Neighbour/MVI_4241.npy,64,225
People,Neighbour,MVI_4978,Landmark_Data/People/Neighbour/MVI_4978.npy,48,225
People,Neighbour,MVI_4979,Landmark_Data/People/Neighbour/MVI_4979.npy,49,225
People,Neighbour,MVI_4980,Landmark_Data/People/Neighbour/MVI_4980.npy,49,225
People,Neighbour,MVI_5129,Landmark_Data/People/Neighbour/MVI_5129.npy,69,225
People,Neighbour,MVI_5130,Landmark_Data/People/Neighbour/MVI_5130.npy,64,225
People,Neighbour,MVI_5131,Landmark_Data/People/Neighbour/MVI_5131.npy,62,225
People,Neighbour,MVI_5277,Landmark_Data/People/Neighbour/MVI_5277.npy,55,225
People,Neighbour,MVI_5278,Landmark_Data/People/Neighbour/MVI_5278.npy,60,225
People,Neighbour,MVI_5279,Landmark_Data/People/Neighbour/MVI_5279.npy,54,225
People,Neighbour,MVI_8643,Landmark_Data/People/Neighbour/MVI_8643.npy,76,225
People,Parent,MVI_3766,Landmark_Data/People/Parent/MVI_3766.npy,74,225
People,Parent,MVI_3767,Landmark_Data/People/Parent/MVI_3767.npy,66,225
People,Parent,MVI_3768,Landmark_Data/People/Parent/MVI_3768.npy,82,225
People,Parent,MVI_3914,Landmark_Data/People/Parent/MVI_3914.npy,79,225
People,Parent,MVI_3915,Landmark_Data/People/Parent/MVI_3915.npy,76,225
People,Parent,MVI_3916,Landmark_Data/People/Parent/MVI_3916.npy,76,225
People,Parent,MVI_4063,Landmark_Data/People/Parent/MVI_4063.npy,81,225
People,Parent,MVI_4064,Landmark_Data/People/Parent/MVI_4064.npy,76,225
People,Parent,MVI_4065,Landmark_Data/People/Parent/MVI_4065.npy,74,225
People,Parent,MVI_4225,Landmark_Data/People/Parent/MVI_4225.npy,62,225
People,Parent,MVI_4943,Landmark_Data/People/Parent/MVI_4943.npy,64,225
People,Parent,MVI_4944,Landmark_Data/People/Parent/MVI_4944.npy,71,225
People,Parent,MVI_4945,Landmark_Data/People/Parent/MVI_4945.npy,71,225
People,Parent,MVI_5083,Landmark_Data/People/Parent/MVI_5083.npy,72,225
People,Parent,MVI_5084,Landmark_Data/People/Parent/MVI_5084.npy,65,225
People,Parent,MVI_5085,Landmark_Data/People/Parent/MVI_5085.npy,67,225
People,Parent,MVI_5231,Landmark_Data/People/Parent/MVI_5231.npy,80,225
People,Parent,MVI_5232,Landmark_Data/People/Parent/MVI_5232.npy,68,225
People,Parent,MVI_5233,Landmark_Data/People/Parent/MVI_5233.npy,69,225
People,Parent,MVI_8627,Landmark_Data/People/Parent/MVI_8627.npy,81,225
People,Player,MVI_3829,Landmark_Data/People/Player/MVI_3829.npy,62,225
People,Player,MVI_3830,Landmark_Data/People/Player/MVI_3830.npy,59,225
People,Player,MVI_3831,Landmark_Data/People/Player/MVI_3831.npy,67,225
People,Player,MVI_3978,Landmark_Data/People/Player/MVI_3978.npy,77,225
People,Player,MVI_3979,Landmark_Data/People/Player/MVI_3979.npy,76,225
People,Player,MVI_3980,Landmark_Data/People/Player/MVI_3980.npy,71,225
People,Player,MVI_4125,Landmark_Data/People/Player/MVI_4125.npy,58,225
People,Player,MVI_4126,Landmark_Data/People/Player/MVI_4126.npy,62,225
People,Player,MVI_4127,Landmark_Data/People/Player/MVI_4127.npy,68,225
People,Player,MVI_4247,Landmark_Data/People/Player/MVI_4247.npy,60,225
People,Player,MVI_5000,Landmark_Data/People/Player/MVI_5000.npy,57,225
People,Player,MVI_5001,Landmark_Data/People/Player/MVI_5001.npy,66,225
People,Player,MVI_5002,Landmark_Data/People/Player/MVI_5002.npy,52,225
People,Player,MVI_5148,Landmark_Data/People/Player/MVI_5148.npy,63,225
People,Player,MVI_5149,Landmark_Data/People/Player/MVI_5149.npy,61,225
People,Player,MVI_5150,Landmark_Data/People/Player/MVI_5150.npy,72,225
People,Player,MVI_5303,Landmark_Data/People/Player/MVI_5303.npy,56,225
People,Player,MVI_5304,Landmark_Data/People/Player/MVI_5304.npy,64,225
People,Player,MVI_5305,Landmark_Data/People/Player/MVI_5305.npy,59,225
People,Player,MVI_8649,Landmark_Data/People/Player/MVI_8649.npy,65,225
People,President,MVI_3808,Landmark_Data/People/President/MVI_3808.npy,63,225
People,President,MVI_3809,Landmark_Data/People/President/MVI_3809.npy,64,225
People,President,MVI_3810,Landmark_Data/People/President/MVI_3810.npy,65,225
People,President,MVI_3956,Landmark_Data/People/President/MVI_3956.npy,67,225
People,President,MVI_3957,Landmark_Data/People/President/MVI_3957.npy,71,225
People,President,MVI_3958,Landmark_Data/People/President/MVI_3958.npy,66,225
People,President,MVI_4102,Landmark_Data/People/President/MVI_4102.npy,83,225
People,President,MVI_4103,Landmark_Data/People/President/MVI_4103.npy,62,225
People,President,MVI_4104,Landmark_Data/People/President/MVI_4104.npy,66,225
People,President,MVI_4240,Landmark_Data/People/President/MVI_4240.npy,59,225
People,President,MVI_4975,Landmark_Data/People/President/MVI_4975.npy,52,225
People,President,MVI_4976,Landmark_Data/People/President/MVI_4976.npy,51,225
People,President,MVI_4977,Landmark_Data/People/President/MVI_4977.npy,52,225
People,President,MVI_5126,Landmark_Data/People/President/MVI_5126.npy,75,225
People,President,MVI_5127,Landmark_Data/People/President/MVI_5127.npy,57,225
People,President,MVI_5128,Landmark_Data/People/President/MVI_5128.npy,67,225
People,President,MVI_5274,Landmark_Data/People/President/MVI_5274.npy,49,225
People,President,MVI_5275,Landmark_Data/People/President/MVI_5275.npy,55,225
People,President,MVI_5276,Landmark_Data/People/President/MVI_5276.npy,56,225
People,President,MVI_8642,Landmark_Data/People/President/MVI_8642.npy,55,225
People,Queen,MVI_3805,Landmark_Data/People/Queen/MVI_3805.npy,57,225
People,Queen,MVI_3806,Landmark_Data/People/Queen/MVI_3806.npy,63,225
People,Queen,MVI_3807,Landmark_Data/People/Queen/MVI_3807.npy,61,225
People,Queen,MVI_3953,Landmark_Data/People/Queen/MVI_3953.npy,79,225
People,Queen,MVI_3954,Landmark_Data/People/Queen/MVI_3954.npy,81,225
People,Queen,MVI_3955,Landmark_Data/People/Queen/MVI_3955.npy,74,225
People,Queen,MVI_4099,Landmark_Data/People/Queen/MVI_4099.npy,62,225
People,Queen,MVI_4100,Landmark_Data/People/Queen/MVI_4100.npy,60,225
People,Queen,MVI_4101,Landmark_Data/People/Queen/MVI_4101.npy,58,225
People,Queen,MVI_4239,Landmark_Data/People/Queen/MVI_4239.npy,51,225
People,Queen,MVI_4972,Landmark_Data/People/Queen/MVI_4972.npy,50,225
People,Queen,MVI_4973,Landmark_Data/People/Queen/MVI_4973.npy,49,225
People,Queen,MVI_4974,Landmark_Data/People/Queen/MVI_4974.npy,43,225
People,Queen,MVI_5123,Landmark_Data/People/Queen/MVI_5123.npy,64,225
People,Queen,MVI_5124,Landmark_Data/People/Queen/MVI_5124.npy,60,225
People,Queen,MVI_5125,Landmark_Data/People/Queen/MVI_5125.npy,58,225
People,Queen,MVI_5271,Landmark_Data/People/Queen/MVI_5271.npy,45,225
People,Queen,MVI_5272,Landmark_Data/People/Queen/MVI_5272.npy,52,225
People,Queen,MVI_5273,Landmark_Data/People/Queen/MVI_5273.npy,59,225
People,Queen,MVI_8641,Landmark_Data/People/Queen/MVI_8641.npy,68,225
People,Sister,MVI_3782,Landmark_Data/People/Sister/MVI_3782.npy,55,225
People,Sister,MVI_3784,Landmark_Data/People/Sister/MVI_3784.npy,52,225
People,Sister,MVI_3785,Landmark_Data/People/Sister/MVI_3785.npy,49,225
People,Sister,MVI_3930,Landmark_Data/People/Sister/MVI_3930.npy,84,225
People,Sister,MVI_3931,Landmark_Data/People/Sister/MVI_3931.npy,74,225
People,Sister,MVI_3932,Landmark_Data/People/Sister/MVI_3932.npy,82,225
People,Sister,MVI_4078,Landmark_Data/People/Sister/MVI_4078.npy,56,225
People,Sister,MVI_4079,Landmark_Data/People/Sister/MVI_4079.npy,59,225
People,Sister,MVI_4080,Landmark_Data/People/Sister/MVI_4080.npy,56,225
People,Sister,MVI_4231,Landmark_Data/People/Sister/MVI_4231.npy,52,225
People,Sister,MVI_4958,Landmark_Data/People/Sister/MVI_4958.npy,54,225
People,Sister,MVI_4959,Landmark_Data/People/Sister/MVI_4959.npy,43,225
People,Sister,MVI_4960,Landmark_Data/People/Sister/MVI_4960.npy,54,225
People,Sister,MVI_5098,Landmark_Data/People/Sister/MVI_5098.npy,59,225
People,Sister,MVI_5099,Landmark_Data/People/Sister/MVI_5099.npy,58,225
People,Sister,MVI_5100,Landmark_Data/People/Sister/MVI_5100.npy,54,225
People,Sister,MVI_5246,Landmark_Data/People/Sister/MVI_5246.npy,49,225
People,Sister,MVI_5247,Landmark_Data/People/Sister/MVI_5247.npy,57,225
People,Sister,MVI_5248,Landmark_Data/People/Sister/MVI_5248.npy,56,225
People,Sister,MVI_8632,Landmark_Data/People/Sister/MVI_8632.npy,63,225
People,Son,MVI_3753,Landmark_Data/People/Son/MVI_3753.npy,66,225
People,Son,MVI_3754,Landmark_Data/People/Son/MVI_3754.npy,49,225
People,Son,MVI_3755,Landmark_Data/People/Son/MVI_3755.npy,52,225
People,Son,MVI_3900,Landmark_Data/People/Son/MVI_3900.npy,87,225
People,Son,MVI_3901,Landmark_Data/People/Son/MVI_3901.npy,77,225
People,Son,MVI_3902,Landmark_Data/People/Son/MVI_3902.npy,75,225
People,Son,MVI_4051,Landmark_Data/People/Son/MVI_4051.npy,55,225
People,Son,MVI_4052,Landmark_Data/People/Son/MVI_4052.npy,61,225
People,Son,MVI_4053,Landmark_Data/People/Son/MVI_4053.npy,65,225
People,Son,MVI_4219,Landmark_Data/People/Son/MVI_4219.npy,57,225
People,Son,MVI_4931,Landmark_Data/People/Son/MVI_4931.npy,61,225
People,Son,MVI_4932,Landmark_Data/People/Son/MVI_4932.npy,66,225
People,Son,MVI_4933,Landmark_Data/People/Son/MVI_4933.npy,60,225
People,Son,MVI_5071,Landmark_Data/People/Son/MVI_5071.npy,59,225
People,Son,MVI_5072,Landmark_Data/People/Son/MVI_5072.npy,62,225
People,Son,MVI_5073,Landmark_Data/People/Son/MVI_5073.npy,55,225
People,Son,MVI_5218,Landmark_Data/People/Son/MVI_5218.npy,68,225
People,Son,MVI_5219,Landmark_Data/People/Son/MVI_5219.npy,68,225
People,Son,MVI_5220,Landmark_Data/People/Son/MVI_5220.npy,69,225
People,Son,MVI_8623,Landmark_Data/People/Son/MVI_8623.npy,70,225
People,Wife,MVI_3799,Landmark_Data/People/Wife/MVI_3799.npy,53,225
People,Wife,MVI_3800,Landmark_Data/People/Wife/MVI_3800.npy,53,225
People,Wife,MVI_3801,Landmark_Data/People/Wife/MVI_3801.npy,51,225
People,Wife,MVI_3947,Landmark_Data/People/Wife/MVI_3947.npy,64,225
People,Wife,MVI_3948,Landmark_Data/People/Wife/MVI_3948.npy,67,225
People,Wife,MVI_3949,Landmark_Data/People/Wife/MVI_3949.npy,69,225
People,Wife,MVI_4093,Landmark_Data/People/Wife/MVI_4093.npy,69,225
People,Wife,MVI_4094,Landmark_Data/People/Wife/MVI_4094.npy,62,225
People,Wife,MVI_4095,Landmark_Data/People/Wife/MVI_4095.npy,68,225
People,Wife,MVI_4237,Landmark_Data/People/Wife/MVI_4237.npy,53,225
People,Wife,MVI_4964,Landmark_Data/People/Wife/MVI_4964.npy,46,225
People,Wife,MVI_4965,Landmark_Data/People/Wife/MVI_4965.npy,50,225
People,Wife,MVI_4967,Landmark_Data/People/Wife/MVI_4967.npy,53,225
People,Wife,MVI_5117,Landmark_Data/People/Wife/MVI_5117.npy,75,225
People,Wife,MVI_5118,Landmark_Data/People/Wife/MVI_5118.npy,58,225
People,Wife,MVI_5119,Landmark_Data/People/Wife/MVI_5119.npy,75,225
People,Wife,MVI_5264,Landmark_Data/People/Wife/MVI_5264.npy,59,225
People,Wife,MVI_5265,Landmark_Data/People/Wife/MVI_5265.npy,59,225
People,Wife,MVI_5266,Landmark_Data/People/Wife/MVI_5266.npy,60,225
People,Wife,MVI_8639,Landmark_Data/People/Wife/MVI_8639.npy,61,225
People,Woman,MVI_3775,Landmark_Data/People/Woman/MVI_3775.npy,53,225
People,Woman,MVI_3776,Landmark_Data/People/Woman/MVI_3776.npy,48,225
People,Woman,MVI_3777,Landmark_Data/People/Woman/MVI_3777.npy,46,225
People,Woman,MVI_3924,Landmark_Data/People/Woman/MVI_3924.npy,70,225
People,Woman,MVI_3925,Landmark_Data/People/Woman/MVI_3925.npy,64,225
People,Woman,MVI_3926,Landmark_Data/People/Woman/MVI_3926.npy,57,225
People,Woman,MVI_4072,Landmark_Data/People/Woman/MVI_4072.npy,52,225
People,Woman,MVI_4073,Landmark_Data/People/Woman/MVI_4073.npy,49,225
People,Woman,MVI_4074,Landmark_Data/People/Woman/MVI_4074.npy,51,225
People,Woman,MVI_4229,Landmark_Data/People/Woman/MVI_4229.npy,46,225
People,Woman,MVI_4952,Landmark_Data/People/Woman/MVI_4952.npy,65,225
People,Woman,MVI_4953,Landmark_Data/People/Woman/MVI_4953.npy,51,225
People,Woman,MVI_4954,Landmark_Data/People/Woman/MVI_4954.npy,50,225
People,Woman,MVI_5092,Landmark_Data/People/Woman/MVI_5092.npy,56,225
People,Woman,MVI_5093,Landmark_Data/People/Woman/MVI_5093.npy,65,225
People,Woman,MVI_5094,Landmark_Data/People/Woman/MVI_5094.npy,66,225
People,Woman,MVI_5240,Landmark_Data/People/Woman/MVI_5240.npy,61,225
People,Woman,MVI_5241,Landmark_Data/People/Woman/MVI_5241.npy,61,225
People,Woman,MVI_5242,Landmark_Data/People/Woman/MVI_5242.npy,43,225
People,Woman,MVI_8630,Landmark_Data/People/Woman/MVI_8630.npy,56,225
Places,Bank,MVI_3335,Landmark_Data/Places/Bank/MVI_3335.npy,74,225
Places,Bank,MVI_3336,Landmark_Data/Places/Bank/MVI_3336.npy,63,225
Places,Bank,MVI_3337,Landmark_Data/Places/Bank/MVI_3337.npy,62,225
Places,Bank,MVI_3338,Landmark_Data/Places/Bank/MVI_3338.npy,63,225
Places,Bank,MVI_3339,Landmark_Data/Places/Bank/MVI_3339.npy,63,225
Places,Bank,MVI_3419,Landmark_Data/Places/Bank/MVI_3419.npy,82,225
Places,Bank,MVI_3420,Landmark_Data/Places/Bank/MVI_3420.npy,66,225
Places,Bank,MVI_3421,Landmark_Data/Places/Bank/MVI_3421.npy,59,225
Places,Bank,MVI_3422,Landmark_Data/Places/Bank/MVI_3422.npy,59,225
Places,Bank,MVI_3423,Landmark_Data/Places/Bank/MVI_3423.npy,70,225
Places,Bank,MVI_3500,Landmark_Data/Places/Bank/MVI_3500.npy,44,225
Places,Bank,MVI_3501,Landmark_Data/Places/Bank/MVI_3501.npy,41,225
Places,Bank,MVI_3502,Landmark_Data/Places/Bank/MVI_3502.npy,48,225
Places,Bank,MVI_3503,Landmark_Data/Places/Bank/MVI_3503.npy,45,225
Places,Bank,MVI_3581,Landmark_Data/Places/Bank/MVI_3581.npy,50,225
Places,Bank,MVI_3582,Landmark_Data/Places/Bank/MVI_3582.npy,51,225
Places,Bank,MVI_3583,Landmark_Data/Places/Bank/MVI_3583.npy,45,225
Places,Bank,MVI_3584,Landmark_Data/Places/Bank/MVI_3584.npy,50,225
Places,Bank,MVI_3661,Landmark_Data/Places/Bank/MVI_3661.npy,44,225
Places,Bank,MVI_3662,Landmark_Data/Places/Bank/MVI_3662.npy,43,225
Places,Bank,MVI_3663,Landmark_Data/Places/Bank/MVI_3663.npy,44,225
Places,Bank,MVI_3664,Landmark_Data/Places/Bank/MVI_3664.npy,47,225
Places,City,MVI_3263,Landmark_Data/Places/City/MVI_3263.npy,90,225
Places,City,MVI_3264,Landmark_Data/Places/City/MVI_3264.npy,65,225
Places,City,MVI_3265,Landmark_Data/Places/City/MVI_3265.npy,84,225
Places,City,MVI_3266,Landmark_Data/Places/City/MVI_3266.npy,81,225
Places,City,MVI_3345,Landmark_Data/Places/City/MVI_3345.npy,92,225
Places,City,MVI_3346,Landmark_Data/Places/City/MVI_3346.npy,64,225
Places,City,MVI_3347,Landmark_Data/Places/City/MVI_3347.npy,63,225
Places,City,MVI_3348,Landmark_Data/Places/City/MVI_3348.npy,57,225
Places,City,MVI_3430,Landmark_Data/Places/City/MVI_3430.npy,72,225
Places,City,MVI_3431,Landmark_Data/Places/City/MVI_3431.npy,68,225
Places,City,MVI_3432,Landmark_Data/Places/City/MVI_3432.npy,64,225
Places,City,MVI_3434,Landmark_Data/Places/City/MVI_3434.npy,70,225
Places,City,MVI_3508,Landmark_Data/Places/City/MVI_3508.npy,68,225
Places,City,MVI_3509,Landmark_Data/Places/City/MVI_3509.npy,59,225
Places,City,MVI_3510,Landmark_Data/Places/City/MVI_3510.npy,70,225
Places,City,MVI_3512,Landmark_Data/Places/City/MVI_3512.npy,60,225
Places,City,MVI_3589,Landmark_Data/Places/City/MVI_3589.npy,70,225
Places,City,MVI_3590,Landmark_Data/Places/City/MVI_3590.npy,63,225
Places,City,MVI_3591,Landmark_Data/Places/City/MVI_3591.npy,60,225
Places,City,MVI_3592,Landmark_Data/Places/City/MVI_3592.npy,54,225
Places,Hospital,MVI_3315,Landmark_Data/Places/Hospital/MVI_3315.npy,81,225
Places,Hospital,MVI_3316,Landmark_Data/Places/Hospital/MVI_3316.npy,75,225
Places,Hospital,MVI_3317,Landmark_Data/Places/Hospital/MVI_3317.npy,71,225
Places,Hospital,MVI_3318,Landmark_Data/Places/Hospital/MVI_3318.npy,72,225
Places,Hospital,MVI_3397,Landmark_Data/Places/Hospital/MVI_3397.npy,78,225
Places,Hospital,MVI_3398,Landmark_Data/Places/Hospital/MVI_3398.npy,70,225
Places,Hospital,MVI_3399,Landmark_Data/Places/Hospital/MVI_3399.npy,65,225
Places,Hospital,MVI_3400,Landmark_Data/Places/Hospital/MVI_3400.npy,71,225
Places,Hospital,MVI_3480,Landmark_Data/Places/Hospital/MVI_3480.npy,66,225
Places,Hospital,MVI_3481,Landmark_Data/Places/Hospital/MVI_3481.npy,69,225
Places,Hospital,MVI_3482,Landmark_Data/Places/Hospital/MVI_3482.npy,63,225
Places,Hospital,MVI_3483,Landmark_Data/Places/Hospital/MVI_3483.npy,61,225
Places,Hospital,MVI_3560,Landmark_Data/Places/Hospital/MVI_3560.npy,59,225
Places,Hospital,MVI_3561,Landmark_Data/Places/Hospital/MVI_3561.npy,56,225
Places,Hospital,MVI_3562,Landmark_Data/Places/Hospital/MVI_3562.npy,59,225
Places,Hospital,MVI_3563,Landmark_Data/Places/Hospital/MVI_3563.npy,65,225
Places,Hospital,MVI_3638,Landmark_Data/Places/Hospital/MVI_3638.npy,65,225
Places,Hospital,MVI_3639,Landmark_Data/Places/Hospital/MVI_3639.npy,54,225
Places,Hospital,MVI_3640,Landmark_Data/Places/Hospital/MVI_3640.npy,56,225
Places,Hospital,MVI_3641,Landmark_Data/Places/Hospital/MVI_3641.npy,58,225
Places,Location,MVI_3341,Landmark_Data/Places/Location/MVI_3341.npy,70,225
Places,Location,MVI_3342,Landmark_Data/Places/Location/MVI_3342.npy,74,225
Places,Location,MVI_3343,Landmark_Data/Places/Location/MVI_3343.npy,56,225
Places,Location,MVI_3344,Landmark_Data/Places/Location/MVI_3344.npy,63,225
Places,Location,MVI_3425,Landmark_Data/Places/Location/MVI_3425.npy,60,225
Places,Location,MVI_3426,Landmark_Data/Places/Location/MVI_3426.npy,61,225
Places,Location,MVI_3427,Landmark_Data/Places/Location/MVI_3427.npy,61,225
Places,Location,MVI_3428,Landmark_Data/Places/Location/MVI_3428.npy,57,225
Places,Location,MVI_3429,Landmark_Data/Places/Location/MVI_3429.npy,63,225
Places,Location,MVI_3504,Landmark_Data/Places/Location/MVI_3504.npy,44,225
Places,Location,MVI_3505,Landmark_Data/Places/Location/MVI_3505.npy,42,225
Places,Location,MVI_3506,Landmark_Data/Places/Location/MVI_3506.npy,49,225
Places,Location,MVI_3507,Landmark_Data/Places/Location/MVI_3507.npy,51,225
Places,Location,MVI_3585,Landmark_Data/Places/Location/MVI_3585.npy,52,225
Places,Location,MVI_3586,Landmark_Data/Places/Location/MVI_3586.npy,41,225
Places,Location,MVI_3587,Landmark_Data/Places/Location/MVI_3587.npy,56,225
Places,Location,MVI_3588,Landmark_Data/Places/Location/MVI_3588.npy,51,225
Places,Location,MVI_3669,Landmark_Data/Places/Location/MVI_3669.npy,71,225
Places,Location,MVI_3671,Landmark_Data/Places/Location/MVI_3671.npy,64,225
Places,Location,MVI_3672,Landmark_Data/Places/Location/MVI_3672.npy,67,225
Places,Location,MVI_3673,Landmark_Data/Places/Location/MVI_3673.npy,71,225
Places,Location,MVI_3674,Landmark_Data/Places/Location/MVI_3674.npy,63,225
Places,School,MVI_3290,Landmark_Data/Places/School/MVI_3290.npy,34,225
Places,School,MVI_3291,Landmark_Data/Places/School/MVI_3291.npy,69,225
Places,School,MVI_3292,Landmark_Data/Places/School/MVI_3292.npy,65,225
Places,School,MVI_3293,Landmark_Data/Places/School/MVI_3293.npy,72,225
Places,School,MVI_3372,Landmark_Data/Places/School/MVI_3372.npy,61,225
Places,School,MVI_3373,Landmark_Data/Places/School/MVI_3373.npy,66,225
Places,School,MVI_3374,Landmark_Data/Places/School/MVI_3374.npy,66,225
Places,School,MVI_3457,Landmark_Data/Places/School/MVI_3457.npy,51,225
Places,School,MVI_3458,Landmark_Data/Places/School/MVI_3458.npy,55,225
Places,School,MVI_3536,Landmark_Data/Places/School/MVI_3536.npy,53,225
Society,Attack,MVI_4299,Landmark_Data/Society/Attack/MVI_4299.npy,73,225
Society,Attack,MVI_4300,Landmark_Data/Society/Attack/MVI_4300.npy,79,225
Society,Attack,MVI_4301,Landmark_Data/Society/Attack/MVI_4301.npy,76,225
Society,Attack,MVI_4302,Landmark_Data/Society/Attack/MVI_4302.npy,83,225
Society,Attack,MVI_4303,Landmark_Data/Society/Attack/MVI_4303.npy,70,225
Society,Attack,MVI_4836,Landmark_Data/Society/Attack/MVI_4836.npy,73,225
Society,Attack,MVI_4837,Landmark_Data/Society/Attack/MVI_4837.npy,66,225
Society,Attack,MVI_4838,Landmark_Data/Society/Attack/MVI_4838.npy,62,225
Society,Attack,MVI_8706,Landmark_Data/Society/Attack/MVI_8706.npy,95,225
Society,Attack,MVI_8707,Landmark_Data/Society/Attack/MVI_8707.npy,80,225
Society,Attack,MVI_8708,Landmark_Data/Society/Attack/MVI_8708.npy,94,225
Society,Attack,MVI_8709,Landmark_Data/Society/Attack/MVI_8709.npy,90,225
Society,Attack,MVI_8964,Landmark_Data/Society/Attack/MVI_8964.npy,71,225
Society,Attack,MVI_8965,Landmark_Data/Society/Attack/MVI_8965.npy,76,225
Society,Attack,MVI_8966,Landmark_Data/Society/Attack/MVI_8966.npy,85,225
Society,Ball,MVI_4324,Landmark_Data/Society/Ball/MVI_4324.npy,50,225
Society,Ball,MVI_4325,Landmark_Data/Society/Ball/MVI_4325.npy,47,225
Society,Ball,MVI_4326,Landmark_Data/Society/Ball/MVI_4326.npy,50,225
Society,Ball,MVI_4327,Landmark_Data/Society/Ball/MVI_4327.npy,50,225
Society,Ball,MVI_4854,Landmark_Data/Society/Ball/MVI_4854.npy,44,225
Society,Ball,MVI_4855,Landmark_Data/Society/Ball/MVI_4855.npy,47,225
Society,Ball,MVI_4856,Landmark_Data/Society/Ball/MVI_4856.npy,41,225
Society,Ball,MVI_8730,Landmark_Data/Society/Ball/MVI_8730.npy,54,225
Society,Ball,MVI_8731,Landmark_Data/Society/Ball/MVI_8731.npy,70,225
Society,Ball,MVI_8732,Landmark_Data/Society/Ball/MVI_8732.npy,63,225
Society,Ball,MVI_8733,Landmark_Data/Society/Ball/MVI_8733.npy,69,225
Society,Ball,MVI_8982,Landmark_Data/Society/Ball/MVI_8982.npy,68,225
Society,Ball,MVI_8983,Landmark_Data/Society/Ball/MVI_8983.npy,64,225
Society,Ball,MVI_8984,Landmark_Data/Society/Ball/MVI_8984.npy,65,225
Society,Ball,MVI_8985,Landmark_Data/Society/Ball/MVI_8985.npy,62,225
Society,Bill,MVI_4267,Landmark_Data/Society/Bill/MVI_4267.npy,54,225
Society,Bill,MVI_4268,Landmark_Data/Society/Bill/MVI_4268.npy,55,225
Society,Bill,MVI_4269,Landmark_Data/Society/Bill/MVI_4269.npy,43,225
Society,Bill,MVI_4270,Landmark_Data/Society/Bill/MVI_4270.npy,46,225
Society,Bill,MVI_4809,Landmark_Data/Society/Bill/MVI_4809.npy,53,225
Society,Bill,MVI_4810,Landmark_Data/Society/Bill/MVI_4810.npy,61,225
Society,Bill,MVI_4811,Landmark_Data/Society/Bill/MVI_4811.npy,63,225
Society,Bill,MVI_8673,Landmark_Data/Society/Bill/MVI_8673.npy,62,225
Society,Bill,MVI_8674,Landmark_Data/Society/Bill/MVI_8674.npy,71,225
Society,Bill,MVI_8675,Landmark_Data/Society/Bill/MVI_8675.npy,71,225
Society,Bill,MVI_8676,Landmark_Data/Society/Bill/MVI_8676.npy,67,225
Society,Bill,MVI_8939,Landmark_Data/Society/Bill/MVI_8939.npy,65,225
Society,Bill,MVI_8940,Landmark_Data/Society/Bill/MVI_8940.npy,66,225
Society,Bill,MVI_8941,Landmark_Data/Society/Bill/MVI_8941.npy,57,225
Society,Death,MVI_4255,Landmark_Data/Society/Death/MVI_4255.npy,63,225
Society,Death,MVI_4256,Landmark_Data/Society/Death/MVI_4256.npy,58,225
Society,Death,MVI_4257,Landmark_Data/Society/Death/MVI_4257.npy,116,225
Society,Death,MVI_4258,Landmark_Data/Society/Death/MVI_4258.npy,59,225
Society,Death,MVI_4800,Landmark_Data/Society/Death/MVI_4800.npy,62,225
Society,Death,MVI_4801,Landmark_Data/Society/Death/MVI_4801.npy,71,225
Society,Death,MVI_4802,Landmark_Data/Society/Death/MVI_4802.npy,61,225
Society,Death,MVI_8661,Landmark_Data/Society/Death/MVI_8661.npy,92,225
Society,Death,MVI_8662,Landmark_Data/Society/Death/MVI_8662.npy,82,225
Society,Death,MVI_8663,Landmark_Data/Society/Death/MVI_8663.npy,86,225
Society,Death,MVI_8664,Landmark_Data/Society/Death/MVI_8664.npy,92,225
Society,Death,MVI_8930,Landmark_Data/Society/Death/MVI_8930.npy,67,225
Society,Death,MVI_8931,Landmark_Data/Society/Death/MVI_8931.npy,68,225
Society,Death,MVI_8932,Landmark_Data/Society/Death/MVI_8932.npy,71,225
Society,Election,MVI_4304,Landmark_Data/Society/Election/MVI_4304.npy,72,225
Society,Election,MVI_4305,Landmark_Data/Society/Election/MVI_4305.npy,80,225
Society,Election,MVI_4306,Landmark_Data/Society/Election/MVI_4306.npy,76,225
Society,Election,MVI_4307,Landmark_Data/Society/Election/MVI_4307.npy,73,225
Society,Election,MVI_4839,Landmark_Data/Society/Election/MVI_4839.npy,73,225
Society,Election,MVI_4840,Landmark_Data/Society/Election/MVI_4840.npy,65,225
Society,Election,MVI_4841,Landmark_Data/Society/Election/MVI_4841.npy,62,225
Society,Election,MVI_8710,Landmark_Data/Society/Election/MVI_8710.npy,76,225
Society,Election,MVI_8711,Landmark_Data/Society/Election/MVI_8711.npy,78,225
Society,Election,MVI_8712,Landmark_Data/Society/Election/MVI_8712.npy,83,225
Society,Election,MVI_8713,Landmark_Data/Society/Election/MVI_8713.npy,68,225
Society,Election,MVI_8967,Landmark_Data/Society/Election/MVI_8967.npy,63,225
Society,Election,MVI_8968,Landmark_Data/Society/Election/MVI_8968.npy,75,225
Society,Election,MVI_8969,Landmark_Data/Society/Election/MVI_8969.npy,71,225
Society,Energy,MVI_4287,Landmark_Data/Society/Energy/MVI_4287.npy,46,225
Society,Energy,MVI_4288,Landmark_Data/Society/Energy/MVI_4288.npy,49,225
Society,Energy,MVI_4289,Landmark_Data/Society/Energy/MVI_4289.npy,48,225
Society,Energy,MVI_4290,Landmark_Data/Society/Energy/MVI_4290.npy,42,225
Society,Energy,MVI_4827,Landmark_Data/Society/Energy/MVI_4827.npy,51,225
Society,Energy,MVI_4828,Landmark_Data/Society/Energy/MVI_4828.npy,52,225
Society,Energy,MVI_4829,Landmark_Data/Society/Energy/MVI_4829.npy,60,225
Society,Energy,MVI_8693,Landmark_Data/Society/Energy/MVI_8693.npy,66,225
Society,Energy,MVI_8694,Landmark_Data/Society/Energy/MVI_8694.npy,64,225
Society,Energy,MVI_8695,Landmark_Data/Society/Energy/MVI_8695.npy,68,225
Society,Energy,MVI_8696,Landmark_Data/Society/Energy/MVI_8696.npy,62,225
Society,Energy,MVI_8954,Landmark_Data/Society/Energy/MVI_8954.npy,68,225
Society,Energy,MVI_8955,Landmark_Data/Society/Energy/MVI_8955.npy,67,225
Society,Energy,MVI_8956,Landmark_Data/Society/Energy/MVI_8956.npy,74,225
Society,Exercise,MVI_4320,Landmark_Data/Society/Exercise/MVI_4320.npy,54,225
Society,Exercise,MVI_4321,Landmark_Data/Society/Exercise/MVI_4321.npy,58,225
Society,Exercise,MVI_4322,Landmark_Data/Society/Exercise/MVI_4322.npy,66,225
Society,Exercise,MVI_4323,Landmark_Data/Society/Exercise/MVI_4323.npy,60,225
Society,Exercise,MVI_4851,Landmark_Data/Society/Exercise/MVI_4851.npy,59,225
Society,Exercise,MVI_4852,Landmark_Data/Society/Exercise/MVI_4852.npy,57,225
Society,Exercise,MVI_4853,Landmark_Data/Society/Exercise/MVI_4853.npy,54,225
Society,Exercise,MVI_8726,Landmark_Data/Society/Exercise/MVI_8726.npy,68,225
Society,Exercise,MVI_8727,Landmark_Data/Society/Exercise/MVI_8727.npy,64,225
Society,Exercise,MVI_8728,Landmark_Data/Society/Exercise/MVI_8728.npy,65,225
Society,Exercise,MVI_8729,Landmark_Data/Society/Exercise/MVI_8729.npy,67,225
Society,Exercise,MVI_8979,Landmark_Data/Society/Exercise/MVI_8979.npy,58,225
Society,Exercise,MVI_8980,Landmark_Data/Society/Exercise/MVI_8980.npy,68,225
Society,Exercise,MVI_8981,Landmark_Data/Society/Exercise/MVI_8981.npy,62,225
Society,God,MVI_4340,Landmark_Data/Society/God/MVI_4340.npy,66,225
Society,God,MVI_4341,Landmark_Data/Society/God/MVI_4341.npy,66,225
Society,God,MVI_4342,Landmark_Data/Society/God/MVI_4342.npy,65,225
Society,God,MVI_4343,Landmark_Data/Society/God/MVI_4343.npy,65,225
Society,God,MVI_4866,Landmark_Data/Society/God/MVI_4866.npy,53,225
Society,God,MVI_4867,Landmark_Data/Society/God/MVI_4867.npy,56,225
Society,God,MVI_4868,Landmark_Data/Society/God/MVI_4868.npy,50,225
Society,God,MVI_8746,Landmark_Data/Society/God/MVI_8746.npy,72,225
Society,God,MVI_8747,Landmark_Data/Society/God/MVI_8747.npy,73,225
Society,God,MVI_8748,Landmark_Data/Society/God/MVI_8748.npy,67,225
Society,God,MVI_8749,Landmark_Data/Society/God/MVI_8749.npy,72,225
Society,God,MVI_8995,Landmark_Data/Society/God/MVI_8995.npy,60,225
Society,God,MVI_8996,Landmark_Data/Society/God/MVI_8996.npy,62,225
Society,God,MVI_8997,Landmark_Data/Society/God/MVI_8997.npy,60,225
Society,Gun,MVI_4312,Landmark_Data/Society/Gun/MVI_4312.npy,50,225
Society,Gun,MVI_4313,Landmark_Data/Society/Gun/MVI_4313.npy,56,225
Society,Gun,MVI_4314,Landmark_Data/Society/Gun/MVI_4314.npy,46,225
Society,Gun,MVI_4315,Landmark_Data/Society/Gun/MVI_4315.npy,50,225
Society,Gun,MVI_4845,Landmark_Data/Society/Gun/MVI_4845.npy,59,225
Society,Gun,MVI_4846,Landmark_Data/Society/Gun/MVI_4846.npy,54,225
Society,Gun,MVI_4847,Landmark_Data/Society/Gun/MVI_4847.npy,56,225
Society,Gun,MVI_8718,Landmark_Data/Society/Gun/MVI_8718.npy,55,225
Society,Gun,MVI_8719,Landmark_Data/Society/Gun/MVI_8719.npy,66,225
Society,Gun,MVI_8720,Landmark_Data/Society/Gun/MVI_8720.npy,59,225
Society,Gun,MVI_8721,Landmark_Data/Society/Gun/MVI_8721.npy,67,225
Society,Gun,MVI_8973,Landmark_Data/Society/Gun/MVI_8973.npy,58,225
Society,Gun,MVI_8974,Landmark_Data/Society/Gun/MVI_8974.npy,56,225
Society,Gun,MVI_8975,Landmark_Data/Society/Gun/MVI_8975.npy,65,225
Society,Marriage,MVI_4271,Landmark_Data/Society/Marriage/MVI_4271.npy,55,225
Society,Marriage,MVI_4272,Landmark_Data/Society/Marriage/MVI_4272.npy,54,225
Society,Marriage,MVI_4273,Landmark_Data/Society/Marriage/MVI_4273.npy,54,225
Society,Marriage,MVI_4274,Landmark_Data/Society/Marriage/MVI_4274.npy,46,225
Society,Marriage,MVI_4815,Landmark_Data/Society/Marriage/MVI_4815.npy,62,225
Society,Marriage,MVI_4816,Landmark_Data/Society/Marriage/MVI_4816.npy,58,225
Society,Marriage,MVI_4817,Landmark_Data/Society/Marriage/MVI_4817.npy,62,225
Society,Marriage,MVI_8677,Landmark_Data/Society/Marriage/MVI_8677.npy,63,225
Society,Marriage,MVI_8678,Landmark_Data/Society/Marriage/MVI_8678.npy,64,225
Society,Marriage,MVI_8679,Landmark_Data/Society/Marriage/MVI_8679.npy,59,225
Society,Marriage,MVI_8680,Landmark_Data/Society/Marriage/MVI_8680.npy,69,225
Society,Marriage,MVI_8942,Landmark_Data/Society/Marriage/MVI_8942.npy,65,225
Society,Marriage,MVI_8943,Landmark_Data/Society/Marriage/MVI_8943.npy,63,225
Society,Marriage,MVI_8944,Landmark_Data/Society/Marriage/MVI_8944.npy,60,225
Society,Medicine,MVI_4259,Landmark_Data/Society/Medicine/MVI_4259.npy,68,225
Society,Medicine,MVI_4260,Landmark_Data/Society/Medicine/MVI_4260.npy,64,225
Society,Medicine,MVI_4261,Landmark_Data/Society/Medicine/MVI_4261.npy,76,225
Society,Medicine,MVI_4262,Landmark_Data/Society/Medicine/MVI_4262.npy,64,225
Society,Medicine,MVI_4803,Landmark_Data/Society/Medicine/MVI_4803.npy,66,225
Society,Medicine,MVI_4804,Landmark_Data/Society/Medicine/MVI_4804.npy,64,225
Society,Medicine,MVI_4805,Landmark_Data/Society/Medicine/MVI_4805.npy,63,225
Society,Medicine,MVI_8665,Landmark_Data/Society/Medicine/MVI_8665.npy,70,225
Society,Medicine,MVI_8666,Landmark_Data/Society/Medicine/MVI_8666.npy,74,225
Society,Medicine,MVI_8667,Landmark_Data/Society/Medicine/MVI_8667.npy,72,225
Society,Medicine,MVI_8668,Landmark_Data/Society/Medicine/MVI_8668.npy,79,225
Society,Medicine,MVI_8933,Landmark_Data/Society/Medicine/MVI_8933.npy,66,225
Society,Medicine,MVI_8934,Landmark_Data/Society/Medicine/MVI_8934.npy,58,225
Society,Medicine,MVI_8935,Landmark_Data/Society/Medicine/MVI_8935.npy,63,225
Society,Money,MVI_4263,Landmark_Data/Society/Money/MVI_4263.npy,47,225
Society,Money,MVI_4264,Landmark_Data/Society/Money/MVI_4264.npy,44,225
Society,Money,MVI_4265,Landmark_Data/Society/Money/MVI_4265.npy,49,225
Society,Money,MVI_4266,Landmark_Data/Society/Money/MVI_4266.npy,41,225
Society,Money,MVI_4806,Landmark_Data/Society/Money/MVI_4806.npy,65,225
Society,Money,MVI_4807,Landmark_Data/Society/Money/MVI_4807.npy,62,225
Society,Money,MVI_4808,Landmark_Data/Society/Money/MVI_4808.npy,52,225
Society,Money,MVI_8669,Landmark_Data/Society/Money/MVI_8669.npy,66,225
Society,Money,MVI_8670,Landmark_Data/Society/Money/MVI_8670.npy,59,225
Society,Money,MVI_8671,Landmark_Data/Society/Money/MVI_8671.npy,64,225
Society,Money,MVI_8672,Landmark_Data/Society/Money/MVI_8672.npy,67,225
Society,Money,MVI_8936,Landmark_Data/Society/Money/MVI_8936.npy,58,225
Society,Money,MVI_8937,Landmark_Data/Society/Money/MVI_8937.npy,56,225
Society,Money,MVI_8938,Landmark_Data/Society/Money/MVI_8938.npy,55,225
Society,Newspaper,MVI_4308,Landmark_Data/Society/Newspaper/MVI_4308.npy,65,225
Society,Newspaper,MVI_4309,Landmark_Data/Society/Newspaper/MVI_4309.npy,71,225
Society,Newspaper,MVI_4310,Landmark_Data/Society/Newspaper/MVI_4310.npy,67,225
Society,Newspaper,MVI_4311,Landmark_Data/Society/Newspaper/MVI_4311.npy,70,225
Society,Newspaper,MVI_4842,Landmark_Data/Society/Newspaper/MVI_4842.npy,70,225
Society,Newspaper,MVI_4843,Landmark_Data/Society/Newspaper/MVI_4843.npy,61,225
Society,Newspaper,MVI_4844,Landmark_Data/Society/Newspaper/MVI_4844.npy,56,225
Society,Newspaper,MVI_8714,Landmark_Data/Society/Newspaper/MVI_8714.npy,80,225
Society,Newspaper,MVI_8715,Landmark_Data/Society/Newspaper/MVI_8715.npy,72,225
Society,Newspaper,MVI_8716,Landmark_Data/Society/Newspaper/MVI_8716.npy,75,225
Society,Newspaper,MVI_8717,Landmark_Data/Society/Newspaper/MVI_8717.npy,77,225
Society,Newspaper,MVI_8970,Landmark_Data/Society/Newspaper/MVI_8970.npy,79,225
Society,Newspaper,MVI_8971,Landmark_Data/Society/Newspaper/MVI_8971.npy,73,225
Society,Newspaper,MVI_8972,Landmark_Data/Society/Newspaper/MVI_8972.npy,67,225
Society,Peace,MVI_4295,Landmark_Data/Society/Peace/MVI_4295.npy,62,225
Society,Peace,MVI_4296,Landmark_Data/Society/Peace/MVI_4296.npy,65,225
Society,Peace,MVI_4297,Landmark_Data/Society/Peace/MVI_4297.npy,65,225
Society,Peace,MVI_4298,Landmark_Data/Society/Peace/MVI_4298.npy,63,225
Society,Peace,MVI_4833,Landmark_Data/Society/Peace/MVI_4833.npy,60,225
Society,Peace,MVI_4834,Landmark_Data/Society/Peace/MVI_4834.npy,70,225
Society,Peace,MVI_4835,Landmark_Data/Society/Peace/MVI_4835.npy,64,225
Society,Peace,MVI_8702,Landmark_Data/Society/Peace/MVI_8702.npy,97,225
Society,Peace,MVI_8703,Landmark_Data/Society/Peace/MVI_8703.npy,80,225
Society,Peace,MVI_8704,Landmark_Data/Society/Peace/MVI_8704.npy,86,225
Society,Peace,MVI_8705,Landmark_Data/Society/Peace/MVI_8705.npy,70,225
Society,Peace,MVI_8960,Landmark_Data/Society/Peace/MVI_8960.npy,70,225
Society,Peace,MVI_8961,Landmark_Data/Society/Peace/MVI_8961.npy,67,225
Society,Peace,MVI_8962,Landmark_Data/Society/Peace/MVI_8962.npy,68,225
Society,Price,MVI_4328,Landmark_Data/Society/Price/MVI_4328.npy,56,225
Society,Price,MVI_4329,Landmark_Data/Society/Price/MVI_4329.npy,64,225
Society,Price,MVI_4330,Landmark_Data/Society/Price/MVI_4330.npy,60,225
Society,Price,MVI_4331,Landmark_Data/Society/Price/MVI_4331.npy,58,225
Society,Price,MVI_4857,Landmark_Data/Society/Price/MVI_4857.npy,49,225
Society,Price,MVI_4858,Landmark_Data/Society/Price/MVI_4858.npy,53,225
Society,Price,MVI_4859,Landmark_Data/Society/Price/MVI_4859.npy,54,225
Society,Price,MVI_8734,Landmark_Data/Society/Price/MVI_8734.npy,82,225
Society,Price,MVI_8735,Landmark_Data/Society/Price/MVI_8735.npy,78,225
Society,Price,MVI_8736,Landmark_Data/Society/Price/MVI_8736.npy,81,225
Society,Price,MVI_8737,Landmark_Data/Society/Price/MVI_8737.npy,78,225
Society,Price,MVI_8986,Landmark_Data/Society/Price/MVI_8986.npy,65,225
Society,Price,MVI_8987,Landmark_Data/Society/Price/MVI_8987.npy,58,225
Society,Price,MVI_8988,Landmark_Data/Society/Price/MVI_8988.npy,66,225
Society,Race,MVI_4279,Landmark_Data/Society/Race/MVI_4279.npy,62,225
Society,Race,MVI_4280,Landmark_Data/Society/Race/MVI_4280.npy,58,225
Society,Race,MVI_4281,Landmark_Data/Society/Race/MVI_4281.npy,61,225
Society,Race,MVI_4282,Landmark_Data/Society/Race/MVI_4282.npy,57,225
Society,Race,MVI_4821,Landmark_Data/Society/Race/MVI_4821.npy,60,225
Society,Race,MVI_4822,Landmark_Data/Society/Race/MVI_4822.npy,62,225
Society,Race,MVI_4823,Landmark_Data/Society/Race/MVI_4823.npy,58,225
Society,Race,MVI_8685,Landmark_Data/Society/Race/MVI_8685.npy,75,225
Society,Race,MVI_8686,Landmark_Data/Society/Race/MVI_8686.npy,73,225
Society,Race,MVI_8687,Landmark_Data/Society/Race/MVI_8687.npy,68,225
Society,Race,MVI_8688,Landmark_Data/Society/Race/MVI_8688.npy,76,225
Society,Race,MVI_8948,Landmark_Data/Society/Race/MVI_8948.npy,74,225
Society,Race,MVI_8949,Landmark_Data/Society/Race/MVI_8949.npy,74,225
Society,Race,MVI_8950,Landmark_Data/Society/Race/MVI_8950.npy,71,225
Society,Religion,MVI_4251,Landmark_Data/Society/Religion/MVI_4251.npy,107,225
Society,Religion,MVI_4252,Landmark_Data/Society/Religion/MVI_4252.npy,109,225
Society,Religion,MVI_4253,Landmark_Data/Society/Religion/MVI_4253.npy,113,225
Society,Religion,MVI_4254,Landmark_Data/Society/Religion/MVI_4254.npy,124,225
Society,Religion,MVI_4797,Landmark_Data/Society/Religion/MVI_4797.npy,111,225
Society,Religion,MVI_4798,Landmark_Data/Society/Religion/MVI_4798.npy,125,225
Society,Religion,MVI_4799,Landmark_Data/Society/Religion/MVI_4799.npy,119,225
Society,Religion,MVI_8657,Landmark_Data/Society/Religion/MVI_8657.npy,118,225
Society,Religion,MVI_8658,Landmark_Data/Society/Religion/MVI_8658.npy,148,225
Society,Religion,MVI_8659,Landmark_Data/Society/Religion/MVI_8659.npy,125,225
Society,Religion,MVI_8660,Landmark_Data/Society/Religion/MVI_8660.npy,124,225
Society,Religion,MVI_8927,Landmark_Data/Society/Religion/MVI_8927.npy,113,225
Society,Religion,MVI_8928,Landmark_Data/Society/Religion/MVI_8928.npy,105,225
Society,Religion,MVI_8929,Landmark_Data/Society/Religion/MVI_8929.npy,118,225
Society,Science,MVI_4336,Landmark_Data/Society/Science/MVI_4336.npy,50,225
Society,Science,MVI_4337,Landmark_Data/Society/Science/MVI_4337.npy,56,225
Society,Science,MVI_4338,Landmark_Data/Society/Science/MVI_4338.npy,53,225
Society,Science,MVI_4339,Landmark_Data/Society/Science/MVI_4339.npy,54,225
Society,Science,MVI_4863,Landmark_Data/Society/Science/MVI_4863.npy,62,225
Society,Science,MVI_4864,Landmark_Data/Society/Science/MVI_4864.npy,65,225
Society,Science,MVI_4865,Landmark_Data/Society/Science/MVI_4865.npy,63,225
Society,Science,MVI_8742,Landmark_Data/Society/Science/MVI_8742.npy,67,225
Society,Science,MVI_8743,Landmark_Data/Society/Science/MVI_8743.npy,63,225
Society,Science,MVI_8744,Landmark_Data/Society/Science/MVI_8744.npy,71,225
Society,Science,MVI_8745,Landmark_Data/Society/Science/MVI_8745.npy,68,225
Society,Science,MVI_8992,Landmark_Data/Society/Science/MVI_8992.npy,69,225
Society,Science,MVI_8993,Landmark_Data/Society/Science/MVI_8993.npy,69,225
Society,Science,MVI_8994,Landmark_Data/Society/Science/MVI_8994.npy,70,225
Society,Sign,MVI_4332,Landmark_Data/Society/Sign/MVI_4332.npy,50,225
Society,Sign,MVI_4333,Landmark_Data/Society/Sign/MVI_4333.npy,55,225
Society,Sign,MVI_4334,Landmark_Data/Society/Sign/MVI_4334.npy,52,225
Society,Sign,MVI_4335,Landmark_Data/Society/Sign/MVI_4335.npy,59,225
Society,Sign,MVI_4860,Landmark_Data/Society/Sign/MVI_4860.npy,45,225
Society,Sign,MVI_4861,Landmark_Data/Society/Sign/MVI_4861.npy,49,225
Society,Sign,MVI_4862,Landmark_Data/Society/Sign/MVI_4862.npy,52,225
Society,Sign,MVI_8738,Landmark_Data/Society/Sign/MVI_8738.npy,64,225
Society,Sign,MVI_8739,Landmark_Data/Society/Sign/MVI_8739.npy,65,225
Society,Sign,MVI_8740,Landmark_Data/Society/Sign/MVI_8740.npy,67,225
Society,Sign,MVI_8741,Landmark_Data/Society/Sign/MVI_8741.npy,61,225
Society,Sign,MVI_8989,Landmark_Data/Society/Sign/MVI_8989.npy,64,225
Society,Sign,MVI_8990,Landmark_Data/Society/Sign/MVI_8990.npy,65,225
Society,Sign,MVI_8991,Landmark_Data/Society/Sign/MVI_8991.npy,65,225
Society,Sport,MVI_4316,Landmark_Data/Society/Sport/MVI_4316.npy,56,225
Society,Sport,MVI_4317,Landmark_Data/Society/Sport/MVI_4317.npy,66,225
Society,Sport,MVI_4318,Landmark_Data/Society/Sport/MVI_4318.npy,67,225
Society,Sport,MVI_4319,Landmark_Data/Society/Sport/MVI_4319.npy,66,225
Society,Sport,MVI_4848,Landmark_Data/Society/Sport/MVI_4848.npy,65,225
Society,Sport,MVI_4849,Landmark_Data/Society/Sport/MVI_4849.npy,59,225
Society,Sport,MVI_4850,Landmark_Data/Society/Sport/MVI_4850.npy,59,225
Society,Sport,MVI_8722,Landmark_Data/Society/Sport/MVI_8722.npy,73,225
Society,Sport,MVI_8723,Landmark_Data/Society/Sport/MVI_8723.npy,94,225
Society,Sport,MVI_8724,Landmark_Data/Society/Sport/MVI_8724.npy,77,225
Society,Sport,MVI_8725,Landmark_Data/Society/Sport/MVI_8725.npy,71,225
Society,Sport,MVI_8976,Landmark_Data/Society/Sport/MVI_8976.npy,69,225
Society,Sport,MVI_8977,Landmark_Data/Society/Sport/MVI_8977.npy,72,225
Society,Sport,MVI_8978,Landmark_Data/Society/Sport/MVI_8978.npy,71,225
Society,Technology,MVI_4283,Landmark_Data/Society/Technology/MVI_4283.npy,51,225
Society,Technology,MVI_4284,Landmark_Data/Society/Technology/MVI_4284.npy,56,225
Society,Technology,MVI_4285,Landmark_Data/Society/Technology/MVI_4285.npy,51,225
Society,Technology,MVI_4286,Landmark_Data/Society/Technology/MVI_4286.npy,49,225
Society,Technology,MVI_4824,Landmark_Data/Society/Technology/MVI_4824.npy,54,225
Society,Technology,MVI_4825,Landmark_Data/Society/Technology/MVI_4825.npy,61,225
Society,Technology,MVI_4826,Landmark_Data/Society/Technology/MVI_4826.npy,62,225
Society,Technology,MVI_8689,Landmark_Data/Society/Technology/MVI_8689.npy,72,225
Society,Technology,MVI_8690,Landmark_Data/Society/Technology/MVI_8690.npy,69,225
Society,Technology,MVI_8691,Landmark_Data/Society/Technology/MVI_8691.npy,62,225
Society,Technology,MVI_8692,Landmark_Data/Society/Technology/MVI_8692.npy,63,225
Society,Technology,MVI_8951,Landmark_Data/Society/Technology/MVI_8951.npy,69,225
Society,Technology,MVI_8952,Landmark_Data/Society/Technology/MVI_8952.npy,74,225
Society,Technology,MVI_8953,Landmark_Data/Society/Technology/MVI_8953.npy,73,225
Society,War,MVI_4291,Landmark_Data/Society/War/MVI_4291.npy,55,225
Society,War,MVI_4292,Landmark_Data/Society/War/MVI_4292.npy,55,225
Society,War,MVI_4293,Landmark_Data/Society/War/MVI_4293.npy,48,225
Society,War,MVI_4294,Landmark_Data/Society/War/MVI_4294.npy,55,225
Society,War,MVI_4830,Landmark_Data/Society/War/MVI_4830.npy,56,225
Society,War,MVI_4831,Landmark_Data/Society/War/MVI_4831.npy,56,225
Society,War,MVI_4832,Landmark_Data/Society/War/MVI_4832.npy,58,225
Society,War,MVI_8697,Landmark_Data/Society/War/MVI_8697.npy,75,225
Society,War,MVI_8698,Landmark_Data/Society/War/MVI_8698.npy,65,225
Society,War,MVI_8699,Landmark_Data/Society/War/MVI_8699.npy,65,225
Society,War,MVI_8700,Landmark_Data/Society/War/MVI_8700.npy,70,225
Society,War,MVI_8957,Landmark_Data/Society/War/MVI_8957.npy,71,225
Society,War,MVI_8958,Landmark_Data/Society/War/MVI_8958.npy,67,225
Society,War,MVI_8959,Landmark_Data/Society/War/MVI_8959.npy,66,225
Colours,Black,MVI_3740,Landmark_Data/Colours/Black/MVI_3740.npy,44,225
Colours,Black,MVI_3741,Landmark_Data/Colours/Black/MVI_3741.npy,52,225
Colours,Black,MVI_3742,Landmark_Data/Colours/Black/MVI_3742.npy,46,225
Colours,Black,MVI_3887,Landmark_Data/Colours/Black/MVI_3887.npy,69,225
Colours,Black,MVI_3888,Landmark_Data/Colours/Black/MVI_3888.npy,72,225
Colours,Black,MVI_3889,Landmark_Data/Colours/Black/MVI_3889.npy,58,225
Colours,Black,MVI_4039,Landmark_Data/Colours/Black/MVI_4039.npy,48,225
Colours,Black,MVI_4040,Landmark_Data/Colours/Black/MVI_4040.npy,46,225
Colours,Black,MVI_4041,Landmark_Data/Colours/Black/MVI_4041.npy,53,225
Colours,Black,MVI_4215,Landmark_Data/Colours/Black/MVI_4215.npy,49,225
Colours,Black,MVI_4918,Landmark_Data/Colours/Black/MVI_4918.npy,43,225
Colours,Black,MVI_4919,Landmark_Data/Colours/Black/MVI_4919.npy,54,225
Colours,Black,MVI_4920,Landmark_Data/Colours/Black/MVI_4920.npy,54,225
Colours,Black,MVI_5058,Landmark_Data/Colours/Black/MVI_5058.npy,47,225
Colours,Black,MVI_5059,Landmark_Data/Colours/Black/MVI_5059.npy,49,225
Colours,Black,MVI_5060,Landmark_Data/Colours/Black/MVI_5060.npy,41,225
Colours,Black,MVI_5206,Landmark_Data/Colours/Black/MVI_5206.npy,52,225
Colours,Black,MVI_5207,Landmark_Data/Colours/Black/MVI_5207.npy,54,225
Colours,Black,MVI_5208,Landmark_Data/Colours/Black/MVI_5208.npy,54,225
Colours,Black,MVI_8619,Landmark_Data/Colours/Black/MVI_8619.npy,65,225
Colours,Blue,MVI_3725,Landmark_Data/Colours/Blue/MVI_3725.npy,58,225
Colours,Blue,MVI_3726,Landmark_Data/Colours/Blue/MVI_3726.npy,57,225
Colours,Blue,MVI_3727,Landmark_Data/Colours/Blue/MVI_3727.npy,57,225
Colours,Blue,MVI_3872,Landmark_Data/Colours/Blue/MVI_3872.npy,83,225
Colours,Blue,MVI_3873,Landmark_Data/Colours/Blue/MVI_3873.npy,101,225
Colours,Blue,MVI_3874,Landmark_Data/Colours/Blue/MVI_3874.npy,74,225
Colours,Blue,MVI_4024,Landmark_Data/Colours/Blue/MVI_4024.npy,56,225
Colours,Blue,MVI_4025,Landmark_Data/Colours/Blue/MVI_4025.npy,52,225
Colours,Blue,MVI_4026,Landmark_Data/Colours/Blue/MVI_4026.npy,56,225
Colours,Blue,MVI_4209,Landmark_Data/Colours/Blue/MVI_4209.npy,49,225
Colours,Blue,MVI_4903,Landmark_Data/Colours/Blue/MVI_4903.npy,48,225
Colours,Blue,MVI_4904,Landmark_Data/Colours/Blue/MVI_4904.npy,53,225
Colours,Blue,MVI_4905,Landmark_Data/Colours/Blue/MVI_4905.npy,51,225
Colours,Blue,MVI_5043,Landmark_Data/Colours/Blue/MVI_5043.npy,48,225
Colours,Blue,MVI_5044,Landmark_Data/Colours/Blue/MVI_5044.npy,37,225
Colours,Blue,MVI_5045,Landmark_Data/Colours/Blue/MVI_5045.npy,36,225
Colours,Blue,MVI_5190,Landmark_Data/Colours/Blue/MVI_5190.npy,62,225
Colours,Blue,MVI_5191,Landmark_Data/Colours/Blue/MVI_5191.npy,63,225
Colours,Blue,MVI_5192,Landmark_Data/Colours/Blue/MVI_5192.npy,51,225
Colours,Blue,MVI_8614,Landmark_Data/Colours/Blue/MVI_8614.npy,66,225
Colours,Brown,MVI_3731,Landmark_Data/Colours/Brown/MVI_3731.npy,53,225
Colours,Brown,MVI_3732,Landmark_Data/Colours/Brown/MVI_3732.npy,42,225
Colours,Brown,MVI_3733,Landmark_Data/Colours/Brown/MVI_3733.npy,53,225
Colours,Brown,MVI_3878,Landmark_Data/Colours/Brown/MVI_3878.npy,89,225
Colours,Brown,MVI_3879,Landmark_Data/Colours/Brown/MVI_3879.npy,78,225
Colours,Brown,MVI_3880,Landmark_Data/Colours/Brown/MVI_3880.npy,80,225
Colours,Brown,MVI_4030,Landmark_Data/Colours/Brown/MVI_4030.npy,63,225
Colours,Brown,MVI_4031,Landmark_Data/Colours/Brown/MVI_4031.npy,59,225
Colours,Brown,MVI_4032,Landmark_Data/Colours/Brown/MVI_4032.npy,53,225
Colours,Brown,MVI_4212,Landmark_Data/Colours/Brown/MVI_4212.npy,61,225
Colours,Brown,MVI_4909,Landmark_Data/Colours/Brown/MVI_4909.npy,57,225
Colours,Brown,MVI_4910,Landmark_Data/Colours/Brown/MVI_4910.npy,53,225
Colours,Brown,MVI_4911,Landmark_Data/Colours/Brown/MVI_4911.npy,60,225
Colours,Brown,MVI_5049,Landmark_Data/Colours/Brown/MVI_5049.npy,53,225
Colours,Brown,MVI_5050,Landmark_Data/Colours/Brown/MVI_5050.npy,45,225
Colours,Brown,MVI_5051,Landmark_Data/Colours/Brown/MVI_5051.npy,52,225
Colours,Brown,MVI_5196,Landmark_Data/Colours/Brown/MVI_5196.npy,62,225
Colours,Brown,MVI_5197,Landmark_Data/Colours/Brown/MVI_5197.npy,59,225
Colours,Brown,MVI_5198,Landmark_Data/Colours/Brown/MVI_5198.npy,53,225
Colours,Brown,MVI_5199,Landmark_Data/Colours/Brown/MVI_5199.npy,62,225
Colours,Brown,MVI_8616,Landmark_Data/Colours/Brown/MVI_8616.npy,63,225
Colours,Colour,MVI_3750,Landmark_Data/Colours/Colour/MVI_3750.npy,59,225
Colours,Colour,MVI_3751,Landmark_Data/Colours/Colour/MVI_3751.npy,33,225
Colours,Colour,MVI_3752,Landmark_Data/Colours/Colour/MVI_3752.npy,46,225
Colours,Colour,MVI_3897,Landmark_Data/Colours/Colour/MVI_3897.npy,82,225
Colours,Colour,MVI_3898,Landmark_Data/Colours/Colour/MVI_3898.npy,60,225
Colours,Colour,MVI_3899,Landmark_Data/Colours/Colour/MVI_3899.npy,73,225
Colours,Colour,MVI_4048,Landmark_Data/Colours/Colour/MVI_4048.npy,54,225
Colours,Colour,MVI_4049,Landmark_Data/Colours/Colour/MVI_4049.npy,57,225
Colours,Colour,MVI_4050,Landmark_Data/Colours/Colour/MVI_4050.npy,56,225
Colours,Colour,MVI_4218,Landmark_Data/Colours/Colour/MVI_4218.npy,59,225
Colours,Colour,MVI_4928,Landmark_Data/Colours/Colour/MVI_4928.npy,55,225
Colours,Colour,MVI_4929,Landmark_Data/Colours/Colour/MVI_4929.npy,50,225
Colours,Colour,MVI_4930,Landmark_Data/Colours/Colour/MVI_4930.npy,52,225
Colours,Colour,MVI_5068,Landmark_Data/Colours/Colour/MVI_5068.npy,44,225
Colours,Colour,MVI_5069,Landmark_Data/Colours/Colour/MVI_5069.npy,46,225
Colours,Colour,MVI_5070,Landmark_Data/Colours/Colour/MVI_5070.npy,54,225
Colours,Colour,MVI_5215,Landmark_Data/Colours/Colour/MVI_5215.npy,49,225
Colours,Colour,MVI_5216,Landmark_Data/Colours/Colour/MVI_5216.npy,54,225
Colours,Colour,MVI_5217,Landmark_Data/Colours/Colour/MVI_5217.npy,42,225
Colours,Colour,MVI_8622,Landmark_Data/Colours/Colour/MVI_8622.npy,58,225
Colours,Green,MVI_3722,Landmark_Data/Colours/Green/MVI_3722.npy,53,225
Colours,Green,MVI_3723,Landmark_Data/Colours/Green/MVI_3723.npy,59,225
Colours,Green,MVI_3724,Landmark_Data/Colours/Green/MVI_3724.npy,47,225
Colours,Green,MVI_3869,Landmark_Data/Colours/Green/MVI_3869.npy,90,225
Colours,Green,MVI_3870,Landmark_Data/Colours/Green/MVI_3870.npy,82,225
Colours,Green,MVI_3871,Landmark_Data/Colours/Green/MVI_3871.npy,91,225
Colours,Green,MVI_4020,Landmark_Data/Colours/Green/MVI_4020.npy,90,225
Colours,Green,MVI_4021,Landmark_Data/Colours/Green/MVI_4021.npy,65,225
Colours,Green,MVI_4022,Landmark_Data/Colours/Green/MVI_4022.npy,56,225
Colours,Green,MVI_4208,Landmark_Data/Colours/Green/MVI_4208.npy,49,225
Colours,Green,MVI_4900,Landmark_Data/Colours/Green/MVI_4900.npy,55,225
Colours,Green,MVI_4901,Landmark_Data/Colours/Green/MVI_4901.npy,52,225
Colours,Green,MVI_4902,Landmark_Data/Colours/Green/MVI_4902.npy,50,225
Colours,Green,MVI_5040,Landmark_Data/Colours/Green/MVI_5040.npy,47,225
Colours,Green,MVI_5041,Landmark_Data/Colours/Green/MVI_5041.npy,45,225
Colours,Green,MVI_5042,Landmark_Data/Colours/Green/MVI_5042.npy,50,225
Colours,Green,MVI_5187,Landmark_Data/Colours/Green/MVI_5187.npy,61,225
Colours,Green,MVI_5188,Landmark_Data/Colours/Green/MVI_5188.npy,62,225
Colours,Green,MVI_5189,Landmark_Data/Colours/Green/MVI_5189.npy,68,225
Colours,Green,MVI_8613,Landmark_Data/Colours/Green/MVI_8613.npy,67,225
Colours,Grey,MVI_3746,Landmark_Data/Colours/Grey/MVI_3746.npy,62,225
Colours,Grey,MVI_3747,Landmark_Data/Colours/Grey/MVI_3747.npy,60,225
Colours,Grey,MVI_3748,Landmark_Data/Colours/Grey/MVI_3748.npy,59,225
Colours,Grey,MVI_3749,Landmark_Data/Colours/Grey/MVI_3749.npy,64,225
Colours,Grey,MVI_3894,Landmark_Data/Colours/Grey/MVI_3894.npy,82,225
Colours,Grey,MVI_3895,Landmark_Data/Colours/Grey/MVI_3895.npy,74,225
Colours,Grey,MVI_3896,Landmark_Data/Colours/Grey/MVI_3896.npy,73,225
Colours,Grey,MVI_4045,Landmark_Data/Colours/Grey/MVI_4045.npy,53,225
Colours,Grey,MVI_4046,Landmark_Data/Colours/Grey/MVI_4046.npy,61,225
Colours,Grey,MVI_4047,Landmark_Data/Colours/Grey/MVI_4047.npy,60,225
Colours,Grey,MVI_4217,Landmark_Data/Colours/Grey/MVI_4217.npy,63,225
Colours,Grey,MVI_4924,Landmark_Data/Colours/Grey/MVI_4924.npy,53,225
Colours,Grey,MVI_4926,Landmark_Data/Colours/Grey/MVI_4926.npy,63,225
Colours,Grey,MVI_4927,Landmark_Data/Colours/Grey/MVI_4927.npy,65,225
Colours,Grey,MVI_5064,Landmark_Data/Colours/Grey/MVI_5064.npy,59,225
Colours,Grey,MVI_5065,Landmark_Data/Colours/Grey/MVI_5065.npy,59,225
Colours,Grey,MVI_5066,Landmark_Data/Colours/Grey/MVI_5066.npy,59,225
Colours,Grey,MVI_5212,Landmark_Data/Colours/Grey/MVI_5212.npy,59,225
Colours,Grey,MVI_5213,Landmark_Data/Colours/Grey/MVI_5213.npy,59,225
Colours,Grey,MVI_5214,Landmark_Data/Colours/Grey/MVI_5214.npy,66,225
Colours,Grey,MVI_8621,Landmark_Data/Colours/Grey/MVI_8621.npy,74,225
Colours,Orange,MVI_3737,Landmark_Data/Colours/Orange/MVI_3737.npy,43,225
Colours,Orange,MVI_3738,Landmark_Data/Colours/Orange/MVI_3738.npy,41,225
Colours,Orange,MVI_3739,Landmark_Data/Colours/Orange/MVI_3739.npy,42,225
Colours,Orange,MVI_3884,Landmark_Data/Colours/Orange/MVI_3884.npy,92,225
Colours,Orange,MVI_3885,Landmark_Data/Colours/Orange/MVI_3885.npy,98,225
Colours,Orange,MVI_3886,Landmark_Data/Colours/Orange/MVI_3886.npy,87,225
Colours,Orange,MVI_4036,Landmark_Data/Colours/Orange/MVI_4036.npy,57,225
Colours,Orange,MVI_4037,Landmark_Data/Colours/Orange/MVI_4037.npy,58,225
Colours,Orange,MVI_4038,Landmark_Data/Colours/Orange/MVI_4038.npy,51,225
Colours,Orange,MVI_4214,Landmark_Data/Colours/Orange/MVI_4214.npy,52,225
Colours,Orange,MVI_4915,Landmark_Data/Colours/Orange/MVI_4915.npy,47,225
Colours,Orange,MVI_4916,Landmark_Data/Colours/Orange/MVI_4916.npy,57,225
Colours,Orange,MVI_4917,Landmark_Data/Colours/Orange/MVI_4917.npy,40,225
Colours,Orange,MVI_5055,Landmark_Data/Colours/Orange/MVI_5055.npy,54,225
Colours,Orange,MVI_5056,Landmark_Data/Colours/Orange/MVI_5056.npy,56,225
Colours,Orange,MVI_5057,Landmark_Data/Colours/Orange/MVI_5057.npy,52,225
Colours,Orange,MVI_5203,Landmark_Data/Colours/Orange/MVI_5203.npy,54,225
Colours,Orange,MVI_5204,Landmark_Data/Colours/Orange/MVI_5204.npy,55,225
Colours,Orange,MVI_5205,Landmark_Data/Colours/Orange/MVI_5205.npy,57,225
Colours,Orange,MVI_8618,Landmark_Data/Colours/Orange/MVI_8618.npy,73,225
Colours,Pink,MVI_3734,Landmark_Data/Colours/Pink/MVI_3734.npy,53,225
Colours,Pink,MVI_3735,Landmark_Data/Colours/Pink/MVI_3735.npy,50,225
Colours,Pink,MVI_3736,Landmark_Data/Colours/Pink/MVI_3736.npy,59,225
Colours,Pink,MVI_3881,Landmark_Data/Colours/Pink/MVI_3881.npy,70,225
Colours,Pink,MVI_3882,Landmark_Data/Colours/Pink/MVI_3882.npy,74,225
Colours,Pink,MVI_3883,Landmark_Data/Colours/Pink/MVI_3883.npy,67,225
Colours,Pink,MVI_4033,Landmark_Data/Colours/Pink/MVI_4033.npy,53,225
Colours,Pink,MVI_4034,Landmark_Data/Colours/Pink/MVI_4034.npy,52,225
Colours,Pink,MVI_4035,Landmark_Data/Colours/Pink/MVI_4035.npy,54,225
Colours,Pink,MVI_4213,Landmark_Data/Colours/Pink/MVI_4213.npy,55,225
Colours,Pink,MVI_4912,Landmark_Data/Colours/Pink/MVI_4912.npy,54,225
Colours,Pink,MVI_4913,Landmark_Data/Colours/Pink/MVI_4913.npy,51,225
Colours,Pink,MVI_4914,Landmark_Data/Colours/Pink/MVI_4914.npy,57,225
Colours,Pink,MVI_5052,Landmark_Data/Colours/Pink/MVI_5052.npy,63,225
Colours,Pink,MVI_5053,Landmark_Data/Colours/Pink/MVI_5053.npy,53,225
Colours,Pink,MVI_5054,Landmark_Data/Colours/Pink/MVI_5054.npy,54,225
Colours,Pink,MVI_5200,Landmark_Data/Colours/Pink/MVI_5200.npy,68,225
Colours,Pink,MVI_5201,Landmark_Data/Colours/Pink/MVI_5201.npy,59,225
Colours,Pink,MVI_5202,Landmark_Data/Colours/Pink/MVI_5202.npy,57,225
Colours,Pink,MVI_8617,Landmark_Data/Colours/Pink/MVI_8617.npy,64,225
Colours,Red,MVI_3719,Landmark_Data/Colours/Red/MVI_3719.npy,58,225
Colours,Red,MVI_3720,Landmark_Data/Colours/Red/MVI_3720.npy,62,225
Colours,Red,MVI_3721,Landmark_Data/Colours/Red/MVI_3721.npy,54,225
Colours,Red,MVI_3866,Landmark_Data/Colours/Red/MVI_3866.npy,75,225
Colours,Red,MVI_3867,Landmark_Data/Colours/Red/MVI_3867.npy,66,225
Colours,Red,MVI_3868,Landmark_Data/Colours/Red/MVI_3868.npy,70,225
Colours,Red,MVI_4017,Landmark_Data/Colours/Red/MVI_4017.npy,61,225
Colours,Red,MVI_4018,Landmark_Data/Colours/Red/MVI_4018.npy,66,225
Colours,Red,MVI_4019,Landmark_Data/Colours/Red/MVI_4019.npy,64,225
Colours,Red,MVI_4207,Landmark_Data/Colours/Red/MVI_4207.npy,44,225
Colours,Red,MVI_4897,Landmark_Data/Colours/Red/MVI_4897.npy,55,225
Colours,Red,MVI_4898,Landmark_Data/Colours/Red/MVI_4898.npy,60,225
Colours,Red,MVI_4899,Landmark_Data/Colours/Red/MVI_4899.npy,58,225
Colours,Red,MVI_5037,Landmark_Data/Colours/Red/MVI_5037.npy,52,225
Colours,Red,MVI_5038,Landmark_Data/Colours/Red/MVI_5038.npy,59,225
Colours,Red,MVI_5039,Landmark_Data/Colours/Red/MVI_5039.npy,59,225
Colours,Red,MVI_5184,Landmark_Data/Colours/Red/MVI_5184.npy,50,225
Colours,Red,MVI_5185,Landmark_Data/Colours/Red/MVI_5185.npy,49,225
Colours,Red,MVI_5186,Landmark_Data/Colours/Red/MVI_5186.npy,49,225
Colours,Red,MVI_8612,Landmark_Data/Colours/Red/MVI_8612.npy,73,225
Colours,White,MVI_3743,Landmark_Data/Colours/White/MVI_3743.npy,51,225
Colours,White,MVI_3744,Landmark_Data/Colours/White/MVI_3744.npy,45,225
Colours,White,MVI_3745,Landmark_Data/Colours/White/MVI_3745.npy,45,225
Colours,White,MVI_3890,Landmark_Data/Colours/White/MVI_3890.npy,80,225
Colours,White,MVI_3891,Landmark_Data/Colours/White/MVI_3891.npy,85,225
Colours,White,MVI_3892,Landmark_Data/Colours/White/MVI_3892.npy,69,225
Colours,White,MVI_4042,Landmark_Data/Colours/White/MVI_4042.npy,57,225
Colours,White,MVI_4043,Landmark_Data/Colours/White/MVI_4043.npy,57,225
Colours,White,MVI_4044,Landmark_Data/Colours/White/MVI_4044.npy,55,225
Colours,White,MVI_4216,Landmark_Data/Colours/White/MVI_4216.npy,43,225
Colours,White,MVI_4921,Landmark_Data/Colours/White/MVI_4921.npy,49,225
Colours,White,MVI_4922,Landmark_Data/Colours/White/MVI_4922.npy,52,225
Colours,White,MVI_4923,Landmark_Data/Colours/White/MVI_4923.npy,43,225
Colours,White,MVI_5061,Landmark_Data/Colours/White/MVI_5061.npy,44,225
Colours,White,MVI_5062,Landmark_Data/Colours/White/MVI_5062.npy,47,225
Colours,White,MVI_5063,Landmark_Data/Colours/White/MVI_5063.npy,51,225
Colours,White,MVI_5209,Landmark_Data/Colours/White/MVI_5209.npy,48,225
Colours,White,MVI_5210,Landmark_Data/Colours/White/MVI_5210.npy,61,225
Colours,White,MVI_5211,Landmark_Data/Colours/White/MVI_5211.npy,56,225
Colours,White,MVI_8620,Landmark_Data/Colours/White/MVI_8620.npy,61,225
Colours,Yellow,MVI_3728,Landmark_Data/Colours/Yellow/MVI_3728.npy,54,225
Colours,Yellow,MVI_3729,Landmark_Data/Colours/Yellow/MVI_3729.npy,65,225
Colours,Yellow,MVI_3730,Landmark_Data/Colours/Yellow/MVI_3730.npy,48,225
Colours,Yellow,MVI_3875,Landmark_Data/Colours/Yellow/MVI_3875.npy,79,225
Colours,Yellow,MVI_3876,Landmark_Data/Colours/Yellow/MVI_3876.npy,82,225
Colours,Yellow,MVI_3877,Landmark_Data/Colours/Yellow/MVI_3877.npy,83,225
Colours,Yellow,MVI_4027,Landmark_Data/Colours/Yellow/MVI_4027.npy,59,225
Colours,Yellow,MVI_4028,Landmark_Data/Colours/Yellow/MVI_4028.npy,62,225
Colours,Yellow,MVI_4029,Landmark_Data/Colours/Yellow/MVI_4029.npy,67,225
Colours,Yellow,MVI_4211,Landmark_Data/Colours/Yellow/MVI_4211.npy,65,225
Colours,Yellow,MVI_4906,Landmark_Data/Colours/Yellow/MVI_4906.npy,45,225
Colours,Yellow,MVI_4907,Landmark_Data/Colours/Yellow/MVI_4907.npy,65,225
Colours,Yellow,MVI_4908,Landmark_Data/Colours/Yellow/MVI_4908.npy,50,225
Colours,Yellow,MVI_5046,Landmark_Data/Colours/Yellow/MVI_5046.npy,52,225
Colours,Yellow,MVI_5047,Landmark_Data/Colours/Yellow/MVI_5047.npy,53,225
Colours,Yellow,MVI_5048,Landmark_Data/Colours/Yellow/MVI_5048.npy,44,225
Colours,Yellow,MVI_5193,Landmark_Data/Colours/Yellow/MVI_5193.npy,51,225
Colours,Yellow,MVI_5194,Landmark_Data/Colours/Yellow/MVI_5194.npy,45,225
Colours,Yellow,MVI_5195,Landmark_Data/Colours/Yellow/MVI_5195.npy,43,225
Colours,Yellow,MVI_8615,Landmark_Data/Colours/Yellow/MVI_8615.npy,64,225
Days_and_Time,Afternoon,MVI_4655,Landmark_Data/Days_and_Time/Afternoon/MVI_4655.npy,46,225
Days_and_Time,Afternoon,MVI_4656,Landmark_Data/Days_and_Time/Afternoon/MVI_4656.npy,47,225
Days_and_Time,Afternoon,MVI_4657,Landmark_Data/Days_and_Time/Afternoon/MVI_4657.npy,51,225
Days_and_Time,Afternoon,MVI_4658,Landmark_Data/Days_and_Time/Afternoon/MVI_4658.npy,48,225
Days_and_Time,Afternoon,MVI_5063,Landmark_Data/Days_and_Time/Afternoon/MVI_5063.npy,52,225
Days_and_Time,Afternoon,MVI_5064,Landmark_Data/Days_and_Time/Afternoon/MVI_5064.npy,48,225
Days_and_Time,Afternoon,MVI_5065,Landmark_Data/Days_and_Time/Afternoon/MVI_5065.npy,50,225
Days_and_Time,Afternoon,MVI_5511,Landmark_Data/Days_and_Time/Afternoon/MVI_5511.npy,40,225
Days_and_Time,Afternoon,MVI_5512,Landmark_Data/Days_and_Time/Afternoon/MVI_5512.npy,42,225
Days_and_Time,Afternoon,MVI_5513,Landmark_Data/Days_and_Time/Afternoon/MVI_5513.npy,38,225
Days_and_Time,Afternoon,MVI_5514,Landmark_Data/Days_and_Time/Afternoon/MVI_5514.npy,51,225
Days_and_Time,Afternoon,MVI_9191,Landmark_Data/Days_and_Time/Afternoon/MVI_9191.npy,54,225
Days_and_Time,Afternoon,MVI_9192,Landmark_Data/Days_and_Time/Afternoon/MVI_9192.npy,57,225
Days_and_Time,Afternoon,MVI_9193,Landmark_Data/Days_and_Time/Afternoon/MVI_9193.npy,62,225
Days_and_Time,Evening,MVI_4659,Landmark_Data/Days_and_Time/Evening/MVI_4659.npy,57,225
Days_and_Time,Evening,MVI_4660,Landmark_Data/Days_and_Time/Evening/MVI_4660.npy,48,225
Days_and_Time,Evening,MVI_4661,Landmark_Data/Days_and_Time/Evening/MVI_4661.npy,48,225
Days_and_Time,Evening,MVI_4662,Landmark_Data/Days_and_Time/Evening/MVI_4662.npy,58,225
Days_and_Time,Evening,MVI_5070,Landmark_Data/Days_and_Time/Evening/MVI_5070.npy,42,225
Days_and_Time,Evening,MVI_5071,Landmark_Data/Days_and_Time/Evening/MVI_5071.npy,42,225
Days_and_Time,Evening,MVI_5072,Landmark_Data/Days_and_Time/Evening/MVI_5072.npy,41,225
Days_and_Time,Evening,MVI_5515,Landmark_Data/Days_and_Time/Evening/MVI_5515.npy,37,225
Days_and_Time,Evening,MVI_5517,Landmark_Data/Days_and_Time/Evening/MVI_5517.npy,41,225
Days_and_Time,Evening,MVI_5518,Landmark_Data/Days_and_Time/Evening/MVI_5518.npy,34,225
Days_and_Time,Evening,MVI_5519,Landmark_Data/Days_and_Time/Evening/MVI_5519.npy,39,225
Days_and_Time,Evening,MVI_9194,Landmark_Data/Days_and_Time/Evening/MVI_9194.npy,67,225
Days_and_Time,Evening,MVI_9195,Landmark_Data/Days_and_Time/Evening/MVI_9195.npy,63,225
Days_and_Time,Evening,MVI_9196,Landmark_Data/Days_and_Time/Evening/MVI_9196.npy,58,225
Days_and_Time,Friday,MVI_4607,Landmark_Data/Days_and_Time/Friday/MVI_4607.npy,56,225
Days_and_Time,Friday,MVI_4608,Landmark_Data/Days_and_Time/Friday/MVI_4608.npy,61,225
Days_and_Time,Friday,MVI_4609,Landmark_Data/Days_and_Time/Friday/MVI_4609.npy,57,225
Days_and_Time,Friday,MVI_4610,Landmark_Data/Days_and_Time/Friday/MVI_4610.npy,55,225
Days_and_Time,Friday,MVI_5022,Landmark_Data/Days_and_Time/Friday/MVI_5022.npy,47,225
Days_and_Time,Friday,MVI_5023,Landmark_Data/Days_and_Time/Friday/MVI_5023.npy,48,225
Days_and_Time,Friday,MVI_5026,Landmark_Data/Days_and_Time/Friday/MVI_5026.npy,49,225
Days_and_Time,Friday,MVI_5462,Landmark_Data/Days_and_Time/Friday/MVI_5462.npy,46,225
Days_and_Time,Friday,MVI_5463,Landmark_Data/Days_and_Time/Friday/MVI_5463.npy,54,225
Days_and_Time,Friday,MVI_5464,Landmark_Data/Days_and_Time/Friday/MVI_5464.npy,52,225
Days_and_Time,Friday,MVI_5465,Landmark_Data/Days_and_Time/Friday/MVI_5465.npy,54,225
Days_and_Time,Friday,MVI_9154,Landmark_Data/Days_and_Time/Friday/MVI_9154.npy,78,225
Days_and_Time,Friday,MVI_9155,Landmark_Data/Days_and_Time/Friday/MVI_9155.npy,63,225
Days_and_Time,Friday,MVI_9156,Landmark_Data/Days_and_Time/Friday/MVI_9156.npy,65,225
Days_and_Time,Hour,MVI_4639,Landmark_Data/Days_and_Time/Hour/MVI_4639.npy,65,225
Days_and_Time,Hour,MVI_4640,Landmark_Data/Days_and_Time/Hour/MVI_4640.npy,58,225
Days_and_Time,Hour,MVI_4641,Landmark_Data/Days_and_Time/Hour/MVI_4641.npy,54,225
Days_and_Time,Hour,MVI_4642,Landmark_Data/Days_and_Time/Hour/MVI_4642.npy,67,225
Days_and_Time,Hour,MVI_5050,Landmark_Data/Days_and_Time/Hour/MVI_5050.npy,49,225
Days_and_Time,Hour,MVI_5051,Landmark_Data/Days_and_Time/Hour/MVI_5051.npy,51,225
Days_and_Time,Hour,MVI_5052,Landmark_Data/Days_and_Time/Hour/MVI_5052.npy,52,225
Days_and_Time,Hour,MVI_5495,Landmark_Data/Days_and_Time/Hour/MVI_5495.npy,45,225
Days_and_Time,Hour,MVI_5496,Landmark_Data/Days_and_Time/Hour/MVI_5496.npy,52,225
Days_and_Time,Hour,MVI_5497,Landmark_Data/Days_and_Time/Hour/MVI_5497.npy,51,225
Days_and_Time,Hour,MVI_5498,Landmark_Data/Days_and_Time/Hour/MVI_5498.npy,47,225
Days_and_Time,Hour,MVI_9179,Landmark_Data/Days_and_Time/Hour/MVI_9179.npy,66,225
Days_and_Time,Hour,MVI_9180,Landmark_Data/Days_and_Time/Hour/MVI_9180.npy,67,225
Days_and_Time,Hour,MVI_9181,Landmark_Data/Days_and_Time/Hour/MVI_9181.npy,61,225
Days_and_Time,Minute,MVI_4643,Landmark_Data/Days_and_Time/Minute/MVI_4643.npy,56,225
Days_and_Time,Minute,MVI_4644,Landmark_Data/Days_and_Time/Minute/MVI_4644.npy,57,225
Days_and_Time,Minute,MVI_4645,Landmark_Data/Days_and_Time/Minute/MVI_4645.npy,63,225
Days_and_Time,Minute,MVI_4646,Landmark_Data/Days_and_Time/Minute/MVI_4646.npy,61,225
Days_and_Time,Minute,MVI_5053,Landmark_Data/Days_and_Time/Minute/MVI_5053.npy,49,225
Days_and_Time,Minute,MVI_5054,Landmark_Data/Days_and_Time/Minute/MVI_5054.npy,49,225
Days_and_Time,Minute,MVI_5055,Landmark_Data/Days_and_Time/Minute/MVI_5055.npy,48,225
Days_and_Time,Minute,MVI_5499,Landmark_Data/Days_and_Time/Minute/MVI_5499.npy,40,225
Days_and_Time,Minute,MVI_5500,Landmark_Data/Days_and_Time/Minute/MVI_5500.npy,36,225
Days_and_Time,Minute,MVI_5501,Landmark_Data/Days_and_Time/Minute/MVI_5501.npy,36,225
Days_and_Time,Minute,MVI_5502,Landmark_Data/Days_and_Time/Minute/MVI_5502.npy,37,225
Days_and_Time,Minute,MVI_9182,Landmark_Data/Days_and_Time/Minute/MVI_9182.npy,68,225
Days_and_Time,Minute,MVI_9183,Landmark_Data/Days_and_Time/Minute/MVI_9183.npy,65,225
Days_and_Time,Minute,MVI_9184,Landmark_Data/Days_and_Time/Minute/MVI_9184.npy,61,225
Days_and_Time,Monday,MVI_4591,Landmark_Data/Days_and_Time/Monday/MVI_4591.npy,57,225
Days_and_Time,Monday,MVI_4592,Landmark_Data/Days_and_Time/Monday/MVI_4592.npy,54,225
Days_and_Time,Monday,MVI_4593,Landmark_Data/Days_and_Time/Monday/MVI_4593.npy,60,225
Days_and_Time,Monday,MVI_4594,Landmark_Data/Days_and_Time/Monday/MVI_4594.npy,59,225
Days_and_Time,Monday,MVI_5009,Landmark_Data/Days_and_Time/Monday/MVI_5009.npy,47,225
Days_and_Time,Monday,MVI_5010,Landmark_Data/Days_and_Time/Monday/MVI_5010.npy,47,225
Days_and_Time,Monday,MVI_5011,Landmark_Data/Days_and_Time/Monday/MVI_5011.npy,54,225
Days_and_Time,Monday,MVI_5446,Landmark_Data/Days_and_Time/Monday/MVI_5446.npy,52,225
Days_and_Time,Monday,MVI_5447,Landmark_Data/Days_and_Time/Monday/MVI_5447.npy,53,225
Days_and_Time,Monday,MVI_5448,Landmark_Data/Days_and_Time/Monday/MVI_5448.npy,54,225
Days_and_Time,Monday,MVI_5449,Landmark_Data/Days_and_Time/Monday/MVI_5449.npy,51,225
Days_and_Time,Monday,MVI_9142,Landmark_Data/Days_and_Time/Monday/MVI_9142.npy,63,225
Days_and_Time,Monday,MVI_9143,Landmark_Data/Days_and_Time/Monday/MVI_9143.npy,70,225
Days_and_Time,Monday,MVI_9144,Landmark_Data/Days_and_Time/Monday/MVI_9144.npy,58,225
Days_and_Time,Month,MVI_4631,Landmark_Data/Days_and_Time/Month/MVI_4631.npy,56,225
Days_and_Time,Month,MVI_4632,Landmark_Data/Days_and_Time/Month/MVI_4632.npy,57,225
Days_and_Time,Month,MVI_4633,Landmark_Data/Days_and_Time/Month/MVI_4633.npy,52,225
Days_and_Time,Month,MVI_4634,Landmark_Data/Days_and_Time/Month/MVI_4634.npy,51,225
Days_and_Time,Month,MVI_5044,Landmark_Data/Days_and_Time/Month/MVI_5044.npy,50,225
Days_and_Time,Month,MVI_5045,Landmark_Data/Days_and_Time/Month/MVI_5045.npy,49,225
Days_and_Time,Month,MVI_5046,Landmark_Data/Days_and_Time/Month/MVI_5046.npy,40,225
Days_and_Time,Month,MVI_5487,Landmark_Data/Days_and_Time/Month/MVI_5487.npy,39,225
Days_and_Time,Month,MVI_5488,Landmark_Data/Days_and_Time/Month/MVI_5488.npy,43,225
Days_and_Time,Month,MVI_5489,Landmark_Data/Days_and_Time/Month/MVI_5489.npy,44,225
Days_and_Time,Month,MVI_5490,Landmark_Data/Days_and_Time/Month/MVI_5490.npy,44,225
Days_and_Time,Month,MVI_9172,Landmark_Data/Days_and_Time/Month/MVI_9172.npy,58,225
Days_and_Time,Month,MVI_9173,Landmark_Data/Days_and_Time/Month/MVI_9173.npy,55,225
Days_and_Time,Month,MVI_9174,Landmark_Data/Days_and_Time/Month/MVI_9174.npy,64,225
Days_and_Time,Morning,MVI_4651,Landmark_Data/Days_and_Time/Morning/MVI_4651.npy,53,225
Days_and_Time,Morning,MVI_4652,Landmark_Data/Days_and_Time/Morning/MVI_4652.npy,57,225
Days_and_Time,Morning,MVI_4653,Landmark_Data/Days_and_Time/Morning/MVI_4653.npy,54,225
Days_and_Time,Morning,MVI_4654,Landmark_Data/Days_and_Time/Morning/MVI_4654.npy,46,225
Days_and_Time,Morning,MVI_5060,Landmark_Data/Days_and_Time/Morning/MVI_5060.npy,43,225
Days_and_Time,Morning,MVI_5061,Landmark_Data/Days_and_Time/Morning/MVI_5061.npy,43,225
Days_and_Time,Morning,MVI_5062,Landmark_Data/Days_and_Time/Morning/MVI_5062.npy,44,225
Days_and_Time,Morning,MVI_5507,Landmark_Data/Days_and_Time/Morning/MVI_5507.npy,39,225
Days_and_Time,Morning,MVI_5508,Landmark_Data/Days_and_Time/Morning/MVI_5508.npy,42,225
Days_and_Time,Morning,MVI_5509,Landmark_Data/Days_and_Time/Morning/MVI_5509.npy,40,225
Days_and_Time,Morning,MVI_5510,Landmark_Data/Days_and_Time/Morning/MVI_5510.npy,41,225
Days_and_Time,Morning,MVI_9188,Landmark_Data/Days_and_Time/Morning/MVI_9188.npy,59,225
Days_and_Time,Morning,MVI_9189,Landmark_Data/Days_and_Time/Morning/MVI_9189.npy,63,225
Days_and_Time,Morning,MVI_9190,Landmark_Data/Days_and_Time/Morning/MVI_9190.npy,70,225
Days_and_Time,Night,MVI_4663,Landmark_Data/Days_and_Time/Night/MVI_4663.npy,54,225
Days_and_Time,Night,MVI_4664,Landmark_Data/Days_and_Time/Night/MVI_4664.npy,55,225
Days_and_Time,Night,MVI_4665,Landmark_Data/Days_and_Time/Night/MVI_4665.npy,55,225
Days_and_Time,Night,MVI_4666,Landmark_Data/Days_and_Time/Night/MVI_4666.npy,52,225
Days_and_Time,Night,MVI_5073,Landmark_Data/Days_and_Time/Night/MVI_5073.npy,44,225
Days_and_Time,Night,MVI_5074,Landmark_Data/Days_and_Time/Night/MVI_5074.npy,40,225
Days_and_Time,Night,MVI_5076,Landmark_Data/Days_and_Time/Night/MVI_5076.npy,43,225
Days_and_Time,Night,MVI_5520,Landmark_Data/Days_and_Time/Night/MVI_5520.npy,38,225
Days_and_Time,Night,MVI_5521,Landmark_Data/Days_and_Time/Night/MVI_5521.npy,35,225
Days_and_Time,Night,MVI_5522,Landmark_Data/Days_and_Time/Night/MVI_5522.npy,37,225
Days_and_Time,Night,MVI_5523,Landmark_Data/Days_and_Time/Night/MVI_5523.npy,43,225
Days_and_Time,Night,MVI_9197,Landmark_Data/Days_and_Time/Night/MVI_9197.npy,61,225
Days_and_Time,Night,MVI_9198,Landmark_Data/Days_and_Time/Night/MVI_9198.npy,65,225
Days_and_Time,Night,MVI_9199,Landmark_Data/Days_and_Time/Night/MVI_9199.npy,61,225
Days_and_Time,Night,MVI_9200,Landmark_Data/Days_and_Time/Night/MVI_9200.npy,63,225
Days_and_Time,Saturday,MVI_4611,Landmark_Data/Days_and_Time/Saturday/MVI_4611.npy,61,225
Days_and_Time,Saturday,MVI_4612,Landmark_Data/Days_and_Time/Saturday/MVI_4612.npy,58,225
Days_and_Time,Saturday,MVI_4613,Landmark_Data/Days_and_Time/Saturday/MVI_4613.npy,55,225
Days_and_Time,Saturday,MVI_4614,Landmark_Data/Days_and_Time/Saturday/MVI_4614.npy,60,225
Days_and_Time,Saturday,MVI_5027,Landmark_Data/Days_and_Time/Saturday/MVI_5027.npy,44,225
Days_and_Time,Saturday,MVI_5028,Landmark_Data/Days_and_Time/Saturday/MVI_5028.npy,49,225
Days_and_Time,Saturday,MVI_5030,Landmark_Data/Days_and_Time/Saturday/MVI_5030.npy,47,225
Days_and_Time,Saturday,MVI_5466,Landmark_Data/Days_and_Time/Saturday/MVI_5466.npy,57,225
Days_and_Time,Saturday,MVI_5467,Landmark_Data/Days_and_Time/Saturday/MVI_5467.npy,50,225
Days_and_Time,Saturday,MVI_5468,Landmark_Data/Days_and_Time/Saturday/MVI_5468.npy,53,225
Days_and_Time,Saturday,MVI_5469,Landmark_Data/Days_and_Time/Saturday/MVI_5469.npy,52,225
Days_and_Time,Saturday,MVI_9157,Landmark_Data/Days_and_Time/Saturday/MVI_9157.npy,63,225
Days_and_Time,Saturday,MVI_9158,Landmark_Data/Days_and_Time/Saturday/MVI_9158.npy,67,225
Days_and_Time,Saturday,MVI_9159,Landmark_Data/Days_and_Time/Saturday/MVI_9159.npy,68,225
Days_and_Time,Second,MVI_5056,Landmark_Data/Days_and_Time/Second/MVI_5056.npy,48,225
Days_and_Time,Second,MVI_5057,Landmark_Data/Days_and_Time/Second/MVI_5057.npy,40,225
Days_and_Time,Second,MVI_5058,Landmark_Data/Days_and_Time/Second/MVI_5058.npy,50,225
Days_and_Time,Second,MVI_9185,Landmark_Data/Days_and_Time/Second/MVI_9185.npy,72,225
Days_and_Time,Second,MVI_9186,Landmark_Data/Days_and_Time/Second/MVI_9186.npy,75,225
Days_and_Time,Second,MVI_9187,Landmark_Data/Days_and_Time/Second/MVI_9187.npy,81,225
Days_and_Time,Second,MVI_9208,Landmark_Data/Days_and_Time/Second/MVI_9208.npy,79,225
Days_and_Time,Second,MVI_9209,Landmark_Data/Days_and_Time/Second/MVI_9209.npy,80,225
Days_and_Time,Second,MVI_9210,Landmark_Data/Days_and_Time/Second/MVI_9210.npy,80,225
Days_and_Time,Second,MVI_9211,Landmark_Data/Days_and_Time/Second/MVI_9211.npy,75,225
Days_and_Time,Second,MVI_9212,Landmark_Data/Days_and_Time/Second/MVI_9212.npy,65,225
Days_and_Time,Second,MVI_9213,Landmark_Data/Days_and_Time/Second/MVI_9213.npy,72,225
Days_and_Time,Second,MVI_9214,Landmark_Data/Days_and_Time/Second/MVI_9214.npy,66,225
Days_and_Time,Second,MVI_9215,Landmark_Data/Days_and_Time/Second/MVI_9215.npy,67,225
Days_and_Time,Second,MVI_9216,Landmark_Data/Days_and_Time/Second/MVI_9216.npy,65,225
Days_and_Time,Sunday,MVI_4586,Landmark_Data/Days_and_Time/Sunday/MVI_4586.npy,71,225
Days_and_Time,Sunday,MVI_4588,Landmark_Data/Days_and_Time/Sunday/MVI_4588.npy,69,225
Days_and_Time,Sunday,MVI_4589,Landmark_Data/Days_and_Time/Sunday/MVI_4589.npy,60,225
Days_and_Time,Sunday,MVI_4590,Landmark_Data/Days_and_Time/Sunday/MVI_4590.npy,57,225
Days_and_Time,Sunday,MVI_5005,Landmark_Data/Days_and_Time/Sunday/MVI_5005.npy,52,225
Days_and_Time,Sunday,MVI_5006,Landmark_Data/Days_and_Time/Sunday/MVI_5006.npy,50,225
Days_and_Time,Sunday,MVI_5008,Landmark_Data/Days_and_Time/Sunday/MVI_5008.npy,47,225
Days_and_Time,Sunday,MVI_5442,Landmark_Data/Days_and_Time/Sunday/MVI_5442.npy,51,225
Days_and_Time,Sunday,MVI_5443,Landmark_Data/Days_and_Time/Sunday/MVI_5443.npy,57,225
Days_and_Time,Sunday,MVI_5444,Landmark_Data/Days_and_Time/Sunday/MVI_5444.npy,61,225
Days_and_Time,Sunday,MVI_5445,Landmark_Data/Days_and_Time/Sunday/MVI_5445.npy,57,225
Days_and_Time,Sunday,MVI_9139,Landmark_Data/Days_and_Time/Sunday/MVI_9139.npy,78,225
Days_and_Time,Sunday,MVI_9140,Landmark_Data/Days_and_Time/Sunday/MVI_9140.npy,75,225
Days_and_Time,Sunday,MVI_9141,Landmark_Data/Days_and_Time/Sunday/MVI_9141.npy,71,225
Days_and_Time,Thursday,MVI_4603,Landmark_Data/Days_and_Time/Thursday/MVI_4603.npy,62,225
Days_and_Time,Thursday,MVI_4604,Landmark_Data/Days_and_Time/Thursday/MVI_4604.npy,62,225
Days_and_Time,Thursday,MVI_4605,Landmark_Data/Days_and_Time/Thursday/MVI_4605.npy,58,225
Days_and_Time,Thursday,MVI_4606,Landmark_Data/Days_and_Time/Thursday/MVI_4606.npy,68,225
Days_and_Time,Thursday,MVI_5019,Landmark_Data/Days_and_Time/Thursday/MVI_5019.npy,53,225
Days_and_Time,Thursday,MVI_5020,Landmark_Data/Days_and_Time/Thursday/MVI_5020.npy,50,225
Days_and_Time,Thursday,MVI_5021,Landmark_Data/Days_and_Time/Thursday/MVI_5021.npy,56,225
Days_and_Time,Thursday,MVI_5458,Landmark_Data/Days_and_Time/Thursday/MVI_5458.npy,53,225
Days_and_Time,Thursday,MVI_5459,Landmark_Data/Days_and_Time/Thursday/MVI_5459.npy,49,225
Days_and_Time,Thursday,MVI_5460,Landmark_Data/Days_and_Time/Thursday/MVI_5460.npy,48,225
Days_and_Time,Thursday,MVI_5461,Landmark_Data/Days_and_Time/Thursday/MVI_5461.npy,52,225
Days_and_Time,Thursday,MVI_9151,Landmark_Data/Days_and_Time/Thursday/MVI_9151.npy,66,225
Days_and_Time,Thursday,MVI_9152,Landmark_Data/Days_and_Time/Thursday/MVI_9152.npy,63,225
Days_and_Time,Thursday,MVI_9153,Landmark_Data/Days_and_Time/Thursday/MVI_9153.npy,60,225
Days_and_Time,Time,MVI_4667,Landmark_Data/Days_and_Time/Time/MVI_4667.npy,58,225
Days_and_Time,Time,MVI_4668,Landmark_Data/Days_and_Time/Time/MVI_4668.npy,59,225
Days_and_Time,Time,MVI_4669,Landmark_Data/Days_and_Time/Time/MVI_4669.npy,73,225
Days_and_Time,Time,MVI_4670,Landmark_Data/Days_and_Time/Time/MVI_4670.npy,66,225
Days_and_Time,Time,MVI_5077,Landmark_Data/Days_and_Time/Time/MVI_5077.npy,45,225
Days_and_Time,Time,MVI_5078,Landmark_Data/Days_and_Time/Time/MVI_5078.npy,44,225
Days_and_Time,Time,MVI_5079,Landmark_Data/Days_and_Time/Time/MVI_5079.npy,42,225
Days_and_Time,Time,MVI_5524,Landmark_Data/Days_and_Time/Time/MVI_5524.npy,38,225
Days_and_Time,Time,MVI_5525,Landmark_Data/Days_and_Time/Time/MVI_5525.npy,42,225
Days_and_Time,Time,MVI_5526,Landmark_Data/Days_and_Time/Time/MVI_5526.npy,43,225
Days_and_Time,Time,MVI_5527,Landmark_Data/Days_and_Time/Time/MVI_5527.npy,41,225
Days_and_Time,Time,MVI_9201,Landmark_Data/Days_and_Time/Time/MVI_9201.npy,64,225
Days_and_Time,Time,MVI_9202,Landmark_Data/Days_and_Time/Time/MVI_9202.npy,58,225
Days_and_Time,Time,MVI_9203,Landmark_Data/Days_and_Time/Time/MVI_9203.npy,57,225
Days_and_Time,Time,MVI_9204,Landmark_Data/Days_and_Time/Time/MVI_9204.npy,57,225
Days_and_Time,Today,MVI_4615,Landmark_Data/Days_and_Time/Today/MVI_4615.npy,62,225
Days_and_Time,Today,MVI_4616,Landmark_Data/Days_and_Time/Today/MVI_4616.npy,54,225
Days_and_Time,Today,MVI_4617,Landmark_Data/Days_and_Time/Today/MVI_4617.npy,48,225
Days_and_Time,Today,MVI_4618,Landmark_Data/Days_and_Time/Today/MVI_4618.npy,45,225
Days_and_Time,Today,MVI_5031,Landmark_Data/Days_and_Time/Today/MVI_5031.npy,47,225
Days_and_Time,Today,MVI_5032,Landmark_Data/Days_and_Time/Today/MVI_5032.npy,41,225
Days_and_Time,Today,MVI_5033,Landmark_Data/Days_and_Time/Today/MVI_5033.npy,46,225
Days_and_Time,Today,MVI_5470,Landmark_Data/Days_and_Time/Today/MVI_5470.npy,44,225
Days_and_Time,Today,MVI_5471,Landmark_Data/Days_and_Time/Today/MVI_5471.npy,48,225
Days_and_Time,Today,MVI_5472,Landmark_Data/Days_and_Time/Today/MVI_5472.npy,52,225
Days_and_Time,Today,MVI_5473,Landmark_Data/Days_and_Time/Today/MVI_5473.npy,41,225
Days_and_Time,Today,MVI_9160,Landmark_Data/Days_and_Time/Today/MVI_9160.npy,69,225
Days_and_Time,Today,MVI_9161,Landmark_Data/Days_and_Time/Today/MVI_9161.npy,68,225
Days_and_Time,Today,MVI_9162,Landmark_Data/Days_and_Time/Today/MVI_9162.npy,60,225
Days_and_Time,Tomorrow,MVI_4619,Landmark_Data/Days_and_Time/Tomorrow/MVI_4619.npy,54,225
Days_and_Time,Tomorrow,MVI_4620,Landmark_Data/Days_and_Time/Tomorrow/MVI_4620.npy,56,225
Days_and_Time,Tomorrow,MVI_4621,Landmark_Data/Days_and_Time/Tomorrow/MVI_4621.npy,49,225
Days_and_Time,Tomorrow,MVI_4622,Landmark_Data/Days_and_Time/Tomorrow/MVI_4622.npy,55,225
Days_and_Time,Tomorrow,MVI_5034,Landmark_Data/Days_and_Time/Tomorrow/MVI_5034.npy,40,225
Days_and_Time,Tomorrow,MVI_5035,Landmark_Data/Days_and_Time/Tomorrow/MVI_5035.npy,48,225
Days_and_Time,Tomorrow,MVI_5036,Landmark_Data/Days_and_Time/Tomorrow/MVI_5036.npy,45,225
Days_and_Time,Tomorrow,MVI_5474,Landmark_Data/Days_and_Time/Tomorrow/MVI_5474.npy,43,225
Days_and_Time,Tomorrow,MVI_5475,Landmark_Data/Days_and_Time/Tomorrow/MVI_5475.npy,42,225
Days_and_Time,Tomorrow,MVI_5476,Landmark_Data/Days_and_Time/Tomorrow/MVI_5476.npy,45,225
Days_and_Time,Tomorrow,MVI_5477,Landmark_Data/Days_and_Time/Tomorrow/MVI_5477.npy,41,225
Days_and_Time,Tomorrow,MVI_9163,Landmark_Data/Days_and_Time/Tomorrow/MVI_9163.npy,99,225
Days_and_Time,Tomorrow,MVI_9164,Landmark_Data/Days_and_Time/Tomorrow/MVI_9164.npy,62,225
Days_and_Time,Tomorrow,MVI_9165,Landmark_Data/Days_and_Time/Tomorrow/MVI_9165.npy,80,225
Days_and_Time,Tuesday,MVI_4595,Landmark_Data/Days_and_Time/Tuesday/MVI_4595.npy,59,225
Days_and_Time,Tuesday,MVI_4596,Landmark_Data/Days_and_Time/Tuesday/MVI_4596.npy,55,225
Days_and_Time,Tuesday,MVI_4597,Landmark_Data/Days_and_Time/Tuesday/MVI_4597.npy,62,225
Days_and_Time,Tuesday,MVI_4598,Landmark_Data/Days_and_Time/Tuesday/MVI_4598.npy,70,225
Days_and_Time,Tuesday,MVI_5012,Landmark_Data/Days_and_Time/Tuesday/MVI_5012.npy,50,225
Days_and_Time,Tuesday,MVI_5013,Landmark_Data/Days_and_Time/Tuesday/MVI_5013.npy,52,225
Days_and_Time,Tuesday,MVI_5014,Landmark_Data/Days_and_Time/Tuesday/MVI_5014.npy,54,225
Days_and_Time,Tuesday,MVI_5450,Landmark_Data/Days_and_Time/Tuesday/MVI_5450.npy,51,225
Days_and_Time,Tuesday,MVI_5451,Landmark_Data/Days_and_Time/Tuesday/MVI_5451.npy,51,225
Days_and_Time,Tuesday,MVI_5452,Landmark_Data/Days_and_Time/Tuesday/MVI_5452.npy,49,225
Days_and_Time,Tuesday,MVI_5453,Landmark_Data/Days_and_Time/Tuesday/MVI_5453.npy,56,225
Days_and_Time,Tuesday,MVI_9145,Landmark_Data/Days_and_Time/Tuesday/MVI_9145.npy,67,225
Days_and_Time,Tuesday,MVI_9146,Landmark_Data/Days_and_Time/Tuesday/MVI_9146.npy,62,225
Days_and_Time,Tuesday,MVI_9147,Landmark_Data/Days_and_Time/Tuesday/MVI_9147.npy,61,225
Days_and_Time,Wednesday,MVI_4599,Landmark_Data/Days_and_Time/Wednesday/MVI_4599.npy,50,225
Days_and_Time,Wednesday,MVI_4600,Landmark_Data/Days_and_Time/Wednesday/MVI_4600.npy,54,225
Days_and_Time,Wednesday,MVI_4601,Landmark_Data/Days_and_Time/Wednesday/MVI_4601.npy,56,225
Days_and_Time,Wednesday,MVI_4602,Landmark_Data/Days_and_Time/Wednesday/MVI_4602.npy,49,225
Days_and_Time,Wednesday,MVI_5016,Landmark_Data/Days_and_Time/Wednesday/MVI_5016.npy,51,225
Days_and_Time,Wednesday,MVI_5017,Landmark_Data/Days_and_Time/Wednesday/MVI_5017.npy,51,225
Days_and_Time,Wednesday,MVI_5018,Landmark_Data/Days_and_Time/Wednesday/MVI_5018.npy,51,225
Days_and_Time,Wednesday,MVI_5454,Landmark_Data/Days_and_Time/Wednesday/MVI_5454.npy,56,225
Days_and_Time,Wednesday,MVI_5455,Landmark_Data/Days_and_Time/Wednesday/MVI_5455.npy,54,225
Days_and_Time,Wednesday,MVI_5456,Landmark_Data/Days_and_Time/Wednesday/MVI_5456.npy,54,225
Days_and_Time,Wednesday,MVI_5457,Landmark_Data/Days_and_Time/Wednesday/MVI_5457.npy,46,225
Days_and_Time,Wednesday,MVI_9148,Landmark_Data/Days_and_Time/Wednesday/MVI_9148.npy,61,225
Days_and_Time,Wednesday,MVI_9149,Landmark_Data/Days_and_Time/Wednesday/MVI_9149.npy,61,225
Days_and_Time,Wednesday,MVI_9150,Landmark_Data/Days_and_Time/Wednesday/MVI_9150.npy,58,225
Days_and_Time,Week,MVI_4627,Landmark_Data/Days_and_Time/Week/MVI_4627.npy,71,225
Days_and_Time,Week,MVI_4628,Landmark_Data/Days_and_Time/Week/MVI_4628.npy,69,225
Days_and_Time,Week,MVI_4629,Landmark_Data/Days_and_Time/Week/MVI_4629.npy,58,225
Days_and_Time,Week,MVI_4630,Landmark_Data/Days_and_Time/Week/MVI_4630.npy,56,225
Days_and_Time,Week,MVI_5041,Landmark_Data/Days_and_Time/Week/MVI_5041.npy,53,225
Days_and_Time,Week,MVI_5042,Landmark_Data/Days_and_Time/Week/MVI_5042.npy,50,225
Days_and_Time,Week,MVI_5043,Landmark_Data/Days_and_Time/Week/MVI_5043.npy,49,225
Days_and_Time,Week,MVI_5482,Landmark_Data/Days_and_Time/Week/MVI_5482.npy,46,225
Days_and_Time,Week,MVI_5484,Landmark_Data/Days_and_Time/Week/MVI_5484.npy,39,225
Days_and_Time,Week,MVI_5485,Landmark_Data/Days_and_Time/Week/MVI_5485.npy,47,225
Days_and_Time,Week,MVI_5486,Landmark_Data/Days_and_Time/Week/MVI_5486.npy,42,225
Days_and_Time,Week,MVI_9169,Landmark_Data/Days_and_Time/Week/MVI_9169.npy,71,225
Days_and_Time,Week,MVI_9170,Landmark_Data/Days_and_Time/Week/MVI_9170.npy,64,225
Days_and_Time,Week,MVI_9171,Landmark_Data/Days_and_Time/Week/MVI_9171.npy,69,225
Days_and_Time,Year,MVI_4635,Landmark_Data/Days_and_Time/Year/MVI_4635.npy,56,225
Days_and_Time,Year,MVI_4636,Landmark_Data/Days_and_Time/Year/MVI_4636.npy,53,225
Days_and_Time,Year,MVI_4637,Landmark_Data/Days_and_Time/Year/MVI_4637.npy,50,225
Days_and_Time,Year,MVI_4638,Landmark_Data/Days_and_Time/Year/MVI_4638.npy,51,225
Days_and_Time,Year,MVI_5047,Landmark_Data/Days_and_Time/Year/MVI_5047.npy,46,225
Days_and_Time,Year,MVI_5048,Landmark_Data/Days_and_Time/Year/MVI_5048.npy,37,225
Days_and_Time,Year,MVI_5049,Landmark_Data/Days_and_Time/Year/MVI_5049.npy,51,225
Days_and_Time,Year,MVI_5491,Landmark_Data/Days_and_Time/Year/MVI_5491.npy,46,225
Days_and_Time,Year,MVI_5492,Landmark_Data/Days_and_Time/Year/MVI_5492.npy,43,225
Days_and_Time,Year,MVI_5493,Landmark_Data/Days_and_Time/Year/MVI_5493.npy,39,225
Days_and_Time,Year,MVI_5494,Landmark_Data/Days_and_Time/Year/MVI_5494.npy,46,225
Days_and_Time,Year,MVI_9175,Landmark_Data/Days_and_Time/Year/MVI_9175.npy,60,225
Days_and_Time,Year,MVI_9176,Landmark_Data/Days_and_Time/Year/MVI_9176.npy,61,225
Days_and_Time,Year,MVI_9177,Landmark_Data/Days_and_Time/Year/MVI_9177.npy,57,225
Days_and_Time,Year,MVI_9178,Landmark_Data/Days_and_Time/Year/MVI_9178.npy,69,225
Days_and_Time,Yesterday,MVI_4623,Landmark_Data/Days_and_Time/Yesterday/MVI_4623.npy,50,225
Days_and_Time,Yesterday,MVI_4624,Landmark_Data/Days_and_Time/Yesterday/MVI_4624.npy,47,225
Days_and_Time,Yesterday,MVI_4625,Landmark_Data/Days_and_Time/Yesterday/MVI_4625.npy,51,225
Days_and_Time,Yesterday,MVI_4626,Landmark_Data/Days_and_Time/Yesterday/MVI_4626.npy,45,225
Days_and_Time,Yesterday,MVI_5037,Landmark_Data/Days_and_Time/Yesterday/MVI_5037.npy,51,225
Days_and_Time,Yesterday,MVI_5038,Landmark_Data/Days_and_Time/Yesterday/MVI_5038.npy,51,225
Days_and_Time,Yesterday,MVI_5040,Landmark_Data/Days_and_Time/Yesterday/MVI_5040.npy,46,225
Days_and_Time,Yesterday,MVI_5478,Landmark_Data/Days_and_Time/Yesterday/MVI_5478.npy,40,225
Days_and_Time,Yesterday,MVI_5479,Landmark_Data/Days_and_Time/Yesterday/MVI_5479.npy,43,225
Days_and_Time,Yesterday,MVI_5480,Landmark_Data/Days_and_Time/Yesterday/MVI_5480.npy,42,225
Days_and_Time,Yesterday,MVI_5481,Landmark_Data/Days_and_Time/Yesterday/MVI_5481.npy,44,225
Days_and_Time,Yesterday,MVI_9166,Landmark_Data/Days_and_Time/Yesterday/MVI_9166.npy,60,225
Days_and_Time,Yesterday,MVI_9167,Landmark_Data/Days_and_Time/Yesterday/MVI_9167.npy,68,225
Days_and_Time,Yesterday,MVI_9168,Landmark_Data/Days_and_Time/Yesterday/MVI_9168.npy,70,225
Clothes,Clothing,MVI_3716,Landmark_Data/Clothes/Clothing/MVI_3716.npy,61,225
Clothes,Clothing,MVI_3717,Landmark_Data/Clothes/Clothing/MVI_3717.npy,61,225
Clothes,Clothing,MVI_3718,Landmark_Data/Clothes/Clothing/MVI_3718.npy,53,225
Clothes,Clothing,MVI_3863,Landmark_Data/Clothes/Clothing/MVI_3863.npy,83,225
Clothes,Clothing,MVI_3864,Landmark_Data/Clothes/Clothing/MVI_3864.npy,75,225
Clothes,Clothing,MVI_3865,Landmark_Data/Clothes/Clothing/MVI_3865.npy,74,225
Clothes,Clothing,MVI_4014,Landmark_Data/Clothes/Clothing/MVI_4014.npy,61,225
Clothes,Clothing,MVI_4015,Landmark_Data/Clothes/Clothing/MVI_4015.npy,62,225
Clothes,Clothing,MVI_4016,Landmark_Data/Clothes/Clothing/MVI_4016.npy,61,225
Clothes,Clothing,MVI_4206,Landmark_Data/Clothes/Clothing/MVI_4206.npy,50,225
Clothes,Clothing,MVI_4894,Landmark_Data/Clothes/Clothing/MVI_4894.npy,59,225
Clothes,Clothing,MVI_4895,Landmark_Data/Clothes/Clothing/MVI_4895.npy,58,225
Clothes,Clothing,MVI_4896,Landmark_Data/Clothes/Clothing/MVI_4896.npy,50,225
Clothes,Clothing,MVI_5034,Landmark_Data/Clothes/Clothing/MVI_5034.npy,49,225
Clothes,Clothing,MVI_5035,Landmark_Data/Clothes/Clothing/MVI_5035.npy,44,225
Clothes,Clothing,MVI_5036,Landmark_Data/Clothes/Clothing/MVI_5036.npy,49,225
Clothes,Clothing,MVI_5181,Landmark_Data/Clothes/Clothing/MVI_5181.npy,58,225
Clothes,Clothing,MVI_5182,Landmark_Data/Clothes/Clothing/MVI_5182.npy,57,225
Clothes,Clothing,MVI_5183,Landmark_Data/Clothes/Clothing/MVI_5183.npy,54,225
Clothes,Clothing,MVI_8611,Landmark_Data/Clothes/Clothing/MVI_8611.npy,67,225
Clothes,Dress,MVI_3693,Landmark_Data/Clothes/Dress/MVI_3693.npy,59,225
Clothes,Dress,MVI_3694,Landmark_Data/Clothes/Dress/MVI_3694.npy,64,225
Clothes,Dress,MVI_3696,Landmark_Data/Clothes/Dress/MVI_3696.npy,62,225
Clothes,Dress,MVI_3838,Landmark_Data/Clothes/Dress/MVI_3838.npy,48,225
Clothes,Dress,MVI_3839,Landmark_Data/Clothes/Dress/MVI_3839.npy,55,225
Clothes,Dress,MVI_3840,Landmark_Data/Clothes/Dress/MVI_3840.npy,51,225
Clothes,Dress,MVI_3987,Landmark_Data/Clothes/Dress/MVI_3987.npy,68,225
Clothes,Dress,MVI_3988,Landmark_Data/Clothes/Dress/MVI_3988.npy,88,225
Clothes,Dress,MVI_3989,Landmark_Data/Clothes/Dress/MVI_3989.npy,62,225
Clothes,Dress,MVI_4198,Landmark_Data/Clothes/Dress/MVI_4198.npy,50,225
Clothes,Dress,MVI_4868,Landmark_Data/Clothes/Dress/MVI_4868.npy,55,225
Clothes,Dress,MVI_4869,Landmark_Data/Clothes/Dress/MVI_4869.npy,61,225
Clothes,Dress,MVI_4870,Landmark_Data/Clothes/Dress/MVI_4870.npy,53,225
Clothes,Dress,MVI_5009,Landmark_Data/Clothes/Dress/MVI_5009.npy,49,225
Clothes,Dress,MVI_5010,Landmark_Data/Clothes/Dress/MVI_5010.npy,51,225
Clothes,Dress,MVI_5011,Landmark_Data/Clothes/Dress/MVI_5011.npy,51,225
Clothes,Dress,MVI_5157,Landmark_Data/Clothes/Dress/MVI_5157.npy,66,225
Clothes,Dress,MVI_5158,Landmark_Data/Clothes/Dress/MVI_5158.npy,56,225
Clothes,Dress,MVI_5159,Landmark_Data/Clothes/Dress/MVI_5159.npy,51,225
Clothes,Dress,MVI_8601,Landmark_Data/Clothes/Dress/MVI_8601.npy,54,225
Clothes,Hat,MVI_3688,Landmark_Data/Clothes/Hat/MVI_3688.npy,69,225
Clothes,Hat,MVI_3690,Landmark_Data/Clothes/Hat/MVI_3690.npy,59,225
Clothes,Hat,MVI_3691,Landmark_Data/Clothes/Hat/MVI_3691.npy,116,225
Clothes,Hat,MVI_3835,Landmark_Data/Clothes/Hat/MVI_3835.npy,70,225
Clothes,Hat,MVI_3836,Landmark_Data/Clothes/Hat/MVI_3836.npy,44,225
Clothes,Hat,MVI_3837,Landmark_Data/Clothes/Hat/MVI_3837.npy,40,225
Clothes,Hat,MVI_3984,Landmark_Data/Clothes/Hat/MVI_3984.npy,57,225
Clothes,Hat,MVI_3985,Landmark_Data/Clothes/Hat/MVI_3985.npy,59,225
Clothes,Hat,MVI_3986,Landmark_Data/Clothes/Hat/MVI_3986.npy,101,225
Clothes,Hat,MVI_4197,Landmark_Data/Clothes/Hat/MVI_4197.npy,52,225
Clothes,Hat,MVI_4865,Landmark_Data/Clothes/Hat/MVI_4865.npy,78,225
Clothes,Hat,MVI_4866,Landmark_Data/Clothes/Hat/MVI_4866.npy,57,225
Clothes,Hat,MVI_4867,Landmark_Data/Clothes/Hat/MVI_4867.npy,67,225
Clothes,Hat,MVI_5006,Landmark_Data/Clothes/Hat/MVI_5006.npy,60,225
Clothes,Hat,MVI_5007,Landmark_Data/Clothes/Hat/MVI_5007.npy,50,225
Clothes,Hat,MVI_5008,Landmark_Data/Clothes/Hat/MVI_5008.npy,50,225
Clothes,Hat,MVI_5154,Landmark_Data/Clothes/Hat/MVI_5154.npy,60,225
Clothes,Hat,MVI_5155,Landmark_Data/Clothes/Hat/MVI_5155.npy,61,225
Clothes,Hat,MVI_5156,Landmark_Data/Clothes/Hat/MVI_5156.npy,51,225
Clothes,Hat,MVI_8600,Landmark_Data/Clothes/Hat/MVI_8600.npy,51,225
Clothes,Pant,MVI_3707,Landmark_Data/Clothes/Pant/MVI_3707.npy,77,225
Clothes,Pant,MVI_3708,Landmark_Data/Clothes/Pant/MVI_3708.npy,63,225
Clothes,Pant,MVI_3709,Landmark_Data/Clothes/Pant/MVI_3709.npy,59,225
Clothes,Pant,MVI_3853,Landmark_Data/Clothes/Pant/MVI_3853.npy,74,225
Clothes,Pant,MVI_3854,Landmark_Data/Clothes/Pant/MVI_3854.npy,80,225
Clothes,Pant,MVI_3855,Landmark_Data/Clothes/Pant/MVI_3855.npy,67,225
Clothes,Pant,MVI_4005,Landmark_Data/Clothes/Pant/MVI_4005.npy,61,225
Clothes,Pant,MVI_4006,Landmark_Data/Clothes/Pant/MVI_4006.npy,66,225
Clothes,Pant,MVI_4007,Landmark_Data/Clothes/Pant/MVI_4007.npy,65,225
Clothes,Pant,MVI_4203,Landmark_Data/Clothes/Pant/MVI_4203.npy,43,225
Clothes,Pant,MVI_4884,Landmark_Data/Clothes/Pant/MVI_4884.npy,52,225
Clothes,Pant,MVI_4885,Landmark_Data/Clothes/Pant/MVI_4885.npy,65,225
Clothes,Pant,MVI_4886,Landmark_Data/Clothes/Pant/MVI_4886.npy,48,225
Clothes,Pant,MVI_5024,Landmark_Data/Clothes/Pant/MVI_5024.npy,47,225
Clothes,Pant,MVI_5025,Landmark_Data/Clothes/Pant/MVI_5025.npy,53,225
Clothes,Pant,MVI_5026,Landmark_Data/Clothes/Pant/MVI_5026.npy,51,225
Clothes,Pant,MVI_5172,Landmark_Data/Clothes/Pant/MVI_5172.npy,53,225
Clothes,Pant,MVI_5173,Landmark_Data/Clothes/Pant/MVI_5173.npy,43,225
Clothes,Pant,MVI_5174,Landmark_Data/Clothes/Pant/MVI_5174.npy,39,225
Clothes,Pant,MVI_8607,Landmark_Data/Clothes/Pant/MVI_8607.npy,55,225
Clothes,Pocket,MVI_3713,Landmark_Data/Clothes/Pocket/MVI_3713.npy,67,225
Clothes,Pocket,MVI_3714,Landmark_Data/Clothes/Pocket/MVI_3714.npy,55,225
Clothes,Pocket,MVI_3715,Landmark_Data/Clothes/Pocket/MVI_3715.npy,60,225
Clothes,Pocket,MVI_3859,Landmark_Data/Clothes/Pocket/MVI_3859.npy,87,225
Clothes,Pocket,MVI_3861,Landmark_Data/Clothes/Pocket/MVI_3861.npy,62,225
Clothes,Pocket,MVI_3862,Landmark_Data/Clothes/Pocket/MVI_3862.npy,44,225
Clothes,Pocket,MVI_4011,Landmark_Data/Clothes/Pocket/MVI_4011.npy,66,225
Clothes,Pocket,MVI_4012,Landmark_Data/Clothes/Pocket/MVI_4012.npy,82,225
Clothes,Pocket,MVI_4013,Landmark_Data/Clothes/Pocket/MVI_4013.npy,60,225
Clothes,Pocket,MVI_4205,Landmark_Data/Clothes/Pocket/MVI_4205.npy,52,225
Clothes,Pocket,MVI_4890,Landmark_Data/Clothes/Pocket/MVI_4890.npy,61,225
Clothes,Pocket,MVI_4891,Landmark_Data/Clothes/Pocket/MVI_4891.npy,70,225
Clothes,Pocket,MVI_4892,Landmark_Data/Clothes/Pocket/MVI_4892.npy,57,225
Clothes,Pocket,MVI_5031,Landmark_Data/Clothes/Pocket/MVI_5031.npy,58,225
Clothes,Pocket,MVI_5032,Landmark_Data/Clothes/Pocket/MVI_5032.npy,61,225
Clothes,Pocket,MVI_5033,Landmark_Data/Clothes/Pocket/MVI_5033.npy,54,225
Clothes,Pocket,MVI_5178,Landmark_Data/Clothes/Pocket/MVI_5178.npy,53,225
Clothes,Pocket,MVI_5179,Landmark_Data/Clothes/Pocket/MVI_5179.npy,50,225
Clothes,Pocket,MVI_5180,Landmark_Data/Clothes/Pocket/MVI_5180.npy,53,225
Clothes,Pocket,MVI_8610,Landmark_Data/Clothes/Pocket/MVI_8610.npy,70,225
Clothes,Shirt,MVI_3701,Landmark_Data/Clothes/Shirt/MVI_3701.npy,112,225
Clothes,Shirt,MVI_3702,Landmark_Data/Clothes/Shirt/MVI_3702.npy,83,225
Clothes,Shirt,MVI_3703,Landmark_Data/Clothes/Shirt/MVI_3703.npy,72,225
Clothes,Shirt,MVI_3847,Landmark_Data/Clothes/Shirt/MVI_3847.npy,111,225
Clothes,Shirt,MVI_3848,Landmark_Data/Clothes/Shirt/MVI_3848.npy,115,225
Clothes,Shirt,MVI_3849,Landmark_Data/Clothes/Shirt/MVI_3849.npy,105,225
Clothes,Shirt,MVI_3999,Landmark_Data/Clothes/Shirt/MVI_3999.npy,73,225
Clothes,Shirt,MVI_4000,Landmark_Data/Clothes/Shirt/MVI_4000.npy,65,225
Clothes,Shirt,MVI_4001,Landmark_Data/Clothes/Shirt/MVI_4001.npy,71,225
Clothes,Shirt,MVI_4201,Landmark_Data/Clothes/Shirt/MVI_4201.npy,69,225
Clothes,Shirt,MVI_4877,Landmark_Data/Clothes/Shirt/MVI_4877.npy,89,225
Clothes,Shirt,MVI_4879,Landmark_Data/Clothes/Shirt/MVI_4879.npy,77,225
Clothes,Shirt,MVI_4880,Landmark_Data/Clothes/Shirt/MVI_4880.npy,73,225
Clothes,Shirt,MVI_5018,Landmark_Data/Clothes/Shirt/MVI_5018.npy,71,225
Clothes,Shirt,MVI_5019,Landmark_Data/Clothes/Shirt/MVI_5019.npy,64,225
Clothes,Shirt,MVI_5020,Landmark_Data/Clothes/Shirt/MVI_5020.npy,70,225
Clothes,Shirt,MVI_5166,Landmark_Data/Clothes/Shirt/MVI_5166.npy,71,225
Clothes,Shirt,MVI_5167,Landmark_Data/Clothes/Shirt/MVI_5167.npy,70,225
Clothes,Shirt,MVI_5168,Landmark_Data/Clothes/Shirt/MVI_5168.npy,75,225
Clothes,Shirt,MVI_8605,Landmark_Data/Clothes/Shirt/MVI_8605.npy,86,225
Clothes,Shoes,MVI_3710,Landmark_Data/Clothes/Shoes/MVI_3710.npy,65,225
Clothes,Shoes,MVI_3711,Landmark_Data/Clothes/Shoes/MVI_3711.npy,69,225
Clothes,Shoes,MVI_3712,Landmark_Data/Clothes/Shoes/MVI_3712.npy,70,225
Clothes,Shoes,MVI_3856,Landmark_Data/Clothes/Shoes/MVI_3856.npy,83,225
Clothes,Shoes,MVI_3857,Landmark_Data/Clothes/Shoes/MVI_3857.npy,93,225
Clothes,Shoes,MVI_3858,Landmark_Data/Clothes/Shoes/MVI_3858.npy,92,225
Clothes,Shoes,MVI_4008,Landmark_Data/Clothes/Shoes/MVI_4008.npy,76,225
Clothes,Shoes,MVI_4009,Landmark_Data/Clothes/Shoes/MVI_4009.npy,69,225
Clothes,Shoes,MVI_4010,Landmark_Data/Clothes/Shoes/MVI_4010.npy,75,225
Clothes,Shoes,MVI_4204,Landmark_Data/Clothes/Shoes/MVI_4204.npy,57,225
Clothes,Shoes,MVI_4887,Landmark_Data/Clothes/Shoes/MVI_4887.npy,83,225
Clothes,Shoes,MVI_4888,Landmark_Data/Clothes/Shoes/MVI_4888.npy,80,225
Clothes,Shoes,MVI_4889,Landmark_Data/Clothes/Shoes/MVI_4889.npy,74,225
Clothes,Shoes,MVI_5028,Landmark_Data/Clothes/Shoes/MVI_5028.npy,64,225
Clothes,Shoes,MVI_5029,Landmark_Data/Clothes/Shoes/MVI_5029.npy,69,225
Clothes,Shoes,MVI_5030,Landmark_Data/Clothes/Shoes/MVI_5030.npy,72,225
Clothes,Shoes,MVI_5175,Landmark_Data/Clothes/Shoes/MVI_5175.npy,60,225
Clothes,Shoes,MVI_5176,Landmark_Data/Clothes/Shoes/MVI_5176.npy,62,225
Clothes,Shoes,MVI_5177,Landmark_Data/Clothes/Shoes/MVI_5177.npy,60,225
Clothes,Shoes,MVI_8608,Landmark_Data/Clothes/Shoes/MVI_8608.npy,62,225
Clothes,Skirt,MVI_3699,Landmark_Data/Clothes/Skirt/MVI_3699.npy,69,225
Clothes,Skirt,MVI_3700,Landmark_Data/Clothes/Skirt/MVI_3700.npy,75,225
Clothes,Skirt,MVI_3844,Landmark_Data/Clothes/Skirt/MVI_3844.npy,60,225
Clothes,Skirt,MVI_3845,Landmark_Data/Clothes/Skirt/MVI_3845.npy,57,225
Clothes,Skirt,MVI_3846,Landmark_Data/Clothes/Skirt/MVI_3846.npy,51,225
Clothes,Skirt,MVI_3996,Landmark_Data/Clothes/Skirt/MVI_3996.npy,60,225
Clothes,Skirt,MVI_3997,Landmark_Data/Clothes/Skirt/MVI_3997.npy,66,225
Clothes,Skirt,MVI_3998,Landmark_Data/Clothes/Skirt/MVI_3998.npy,64,225
Clothes,Skirt,MVI_4200,Landmark_Data/Clothes/Skirt/MVI_4200.npy,45,225
Clothes,Skirt,MVI_4874,Landmark_Data/Clothes/Skirt/MVI_4874.npy,65,225
Clothes,Skirt,MVI_4875,Landmark_Data/Clothes/Skirt/MVI_4875.npy,58,225
Clothes,Skirt,MVI_4876,Landmark_Data/Clothes/Skirt/MVI_4876.npy,61,225
Clothes,Skirt,MVI_5015,Landmark_Data/Clothes/Skirt/MVI_5015.npy,66,225
Clothes,Skirt,MVI_5016,Landmark_Data/Clothes/Skirt/MVI_5016.npy,46,225
Clothes,Skirt,MVI_5017,Landmark_Data/Clothes/Skirt/MVI_5017.npy,48,225
Clothes,Skirt,MVI_5163,Landmark_Data/Clothes/Skirt/MVI_5163.npy,54,225
Clothes,Skirt,MVI_5164,Landmark_Data/Clothes/Skirt/MVI_5164.npy,47,225
Clothes,Skirt,MVI_5165,Landmark_Data/Clothes/Skirt/MVI_5165.npy,51,225
Clothes,Skirt,MVI_8604,Landmark_Data/Clothes/Skirt/MVI_8604.npy,70,225
Clothes,Suit,MVI_3697,Landmark_Data/Clothes/Suit/MVI_3697.npy,70,225
Clothes,Suit,MVI_3698,Landmark_Data/Clothes/Suit/MVI_3698.npy,80,225
Clothes,Suit,MVI_3841,Landmark_Data/Clothes/Suit/MVI_3841.npy,81,225
Clothes,Suit,MVI_3842,Landmark_Data/Clothes/Suit/MVI_3842.npy,71,225
Clothes,Suit,MVI_3843,Landmark_Data/Clothes/Suit/MVI_3843.npy,71,225
Clothes,Suit,MVI_3990,Landmark_Data/Clothes/Suit/MVI_3990.npy,81,225
Clothes,Suit,MVI_3991,Landmark_Data/Clothes/Suit/MVI_3991.npy,84,225
Clothes,Suit,MVI_3992,Landmark_Data/Clothes/Suit/MVI_3992.npy,73,225
Clothes,Suit,MVI_4199,Landmark_Data/Clothes/Suit/MVI_4199.npy,62,225
Clothes,Suit,MVI_4871,Landmark_Data/Clothes/Suit/MVI_4871.npy,72,225
Clothes,Suit,MVI_4872,Landmark_Data/Clothes/Suit/MVI_4872.npy,82,225
Clothes,Suit,MVI_4873,Landmark_Data/Clothes/Suit/MVI_4873.npy,81,225
Clothes,Suit,MVI_5012,Landmark_Data/Clothes/Suit/MVI_5012.npy,58,225
Clothes,Suit,MVI_5013,Landmark_Data/Clothes/Suit/MVI_5013.npy,55,225
Clothes,Suit,MVI_5014,Landmark_Data/Clothes/Suit/MVI_5014.npy,53,225
Clothes,Suit,MVI_5160,Landmark_Data/Clothes/Suit/MVI_5160.npy,98,225
Clothes,Suit,MVI_5161,Landmark_Data/Clothes/Suit/MVI_5161.npy,61,225
Clothes,Suit,MVI_5162,Landmark_Data/Clothes/Suit/MVI_5162.npy,60,225
Clothes,Suit,MVI_8602,Landmark_Data/Clothes/Suit/MVI_8602.npy,61,225
Clothes,T-Shirt,MVI_3704,Landmark_Data/Clothes/T-Shirt/MVI_3704.npy,84,225
Clothes,T-Shirt,MVI_3705,Landmark_Data/Clothes/T-Shirt/MVI_3705.npy,70,225
Clothes,T-Shirt,MVI_3706,Landmark_Data/Clothes/T-Shirt/MVI_3706.npy,74,225
Clothes,T-Shirt,MVI_3850,Landmark_Data/Clothes/T-Shirt/MVI_3850.npy,106,225
Clothes,T-Shirt,MVI_3851,Landmark_Data/Clothes/T-Shirt/MVI_3851.npy,88,225
Clothes,T-Shirt,MVI_3852,Landmark_Data/Clothes/T-Shirt/MVI_3852.npy,92,225
Clothes,T-Shirt,MVI_4002,Landmark_Data/Clothes/T-Shirt/MVI_4002.npy,92,225
Clothes,T-Shirt,MVI_4003,Landmark_Data/Clothes/T-Shirt/MVI_4003.npy,85,225
Clothes,T-Shirt,MVI_4004,Landmark_Data/Clothes/T-Shirt/MVI_4004.npy,81,225
Clothes,T-Shirt,MVI_4202,Landmark_Data/Clothes/T-Shirt/MVI_4202.npy,61,225
Clothes,T-Shirt,MVI_4881,Landmark_Data/Clothes/T-Shirt/MVI_4881.npy,77,225
Clothes,T-Shirt,MVI_4882,Landmark_Data/Clothes/T-Shirt/MVI_4882.npy,78,225
Clothes,T-Shirt,MVI_4883,Landmark_Data/Clothes/T-Shirt/MVI_4883.npy,70,225
Clothes,T-Shirt,MVI_5021,Landmark_Data/Clothes/T-Shirt/MVI_5021.npy,64,225
Clothes,T-Shirt,MVI_5022,Landmark_Data/Clothes/T-Shirt/MVI_5022.npy,76,225
Clothes,T-Shirt,MVI_5023,Landmark_Data/Clothes/T-Shirt/MVI_5023.npy,79,225
Clothes,T-Shirt,MVI_5169,Landmark_Data/Clothes/T-Shirt/MVI_5169.npy,60,225
Clothes,T-Shirt,MVI_5170,Landmark_Data/Clothes/T-Shirt/MVI_5170.npy,66,225
Clothes,T-Shirt,MVI_5171,Landmark_Data/Clothes/T-Shirt/MVI_5171.npy,65,225
Clothes,T-Shirt,MVI_8606,Landmark_Data/Clothes/T-Shirt/MVI_8606.npy,76,225
Animals,Animal,MVI_2999,Landmark_Data/Animals/Animal/MVI_2999.npy,104,225
Animals,Animal,MVI_3000,Landmark_Data/Animals/Animal/MVI_3000.npy,116,225
Animals,Animal,MVI_3001,Landmark_Data/Animals/Animal/MVI_3001.npy,104,225
Animals,Animal,MVI_3025,Landmark_Data/Animals/Animal/MVI_3025.npy,107,225
Animals,Animal,MVI_3026,Landmark_Data/Animals/Animal/MVI_3026.npy,125,225
Animals,Animal,MVI_3027,Landmark_Data/Animals/Animal/MVI_3027.npy,106,225
Animals,Animal,MVI_3056,Landmark_Data/Animals/Animal/MVI_3056.npy,107,225
Animals,Animal,MVI_3057,Landmark_Data/Animals/Animal/MVI_3057.npy,97,225
Animals,Animal,MVI_3058,Landmark_Data/Animals/Animal/MVI_3058.npy,90,225
Animals,Animal,MVI_3082,Landmark_Data/Animals/Animal/MVI_3082.npy,100,225
Animals,Animal,MVI_3083,Landmark_Data/Animals/Animal/MVI_3083.npy,108,225
Animals,Animal,MVI_3084,Landmark_Data/Animals/Animal/MVI_3084.npy,107,225
Animals,Animal,MVI_3107,Landmark_Data/Animals/Animal/MVI_3107.npy,104,225
Animals,Animal,MVI_3108,Landmark_Data/Animals/Animal/MVI_3108.npy,108,225
Animals,Animal,MVI_3109,Landmark_Data/Animals/Animal/MVI_3109.npy,103,225
Animals,Animal,MVI_4167,Landmark_Data/Animals/Animal/MVI_4167.npy,76,225
Animals,Animal,MVI_4168,Landmark_Data/Animals/Animal/MVI_4168.npy,79,225
Animals,Animal,MVI_4169,Landmark_Data/Animals/Animal/MVI_4169.npy,77,225
Animals,Animal,MVI_8576,Landmark_Data/Animals/Animal/MVI_8576.npy,87,225
Animals,Animal,MVI_8577,Landmark_Data/Animals/Animal/MVI_8577.npy,92,225
Animals,Bird,MVI_2987,Landmark_Data/Animals/Bird/MVI_2987.npy,76,225
Animals,Bird,MVI_2988,Landmark_Data/Animals/Bird/MVI_2988.npy,83,225
Animals,Bird,MVI_2989,Landmark_Data/Animals/Bird/MVI_2989.npy,64,225
Animals,Bird,MVI_3011,Landmark_Data/Animals/Bird/MVI_3011.npy,71,225
Animals,Bird,MVI_3012,Landmark_Data/Animals/Bird/MVI_3012.npy,84,225
Animals,Bird,MVI_3013,Landmark_Data/Animals/Bird/MVI_3013.npy,81,225
Animals,Bird,MVI_3037,Landmark_Data/Animals/Bird/MVI_3037.npy,86,225
Animals,Bird,MVI_3038,Landmark_Data/Animals/Bird/MVI_3038.npy,94,225
Animals,Bird,MVI_3040,Landmark_Data/Animals/Bird/MVI_3040.npy,87,225
Animals,Bird,MVI_3070,Landmark_Data/Animals/Bird/MVI_3070.npy,84,225
Animals,Bird,MVI_3071,Landmark_Data/Animals/Bird/MVI_3071.npy,85,225
Animals,Bird,MVI_3072,Landmark_Data/Animals/Bird/MVI_3072.npy,93,225
Animals,Bird,MVI_3094,Landmark_Data/Animals/Bird/MVI_3094.npy,96,225
Animals,Bird,MVI_3095,Landmark_Data/Animals/Bird/MVI_3095.npy,80,225
Animals,Bird,MVI_3096,Landmark_Data/Animals/Bird/MVI_3096.npy,85,225
Animals,Bird,MVI_4155,Landmark_Data/Animals/Bird/MVI_4155.npy,61,225
Animals,Bird,MVI_4156,Landmark_Data/Animals/Bird/MVI_4156.npy,66,225
Animals,Bird,MVI_4157,Landmark_Data/Animals/Bird/MVI_4157.npy,54,225
Animals,Bird,MVI_8567,Landmark_Data/Animals/Bird/MVI_8567.npy,73,225
Animals,Bird,MVI_8568,Landmark_Data/Animals/Bird/MVI_8568.npy,76,225
Animals,Cat,MVI_2981,Landmark_Data/Animals/Cat/MVI_2981.npy,74,225
Animals,Cat,MVI_2982,Landmark_Data/Animals/Cat/MVI_2982.npy,55,225
Animals,Cat,MVI_2983,Landmark_Data/Animals/Cat/MVI_2983.npy,81,225
Animals,Cat,MVI_3005,Landmark_Data/Animals/Cat/MVI_3005.npy,77,225
Animals,Cat,MVI_3006,Landmark_Data/Animals/Cat/MVI_3006.npy,90,225
Animals,Cat,MVI_3007,Landmark_Data/Animals/Cat/MVI_3007.npy,73,225
Animals,Cat,MVI_3031,Landmark_Data/Animals/Cat/MVI_3031.npy,64,225
Animals,Cat,MVI_3032,Landmark_Data/Animals/Cat/MVI_3032.npy,81,225
Animals,Cat,MVI_3033,Landmark_Data/Animals/Cat/MVI_3033.npy,95,225
Animals,Cat,MVI_3063,Landmark_Data/Animals/Cat/MVI_3063.npy,74,225
Animals,Cat,MVI_3064,Landmark_Data/Animals/Cat/MVI_3064.npy,77,225
Animals,Cat,MVI_3065,Landmark_Data/Animals/Cat/MVI_3065.npy,80,225
Animals,Cat,MVI_3088,Landmark_Data/Animals/Cat/MVI_3088.npy,70,225
Animals,Cat,MVI_3089,Landmark_Data/Animals/Cat/MVI_3089.npy,80,225
Animals,Cat,MVI_3090,Landmark_Data/Animals/Cat/MVI_3090.npy,79,225
Animals,Cat,MVI_4149,Landmark_Data/Animals/Cat/MVI_4149.npy,61,225
Animals,Cat,MVI_4150,Landmark_Data/Animals/Cat/MVI_4150.npy,59,225
Animals,Cat,MVI_4151,Landmark_Data/Animals/Cat/MVI_4151.npy,48,225
Animals,Cat,MVI_8562,Landmark_Data/Animals/Cat/MVI_8562.npy,77,225
Animals,Cat,MVI_8563,Landmark_Data/Animals/Cat/MVI_8563.npy,69,225
Animals,Cow,MVI_2990,Landmark_Data/Animals/Cow/MVI_2990.npy,73,225
Animals,Cow,MVI_2991,Landmark_Data/Animals/Cow/MVI_2991.npy,65,225
Animals,Cow,MVI_2992,Landmark_Data/Animals/Cow/MVI_2992.npy,91,225
Animals,Cow,MVI_3015,Landmark_Data/Animals/Cow/MVI_3015.npy,99,225
Animals,Cow,MVI_3016,Landmark_Data/Animals/Cow/MVI_3016.npy,100,225
Animals,Cow,MVI_3017,Landmark_Data/Animals/Cow/MVI_3017.npy,91,225
Animals,Cow,MVI_3046,Landmark_Data/Animals/Cow/MVI_3046.npy,78,225
Animals,Cow,MVI_3047,Landmark_Data/Animals/Cow/MVI_3047.npy,109,225
Animals,Cow,MVI_3048,Landmark_Data/Animals/Cow/MVI_3048.npy,123,225
Animals,Cow,MVI_3049,Landmark_Data/Animals/Cow/MVI_3049.npy,100,225
Animals,Cow,MVI_3073,Landmark_Data/Animals/Cow/MVI_3073.npy,87,225
Animals,Cow,MVI_3074,Landmark_Data/Animals/Cow/MVI_3074.npy,84,225
Animals,Cow,MVI_3075,Landmark_Data/Animals/Cow/MVI_3075.npy,84,225
Animals,Cow,MVI_3097,Landmark_Data/Animals/Cow/MVI_3097.npy,76,225
Animals,Cow,MVI_3098,Landmark_Data/Animals/Cow/MVI_3098.npy,77,225
Animals,Cow,MVI_3099,Landmark_Data/Animals/Cow/MVI_3099.npy,76,225
Animals,Cow,MVI_4158,Landmark_Data/Animals/Cow/MVI_4158.npy,59,225
Animals,Cow,MVI_4159,Landmark_Data/Animals/Cow/MVI_4159.npy,50,225
Animals,Cow,MVI_4160,Landmark_Data/Animals/Cow/MVI_4160.npy,57,225
Animals,Cow,MVI_8569,Landmark_Data/Animals/Cow/MVI_8569.npy,80,225
Animals,Cow,MVI_8570,Landmark_Data/Animals/Cow/MVI_8570.npy,75,225
Animals,Dog,MVI_2978,Landmark_Data/Animals/Dog/MVI_2978.npy,117,225
Animals,Dog,MVI_2979,Landmark_Data/Animals/Dog/MVI_2979.npy,76,225
Animals,Dog,MVI_2980,Landmark_Data/Animals/Dog/MVI_2980.npy,89,225
Animals,Dog,MVI_3002,Landmark_Data/Animals/Dog/MVI_3002.npy,87,225
Animals,Dog,MVI_3003,Landmark_Data/Animals/Dog/MVI_3003.npy,92,225
Animals,Dog,MVI_3004,Landmark_Data/Animals/Dog/MVI_3004.npy,87,225
Animals,Dog,MVI_3028,Landmark_Data/Animals/Dog/MVI_3028.npy,92,225
Animals,Dog,MVI_3029,Landmark_Data/Animals/Dog/MVI_3029.npy,97,225
Animals,Dog,MVI_3030,Landmark_Data/Animals/Dog/MVI_3030.npy,103,225
Animals,Dog,MVI_3059,Landmark_Data/Animals/Dog/MVI_3059.npy,75,225
Animals,Dog,MVI_3060,Landmark_Data/Animals/Dog/MVI_3060.npy,85,225
Animals,Dog,MVI_3061,Landmark_Data/Animals/Dog/MVI_3061.npy,83,225
Animals,Dog,MVI_3085,Landmark_Data/Animals/Dog/MVI_3085.npy,85,225
Animals,Dog,MVI_3086,Landmark_Data/Animals/Dog/MVI_3086.npy,83,225
Animals,Dog,MVI_3087,Landmark_Data/Animals/Dog/MVI_3087.npy,75,225
Animals,Dog,MVI_4146,Landmark_Data/Animals/Dog/MVI_4146.npy,71,225
Animals,Dog,MVI_4147,Landmark_Data/Animals/Dog/MVI_4147.npy,68,225
Animals,Dog,MVI_4148,Landmark_Data/Animals/Dog/MVI_4148.npy,71,225
Animals,Dog,MVI_8560,Landmark_Data/Animals/Dog/MVI_8560.npy,83,225
Animals,Dog,MVI_8561,Landmark_Data/Animals/Dog/MVI_8561.npy,67,225
Animals,Fish,MVI_2984,Landmark_Data/Animals/Fish/MVI_2984.npy,73,225
Animals,Fish,MVI_2985,Landmark_Data/Animals/Fish/MVI_2985.npy,67,225
Animals,Fish,MVI_2986,Landmark_Data/Animals/Fish/MVI_2986.npy,94,225
Animals,Fish,MVI_3008,Landmark_Data/Animals/Fish/MVI_3008.npy,112,225
Animals,Fish,MVI_3009,Landmark_Data/Animals/Fish/MVI_3009.npy,85,225
Animals,Fish,MVI_3010,Landmark_Data/Animals/Fish/MVI_3010.npy,77,225
Animals,Fish,MVI_3034,Landmark_Data/Animals/Fish/MVI_3034.npy,77,225
Animals,Fish,MVI_3035,Landmark_Data/Animals/Fish/MVI_3035.npy,82,225
Animals,Fish,MVI_3036,Landmark_Data/Animals/Fish/MVI_3036.npy,88,225
Animals,Fish,MVI_3067,Landmark_Data/Animals/Fish/MVI_3067.npy,83,225
Animals,Fish,MVI_3068,Landmark_Data/Animals/Fish/MVI_3068.npy,74,225
Animals,Fish,MVI_3069,Landmark_Data/Animals/Fish/MVI_3069.npy,69,225
Animals,Fish,MVI_3091,Landmark_Data/Animals/Fish/MVI_3091.npy,85,225
Animals,Fish,MVI_3092,Landmark_Data/Animals/Fish/MVI_3092.npy,83,225
Animals,Fish,MVI_3093,Landmark_Data/Animals/Fish/MVI_3093.npy,67,225
Animals,Fish,MVI_4152,Landmark_Data/Animals/Fish/MVI_4152.npy,65,225
Animals,Fish,MVI_4153,Landmark_Data/Animals/Fish/MVI_4153.npy,65,225
Animals,Fish,MVI_4154,Landmark_Data/Animals/Fish/MVI_4154.npy,60,225
Animals,Fish,MVI_8565,Landmark_Data/Animals/Fish/MVI_8565.npy,85,225
Animals,Fish,MVI_8566,Landmark_Data/Animals/Fish/MVI_8566.npy,77,225
Animals,Horse,MVI_2996,Landmark_Data/Animals/Horse/MVI_2996.npy,80,225
Animals,Horse,MVI_2997,Landmark_Data/Animals/Horse/MVI_2997.npy,77,225
Animals,Horse,MVI_2998,Landmark_Data/Animals/Horse/MVI_2998.npy,83,225
Animals,Horse,MVI_3021,Landmark_Data/Animals/Horse/MVI_3021.npy,74,225
Animals,Horse,MVI_3022,Landmark_Data/Animals/Horse/MVI_3022.npy,77,225
Animals,Horse,MVI_3023,Landmark_Data/Animals/Horse/MVI_3023.npy,93,225
Animals,Horse,MVI_3053,Landmark_Data/Animals/Horse/MVI_3053.npy,71,225
Animals,Horse,MVI_3054,Landmark_Data/Animals/Horse/MVI_3054.npy,84,225
Animals,Horse,MVI_3055,Landmark_Data/Animals/Horse/MVI_3055.npy,95,225
Animals,Horse,MVI_3079,Landmark_Data/Animals/Horse/MVI_3079.npy,78,225
Animals,Horse,MVI_3080,Landmark_Data/Animals/Horse/MVI_3080.npy,79,225
Animals,Horse,MVI_3081,Landmark_Data/Animals/Horse/MVI_3081.npy,86,225
Animals,Horse,MVI_3103,Landmark_Data/Animals/Horse/MVI_3103.npy,67,225
Animals,Horse,MVI_3104,Landmark_Data/Animals/Horse/MVI_3104.npy,75,225
Animals,Horse,MVI_3105,Landmark_Data/Animals/Horse/MVI_3105.npy,64,225
Animals,Horse,MVI_4164,Landmark_Data/Animals/Horse/MVI_4164.npy,64,225
Animals,Horse,MVI_4165,Landmark_Data/Animals/Horse/MVI_4165.npy,58,225
Animals,Horse,MVI_4166,Landmark_Data/Animals/Horse/MVI_4166.npy,51,225
Animals,Horse,MVI_8574,Landmark_Data/Animals/Horse/MVI_8574.npy,58,225
Animals,Horse,MVI_8575,Landmark_Data/Animals/Horse/MVI_8575.npy,65,225
Animals,Mouse,MVI_2993,Landmark_Data/Animals/Mouse/MVI_2993.npy,77,225
Animals,Mouse,MVI_2994,Landmark_Data/Animals/Mouse/MVI_2994.npy,96,225
Animals,Mouse,MVI_2995,Landmark_Data/Animals/Mouse/MVI_2995.npy,79,225
Animals,Mouse,MVI_3018,Landmark_Data/Animals/Mouse/MVI_3018.npy,89,225
Animals,Mouse,MVI_3019,Landmark_Data/Animals/Mouse/MVI_3019.npy,80,225
Animals,Mouse,MVI_3020,Landmark_Data/Animals/Mouse/MVI_3020.npy,70,225
Animals,Mouse,MVI_3050,Landmark_Data/Animals/Mouse/MVI_3050.npy,84,225
Animals,Mouse,MVI_3051,Landmark_Data/Animals/Mouse/MVI_3051.npy,69,225
Animals,Mouse,MVI_3052,Landmark_Data/Animals/Mouse/MVI_3052.npy,77,225
Animals,Mouse,MVI_3076,Landmark_Data/Animals/Mouse/MVI_3076.npy,79,225
Animals,Mouse,MVI_3077,Landmark_Data/Animals/Mouse/MVI_3077.npy,97,225
Animals,Mouse,MVI_3078,Landmark_Data/Animals/Mouse/MVI_3078.npy,83,225
Animals,Mouse,MVI_3100,Landmark_Data/Animals/Mouse/MVI_3100.npy,59,225
Animals,Mouse,MVI_3101,Landmark_Data/Animals/Mouse/MVI_3101.npy,64,225
Animals,Mouse,MVI_3102,Landmark_Data/Animals/Mouse/MVI_3102.npy,58,225
Animals,Mouse,MVI_4161,Landmark_Data/Animals/Mouse/MVI_4161.npy,60,225
Animals,Mouse,MVI_4162,Landmark_Data/Animals/Mouse/MVI_4162.npy,58,225
Animals,Mouse,MVI_4163,Landmark_Data/Animals/Mouse/MVI_4163.npy,51,225
Animals,Mouse,MVI_8571,Landmark_Data/Animals/Mouse/MVI_8571.npy,84,225
Animals,Mouse,MVI_8572,Landmark_Data/Animals/Mouse/MVI_8572.npy,77,225
Seasons,Ex_Monsoon,MVI_4671,Landmark_Data/Seasons/Ex_Monsoon/MVI_4671.npy,58,225
Seasons,Ex_Monsoon,MVI_4672,Landmark_Data/Seasons/Ex_Monsoon/MVI_4672.npy,64,225
Seasons,Ex_Monsoon,MVI_4673,Landmark_Data/Seasons/Ex_Monsoon/MVI_4673.npy,62,225
Seasons,Ex_Monsoon,MVI_4674,Landmark_Data/Seasons/Ex_Monsoon/MVI_4674.npy,63,225
Seasons,Ex_Monsoon,MVI_5080,Landmark_Data/Seasons/Ex_Monsoon/MVI_5080.npy,47,225
Seasons,Ex_Monsoon,MVI_5081,Landmark_Data/Seasons/Ex_Monsoon/MVI_5081.npy,48,225
Seasons,Ex_Monsoon,MVI_5082,Landmark_Data/Seasons/Ex_Monsoon/MVI_5082.npy,49,225
Seasons,Ex_Monsoon,MVI_5528,Landmark_Data/Seasons/Ex_Monsoon/MVI_5528.npy,44,225
Seasons,Ex_Monsoon,MVI_5529,Landmark_Data/Seasons/Ex_Monsoon/MVI_5529.npy,48,225
Seasons,Ex_Monsoon,MVI_5530,Landmark_Data/Seasons/Ex_Monsoon/MVI_5530.npy,46,225
Seasons,Ex_Monsoon,MVI_5531,Landmark_Data/Seasons/Ex_Monsoon/MVI_5531.npy,54,225
Seasons,Ex_Monsoon,MVI_9205,Landmark_Data/Seasons/Ex_Monsoon/MVI_9205.npy,62,225
Seasons,Ex_Monsoon,MVI_9206,Landmark_Data/Seasons/Ex_Monsoon/MVI_9206.npy,68,225
Seasons,Ex_Monsoon,MVI_9207,Landmark_Data/Seasons/Ex_Monsoon/MVI_9207.npy,70,225
Seasons,Fall,MVI_4577,Landmark_Data/Seasons/Fall/MVI_4577.npy,71,225
Seasons,Fall,MVI_4578,Landmark_Data/Seasons/Fall/MVI_4578.npy,57,225
Seasons,Fall,MVI_4579,Landmark_Data/Seasons/Fall/MVI_4579.npy,64,225
Seasons,Fall,MVI_4580,Landmark_Data/Seasons/Fall/MVI_4580.npy,60,225
Seasons,Fall,MVI_4999,Landmark_Data/Seasons/Fall/MVI_4999.npy,44,225
Seasons,Fall,MVI_5000,Landmark_Data/Seasons/Fall/MVI_5000.npy,38,225
Seasons,Fall,MVI_5001,Landmark_Data/Seasons/Fall/MVI_5001.npy,42,225
Seasons,Fall,MVI_5433,Landmark_Data/Seasons/Fall/MVI_5433.npy,55,225
Seasons,Fall,MVI_5434,Landmark_Data/Seasons/Fall/MVI_5434.npy,53,225
Seasons,Fall,MVI_5435,Landmark_Data/Seasons/Fall/MVI_5435.npy,59,225
Seasons,Fall,MVI_5436,Landmark_Data/Seasons/Fall/MVI_5436.npy,52,225
Seasons,Fall,MVI_9132,Landmark_Data/Seasons/Fall/MVI_9132.npy,68,225
Seasons,Fall,MVI_9133,Landmark_Data/Seasons/Fall/MVI_9133.npy,76,225
Seasons,Fall,MVI_9134,Landmark_Data/Seasons/Fall/MVI_9134.npy,76,225
Seasons,Fall,MVI_9135,Landmark_Data/Seasons/Fall/MVI_9135.npy,71,225
Seasons,Season,MVI_4581,Landmark_Data/Seasons/Season/MVI_4581.npy,130,225
Seasons,Season,MVI_4582,Landmark_Data/Seasons/Season/MVI_4582.npy,138,225
Seasons,Season,MVI_4584,Landmark_Data/Seasons/Season/MVI_4584.npy,127,225
Seasons,Season,MVI_4585,Landmark_Data/Seasons/Season/MVI_4585.npy,126,225
Seasons,Season,MVI_5002,Landmark_Data/Seasons/Season/MVI_5002.npy,90,225
Seasons,Season,MVI_5003,Landmark_Data/Seasons/Season/MVI_5003.npy,91,225
Seasons,Season,MVI_5004,Landmark_Data/Seasons/Season/MVI_5004.npy,88,225
Seasons,Season,MVI_5437,Landmark_Data/Seasons/Season/MVI_5437.npy,119,225
Seasons,Season,MVI_5438,Landmark_Data/Seasons/Season/MVI_5438.npy,122,225
Seasons,Season,MVI_5439,Landmark_Data/Seasons/Season/MVI_5439.npy,128,225
Seasons,Season,MVI_5441,Landmark_Data/Seasons/Season/MVI_5441.npy,107,225
Seasons,Season,MVI_9136,Landmark_Data/Seasons/Season/MVI_9136.npy,114,225
Seasons,Season,MVI_9137,Landmark_Data/Seasons/Season/MVI_9137.npy,127,225
Seasons,Season,MVI_9138,Landmark_Data/Seasons/Season/MVI_9138.npy,112,225
Seasons,Spring,MVI_4569,Landmark_Data/Seasons/Spring/MVI_4569.npy,92,225
Seasons,Spring,MVI_4570,Landmark_Data/Seasons/Spring/MVI_4570.npy,82,225
Seasons,Spring,MVI_4571,Landmark_Data/Seasons/Spring/MVI_4571.npy,109,225
Seasons,Spring,MVI_4572,Landmark_Data/Seasons/Spring/MVI_4572.npy,101,225
Seasons,Spring,MVI_4993,Landmark_Data/Seasons/Spring/MVI_4993.npy,71,225
Seasons,Spring,MVI_4994,Landmark_Data/Seasons/Spring/MVI_4994.npy,73,225
Seasons,Spring,MVI_4995,Landmark_Data/Seasons/Spring/MVI_4995.npy,64,225
Seasons,Spring,MVI_5425,Landmark_Data/Seasons/Spring/MVI_5425.npy,82,225
Seasons,Spring,MVI_5426,Landmark_Data/Seasons/Spring/MVI_5426.npy,86,225
Seasons,Spring,MVI_5427,Landmark_Data/Seasons/Spring/MVI_5427.npy,87,225
Seasons,Spring,MVI_5428,Landmark_Data/Seasons/Spring/MVI_5428.npy,83,225
Seasons,Spring,MVI_9125,Landmark_Data/Seasons/Spring/MVI_9125.npy,96,225
Seasons,Spring,MVI_9126,Landmark_Data/Seasons/Spring/MVI_9126.npy,88,225
Seasons,Spring,MVI_9127,Landmark_Data/Seasons/Spring/MVI_9127.npy,95,225
Seasons,Summer,MVI_4565,Landmark_Data/Seasons/Summer/MVI_4565.npy,78,225
Seasons,Summer,MVI_4566,Landmark_Data/Seasons/Summer/MVI_4566.npy,75,225
Seasons,Summer,MVI_4567,Landmark_Data/Seasons/Summer/MVI_4567.npy,67,225
Seasons,Summer,MVI_4568,Landmark_Data/Seasons/Summer/MVI_4568.npy,80,225
Seasons,Summer,MVI_4990,Landmark_Data/Seasons/Summer/MVI_4990.npy,63,225
Seasons,Summer,MVI_4991,Landmark_Data/Seasons/Summer/MVI_4991.npy,61,225
Seasons,Summer,MVI_4992,Landmark_Data/Seasons/Summer/MVI_4992.npy,60,225
Seasons,Summer,MVI_5420,Landmark_Data/Seasons/Summer/MVI_5420.npy,64,225
Seasons,Summer,MVI_5421,Landmark_Data/Seasons/Summer/MVI_5421.npy,70,225
Seasons,Summer,MVI_5422,Landmark_Data/Seasons/Summer/MVI_5422.npy,58,225
Seasons,Summer,MVI_5424,Landmark_Data/Seasons/Summer/MVI_5424.npy,58,225
Seasons,Summer,MVI_9122,Landmark_Data/Seasons/Summer/MVI_9122.npy,74,225
Seasons,Summer,MVI_9123,Landmark_Data/Seasons/Summer/MVI_9123.npy,71,225
Seasons,Summer,MVI_9124,Landmark_Data/Seasons/Summer/MVI_9124.npy,75,225
Seasons,Winter,MVI_4573,Landmark_Data/Seasons/Winter/MVI_4573.npy,63,225
Seasons,Winter,MVI_4574,Landmark_Data/Seasons/Winter/MVI_4574.npy,51,225
Seasons,Winter,MVI_4575,Landmark_Data/Seasons/Winter/MVI_4575.npy,52,225
Seasons,Winter,MVI_4576,Landmark_Data/Seasons/Winter/MVI_4576.npy,53,225
Seasons,Winter,MVI_4996,Landmark_Data/Seasons/Winter/MVI_4996.npy,56,225
Seasons,Winter,MVI_4997,Landmark_Data/Seasons/Winter/MVI_4997.npy,51,225
Seasons,Winter,MVI_4998,Landmark_Data/Seasons/Winter/MVI_4998.npy,52,225
Seasons,Winter,MVI_5429,Landmark_Data/Seasons/Winter/MVI_5429.npy,50,225
Seasons,Winter,MVI_5430,Landmark_Data/Seasons/Winter/MVI_5430.npy,53,225
Seasons,Winter,MVI_5431,Landmark_Data/Seasons/Winter/MVI_5431.npy,56,225
Seasons,Winter,MVI_5432,Landmark_Data/Seasons/Winter/MVI_5432.npy,61,225
Seasons,Winter,MVI_9129,Landmark_Data/Seasons/Winter/MVI_9129.npy,74,225
Seasons,Winter,MVI_9130,Landmark_Data/Seasons/Winter/MVI_9130.npy,77,225
Seasons,Winter,MVI_9131,Landmark_Data/Seasons/Winter/MVI_9131.npy,76,225
Adjectives,Beautiful,MVI_9569,Landmark_Data/Adjectives/Beautiful/MVI_9569.npy,65,225
Adjectives,Beautiful,MVI_9570,Landmark_Data/Adjectives/Beautiful/MVI_9570.npy,79,225
Adjectives,Beautiful,MVI_9571,Landmark_Data/Adjectives/Beautiful/MVI_9571.npy,64,225
Adjectives,Beautiful,MVI_9572,Landmark_Data/Adjectives/Beautiful/MVI_9572.npy,55,225
Adjectives,Beautiful,MVI_9573,Landmark_Data/Adjectives/Beautiful/MVI_9573.npy,68,225
Adjectives,Beautiful,MVI_9723,Landmark_Data/Adjectives/Beautiful/MVI_9723.npy,74,225
Adjectives,Beautiful,MVI_9724,Landmark_Data/Adjectives/Beautiful/MVI_9724.npy,70,225
Adjectives,Beautiful,MVI_9725,Landmark_Data/Adjectives/Beautiful/MVI_9725.npy,70,225
Adjectives,Beautiful,MVI_9726,Landmark_Data/Adjectives/Beautiful/MVI_9726.npy,68,225
Adjectives,Blind,MVI_9584,Landmark_Data/Adjectives/Blind/MVI_9584.npy,58,225
Adjectives,Blind,MVI_9585,Landmark_Data/Adjectives/Blind/MVI_9585.npy,60,225
Adjectives,Blind,MVI_9586,Landmark_Data/Adjectives/Blind/MVI_9586.npy,52,225
Adjectives,Blind,MVI_9587,Landmark_Data/Adjectives/Blind/MVI_9587.npy,59,225
Adjectives,Blind,MVI_9852,Landmark_Data/Adjectives/Blind/MVI_9852.npy,57,225
Adjectives,Blind,MVI_9853,Landmark_Data/Adjectives/Blind/MVI_9853.npy,56,225
Adjectives,Blind,MVI_9854,Landmark_Data/Adjectives/Blind/MVI_9854.npy,56,225
Adjectives,Blind,MVI_9855,Landmark_Data/Adjectives/Blind/MVI_9855.npy,54,225
Adjectives,Deaf,MVI_9580,Landmark_Data/Adjectives/Deaf/MVI_9580.npy,61,225
Adjectives,Deaf,MVI_9581,Landmark_Data/Adjectives/Deaf/MVI_9581.npy,61,225
Adjectives,Deaf,MVI_9582,Landmark_Data/Adjectives/Deaf/MVI_9582.npy,58,225
Adjectives,Deaf,MVI_9583,Landmark_Data/Adjectives/Deaf/MVI_9583.npy,55,225
Adjectives,Deaf,MVI_9848,Landmark_Data/Adjectives/Deaf/MVI_9848.npy,52,225
Adjectives,Deaf,MVI_9849,Landmark_Data/Adjectives/Deaf/MVI_9849.npy,56,225
Adjectives,Deaf,MVI_9850,Landmark_Data/Adjectives/Deaf/MVI_9850.npy,57,225
Adjectives,Deaf,MVI_9851,Landmark_Data/Adjectives/Deaf/MVI_9851.npy,50,225
Adjectives,Mean,MVI_9592,Landmark_Data/Adjectives/Mean/MVI_9592.npy,56,225
Adjectives,Mean,MVI_9593,Landmark_Data/Adjectives/Mean/MVI_9593.npy,47,225
Adjectives,Mean,MVI_9594,Landmark_Data/Adjectives/Mean/MVI_9594.npy,49,225
Adjectives,Mean,MVI_9595,Landmark_Data/Adjectives/Mean/MVI_9595.npy,54,225
Adjectives,Mean,MVI_9729,Landmark_Data/Adjectives/Mean/MVI_9729.npy,69,225
Adjectives,Mean,MVI_9730,Landmark_Data/Adjectives/Mean/MVI_9730.npy,63,225
Adjectives,Mean,MVI_9731,Landmark_Data/Adjectives/Mean/MVI_9731.npy,57,225
Adjectives,Mean,MVI_9732,Landmark_Data/Adjectives/Mean/MVI_9732.npy,58,225
Adjectives,Nice,MVI_9588,Landmark_Data/Adjectives/Nice/MVI_9588.npy,58,225
Adjectives,Nice,MVI_9589,Landmark_Data/Adjectives/Nice/MVI_9589.npy,56,225
Adjectives,Nice,MVI_9590,Landmark_Data/Adjectives/Nice/MVI_9590.npy,58,225
Adjectives,Nice,MVI_9591,Landmark_Data/Adjectives/Nice/MVI_9591.npy,59,225
Adjectives,Ugly,MVI_9576,Landmark_Data/Adjectives/Ugly/MVI_9576.npy,59,225
Adjectives,Ugly,MVI_9577,Landmark_Data/Adjectives/Ugly/MVI_9577.npy,69,225
Adjectives,Ugly,MVI_9578,Landmark_Data/Adjectives/Ugly/MVI_9578.npy,77,225
Adjectives,Ugly,MVI_9579,Landmark_Data/Adjectives/Ugly/MVI_9579.npy,59,225
Adjectives,Ugly,MVI_9844,Landmark_Data/Adjectives/Ugly/MVI_9844.npy,53,225
Adjectives,Ugly,MVI_9845,Landmark_Data/Adjectives/Ugly/MVI_9845.npy,60,225
Adjectives,Ugly,MVI_9846,Landmark_Data/Adjectives/Ugly/MVI_9846.npy,59,225
Adjectives,Ugly,MVI_9847,Landmark_Data/Adjectives/Ugly/MVI_9847.npy,52,225
Adjectives,alive,MVI_9703,Landmark_Data/Adjectives/alive/MVI_9703.npy,44,225
Adjectives,alive,MVI_9704,Landmark_Data/Adjectives/alive/MVI_9704.npy,53,225
Adjectives,alive,MVI_9705,Landmark_Data/Adjectives/alive/MVI_9705.npy,52,225
Adjectives,alive,MVI_9706,Landmark_Data/Adjectives/alive/MVI_9706.npy,52,225
Adjectives,alive,MVI_9827,Landmark_Data/Adjectives/alive/MVI_9827.npy,58,225
Adjectives,alive,MVI_9828,Landmark_Data/Adjectives/alive/MVI_9828.npy,61,225
Adjectives,alive,MVI_9829,Landmark_Data/Adjectives/alive/MVI_9829.npy,55,225
Adjectives,alive,MVI_9830,Landmark_Data/Adjectives/alive/MVI_9830.npy,51,225
Adjectives,bad,MVI_5161,Landmark_Data/Adjectives/bad/MVI_5161.npy,59,225
Adjectives,bad,MVI_5162,Landmark_Data/Adjectives/bad/MVI_5162.npy,55,225
Adjectives,bad,MVI_5163,Landmark_Data/Adjectives/bad/MVI_5163.npy,65,225
Adjectives,bad,MVI_5241,Landmark_Data/Adjectives/bad/MVI_5241.npy,51,225
Adjectives,bad,MVI_5242,Landmark_Data/Adjectives/bad/MVI_5242.npy,54,225
Adjectives,bad,MVI_5243,Landmark_Data/Adjectives/bad/MVI_5243.npy,48,225
Adjectives,bad,MVI_5319,Landmark_Data/Adjectives/bad/MVI_5319.npy,51,225
Adjectives,bad,MVI_5320,Landmark_Data/Adjectives/bad/MVI_5320.npy,50,225
Adjectives,bad,MVI_5321,Landmark_Data/Adjectives/bad/MVI_5321.npy,57,225
Adjectives,bad,MVI_9271,Landmark_Data/Adjectives/bad/MVI_9271.npy,44,225
Adjectives,bad,MVI_9272,Landmark_Data/Adjectives/bad/MVI_9272.npy,46,225
Adjectives,bad,MVI_9273,Landmark_Data/Adjectives/bad/MVI_9273.npy,44,225
Adjectives,bad,MVI_9352,Landmark_Data/Adjectives/bad/MVI_9352.npy,43,225
Adjectives,bad,MVI_9353,Landmark_Data/Adjectives/bad/MVI_9353.npy,46,225
Adjectives,bad,MVI_9354,Landmark_Data/Adjectives/bad/MVI_9354.npy,40,225
Adjectives,bad,MVI_9433,Landmark_Data/Adjectives/bad/MVI_9433.npy,46,225
Adjectives,bad,MVI_9434,Landmark_Data/Adjectives/bad/MVI_9434.npy,47,225
Adjectives,bad,MVI_9435,Landmark_Data/Adjectives/bad/MVI_9435.npy,46,225
Adjectives,bad,MVI_9513,Landmark_Data/Adjectives/bad/MVI_9513.npy,62,225
Adjectives,bad,MVI_9514,Landmark_Data/Adjectives/bad/MVI_9514.npy,59,225
Adjectives,bad,MVI_9516,Landmark_Data/Adjectives/bad/MVI_9516.npy,58,225
Adjectives,big,MVI_5123,Landmark_Data/Adjectives/big/MVI_5123.npy,54,225
Adjectives,big,MVI_5124,Landmark_Data/Adjectives/big/MVI_5124.npy,61,225
Adjectives,big,MVI_5125,Landmark_Data/Adjectives/big/MVI_5125.npy,72,225
Adjectives,big,MVI_5203,Landmark_Data/Adjectives/big/MVI_5203.npy,65,225
Adjectives,big,MVI_5204,Landmark_Data/Adjectives/big/MVI_5204.npy,85,225
Adjectives,big,MVI_5205,Landmark_Data/Adjectives/big/MVI_5205.npy,66,225
Adjectives,big,MVI_5283,Landmark_Data/Adjectives/big/MVI_5283.npy,57,225
Adjectives,big,MVI_5284,Landmark_Data/Adjectives/big/MVI_5284.npy,55,225
Adjectives,big,MVI_5285,Landmark_Data/Adjectives/big/MVI_5285.npy,51,225
Adjectives,big,MVI_9233,Landmark_Data/Adjectives/big/MVI_9233.npy,48,225
Adjectives,big,MVI_9234,Landmark_Data/Adjectives/big/MVI_9234.npy,47,225
Adjectives,big,MVI_9235,Landmark_Data/Adjectives/big/MVI_9235.npy,46,225
Adjectives,big,MVI_9316,Landmark_Data/Adjectives/big/MVI_9316.npy,44,225
Adjectives,big,MVI_9317,Landmark_Data/Adjectives/big/MVI_9317.npy,48,225
Adjectives,big,MVI_9318,Landmark_Data/Adjectives/big/MVI_9318.npy,49,225
Adjectives,big,MVI_9394,Landmark_Data/Adjectives/big/MVI_9394.npy,59,225
Adjectives,big,MVI_9395,Landmark_Data/Adjectives/big/MVI_9395.npy,57,225
Adjectives,big,MVI_9396,Landmark_Data/Adjectives/big/MVI_9396.npy,56,225
Adjectives,big,MVI_9475,Landmark_Data/Adjectives/big/MVI_9475.npy,54,225
Adjectives,big,MVI_9476,Landmark_Data/Adjectives/big/MVI_9476.npy,54,225
Adjectives,big,MVI_9477,Landmark_Data/Adjectives/big/MVI_9477.npy,56,225
Adjectives,cheap,MVI_9617,Landmark_Data/Adjectives/cheap/MVI_9617.npy,56,225
Adjectives,cheap,MVI_9618,Landmark_Data/Adjectives/cheap/MVI_9618.npy,64,225
Adjectives,cheap,MVI_9619,Landmark_Data/Adjectives/cheap/MVI_9619.npy,65,225
Adjectives,cheap,MVI_9620,Landmark_Data/Adjectives/cheap/MVI_9620.npy,60,225
Adjectives,cheap,MVI_9750,Landmark_Data/Adjectives/cheap/MVI_9750.npy,61,225
Adjectives,cheap,MVI_9751,Landmark_Data/Adjectives/cheap/MVI_9751.npy,70,225
Adjectives,cheap,MVI_9752,Landmark_Data/Adjectives/cheap/MVI_9752.npy,66,225
Adjectives,cheap,MVI_9754,Landmark_Data/Adjectives/cheap/MVI_9754.npy,60,225
Adjectives,clean,MVI_9679,Landmark_Data/Adjectives/clean/MVI_9679.npy,69,225
Adjectives,clean,MVI_9680,Landmark_Data/Adjectives/clean/MVI_9680.npy,65,225
Adjectives,clean,MVI_9681,Landmark_Data/Adjectives/clean/MVI_9681.npy,65,225
Adjectives,clean,MVI_9682,Landmark_Data/Adjectives/clean/MVI_9682.npy,65,225
Adjectives,clean,MVI_9806,Landmark_Data/Adjectives/clean/MVI_9806.npy,65,225
Adjectives,clean,MVI_9807,Landmark_Data/Adjectives/clean/MVI_9807.npy,61,225
Adjectives,clean,MVI_9808,Landmark_Data/Adjectives/clean/MVI_9808.npy,59,225
Adjectives,clean,MVI_9809,Landmark_Data/Adjectives/clean/MVI_9809.npy,59,225
Adjectives,cold,MVI_5139,Landmark_Data/Adjectives/cold/MVI_5139.npy,56,225
Adjectives,cold,MVI_5140,Landmark_Data/Adjectives/cold/MVI_5140.npy,71,225
Adjectives,cold,MVI_5219,Landmark_Data/Adjectives/cold/MVI_5219.npy,56,225
Adjectives,cold,MVI_5220,Landmark_Data/Adjectives/cold/MVI_5220.npy,52,225
Adjectives,cold,MVI_5221,Landmark_Data/Adjectives/cold/MVI_5221.npy,55,225
Adjectives,cold,MVI_5298,Landmark_Data/Adjectives/cold/MVI_5298.npy,52,225
Adjectives,cold,MVI_5299,Landmark_Data/Adjectives/cold/MVI_5299.npy,57,225
Adjectives,cold,MVI_5300,Landmark_Data/Adjectives/cold/MVI_5300.npy,54,225
Adjectives,cold,MVI_9250,Landmark_Data/Adjectives/cold/MVI_9250.npy,48,225
Adjectives,cold,MVI_9251,Landmark_Data/Adjectives/cold/MVI_9251.npy,48,225
Adjectives,cold,MVI_9252,Landmark_Data/Adjectives/cold/MVI_9252.npy,49,225
Adjectives,cold,MVI_9331,Landmark_Data/Adjectives/cold/MVI_9331.npy,47,225
Adjectives,cold,MVI_9332,Landmark_Data/Adjectives/cold/MVI_9332.npy,49,225
Adjectives,cold,MVI_9333,Landmark_Data/Adjectives/cold/MVI_9333.npy,51,225
Adjectives,cold,MVI_9411,Landmark_Data/Adjectives/cold/MVI_9411.npy,54,225
Adjectives,cold,MVI_9412,Landmark_Data/Adjectives/cold/MVI_9412.npy,53,225
Adjectives,cold,MVI_9413,Landmark_Data/Adjectives/cold/MVI_9413.npy,57,225
Adjectives,cold,MVI_9490,Landmark_Data/Adjectives/cold/MVI_9490.npy,68,225
Adjectives,cold,MVI_9491,Landmark_Data/Adjectives/cold/MVI_9491.npy,65,225
Adjectives,cold,MVI_9492,Landmark_Data/Adjectives/cold/MVI_9492.npy,73,225
Adjectives,cool,MVI_5145,Landmark_Data/Adjectives/cool/MVI_5145.npy,75,225
Adjectives,cool,MVI_5146,Landmark_Data/Adjectives/cool/MVI_5146.npy,67,225
Adjectives,cool,MVI_5147,Landmark_Data/Adjectives/cool/MVI_5147.npy,68,225
Adjectives,cool,MVI_5225,Landmark_Data/Adjectives/cool/MVI_5225.npy,61,225
Adjectives,cool,MVI_5226,Landmark_Data/Adjectives/cool/MVI_5226.npy,51,225
Adjectives,cool,MVI_5227,Landmark_Data/Adjectives/cool/MVI_5227.npy,57,225
Adjectives,cool,MVI_5304,Landmark_Data/Adjectives/cool/MVI_5304.npy,50,225
Adjectives,cool,MVI_5305,Landmark_Data/Adjectives/cool/MVI_5305.npy,48,225
Adjectives,cool,MVI_5306,Landmark_Data/Adjectives/cool/MVI_5306.npy,43,225
Adjectives,cool,MVI_9256,Landmark_Data/Adjectives/cool/MVI_9256.npy,50,225
Adjectives,cool,MVI_9257,Landmark_Data/Adjectives/cool/MVI_9257.npy,46,225
Adjectives,cool,MVI_9258,Landmark_Data/Adjectives/cool/MVI_9258.npy,50,225
Adjectives,cool,MVI_9337,Landmark_Data/Adjectives/cool/MVI_9337.npy,50,225
Adjectives,cool,MVI_9338,Landmark_Data/Adjectives/cool/MVI_9338.npy,59,225
Adjectives,cool,MVI_9339,Landmark_Data/Adjectives/cool/MVI_9339.npy,53,225
Adjectives,cool,MVI_9418,Landmark_Data/Adjectives/cool/MVI_9418.npy,55,225
Adjectives,cool,MVI_9419,Landmark_Data/Adjectives/cool/MVI_9419.npy,50,225
Adjectives,cool,MVI_9420,Landmark_Data/Adjectives/cool/MVI_9420.npy,45,225
Adjectives,cool,MVI_9497,Landmark_Data/Adjectives/cool/MVI_9497.npy,53,225
Adjectives,cool,MVI_9498,Landmark_Data/Adjectives/cool/MVI_9498.npy,53,225
Adjectives,cool,MVI_9499,Landmark_Data/Adjectives/cool/MVI_9499.npy,56,225
Adjectives,curved,MVI_9633,Landmark_Data/Adjectives/curved/MVI_9633.npy,77,225
Adjectives,curved,MVI_9634,Landmark_Data/Adjectives/curved/MVI_9634.npy,77,225
Adjectives,curved,MVI_9635,Landmark_Data/Adjectives/curved/MVI_9635.npy,69,225
Adjectives,curved,MVI_9636,Landmark_Data/Adjectives/curved/MVI_9636.npy,67,225
Adjectives,curved,MVI_9759,Landmark_Data/Adjectives/curved/MVI_9759.npy,72,225
Adjectives,curved,MVI_9760,Landmark_Data/Adjectives/curved/MVI_9760.npy,83,225
Adjectives,curved,MVI_9761,Landmark_Data/Adjectives/curved/MVI_9761.npy,73,225
Adjectives,curved,MVI_9762,Landmark_Data/Adjectives/curved/MVI_9762.npy,70,225
Adjectives,dead,MVI_9699,Landmark_Data/Adjectives/dead/MVI_9699.npy,49,225
Adjectives,dead,MVI_9700,Landmark_Data/Adjectives/dead/MVI_9700.npy,49,225
Adjectives,dead,MVI_9701,Landmark_Data/Adjectives/dead/MVI_9701.npy,54,225
Adjectives,dead,MVI_9702,Landmark_Data/Adjectives/dead/MVI_9702.npy,59,225
Adjectives,dead,MVI_9823,Landmark_Data/Adjectives/dead/MVI_9823.npy,56,225
Adjectives,dead,MVI_9824,Landmark_Data/Adjectives/dead/MVI_9824.npy,56,225
Adjectives,dead,MVI_9825,Landmark_Data/Adjectives/dead/MVI_9825.npy,53,225
Adjectives,dead,MVI_9826,Landmark_Data/Adjectives/dead/MVI_9826.npy,51,225
Adjectives,deep,MVI_9670,Landmark_Data/Adjectives/deep/MVI_9670.npy,65,225
Adjectives,deep,MVI_9671,Landmark_Data/Adjectives/deep/MVI_9671.npy,70,225
Adjectives,deep,MVI_9672,Landmark_Data/Adjectives/deep/MVI_9672.npy,72,225
Adjectives,deep,MVI_9673,Landmark_Data/Adjectives/deep/MVI_9673.npy,64,225
Adjectives,deep,MVI_9797,Landmark_Data/Adjectives/deep/MVI_9797.npy,60,225
Adjectives,deep,MVI_9798,Landmark_Data/Adjectives/deep/MVI_9798.npy,61,225
Adjectives,deep,MVI_9799,Landmark_Data/Adjectives/deep/MVI_9799.npy,64,225
Adjectives,deep,MVI_9800,Landmark_Data/Adjectives/deep/MVI_9800.npy,71,225
Adjectives,dirty,MVI_9684,Landmark_Data/Adjectives/dirty/MVI_9684.npy,67,225
Adjectives,dirty,MVI_9685,Landmark_Data/Adjectives/dirty/MVI_9685.npy,71,225
Adjectives,dirty,MVI_9686,Landmark_Data/Adjectives/dirty/MVI_9686.npy,69,225
Adjectives,dirty,MVI_9687,Landmark_Data/Adjectives/dirty/MVI_9687.npy,66,225
Adjectives,dirty,MVI_9810,Landmark_Data/Adjectives/dirty/MVI_9810.npy,58,225
Adjectives,dirty,MVI_9811,Landmark_Data/Adjectives/dirty/MVI_9811.npy,70,225
Adjectives,dirty,MVI_9812,Landmark_Data/Adjectives/dirty/MVI_9812.npy,70,225
Adjectives,dirty,MVI_9813,Landmark_Data/Adjectives/dirty/MVI_9813.npy,72,225
Adjectives,dry,MVI_5167,Landmark_Data/Adjectives/dry/MVI_5167.npy,68,225
Adjectives,dry,MVI_5168,Landmark_Data/Adjectives/dry/MVI_5168.npy,80,225
Adjectives,dry,MVI_5169,Landmark_Data/Adjectives/dry/MVI_5169.npy,82,225
Adjectives,dry,MVI_5248,Landmark_Data/Adjectives/dry/MVI_5248.npy,58,225
Adjectives,dry,MVI_5249,Landmark_Data/Adjectives/dry/MVI_5249.npy,67,225
Adjectives,dry,MVI_5250,Landmark_Data/Adjectives/dry/MVI_5250.npy,67,225
Adjectives,dry,MVI_5326,Landmark_Data/Adjectives/dry/MVI_5326.npy,60,225
Adjectives,dry,MVI_5327,Landmark_Data/Adjectives/dry/MVI_5327.npy,58,225
Adjectives,dry,MVI_5328,Landmark_Data/Adjectives/dry/MVI_5328.npy,55,225
Adjectives,dry,MVI_9277,Landmark_Data/Adjectives/dry/MVI_9277.npy,57,225
Adjectives,dry,MVI_9278,Landmark_Data/Adjectives/dry/MVI_9278.npy,62,225
Adjectives,dry,MVI_9279,Landmark_Data/Adjectives/dry/MVI_9279.npy,56,225
Adjectives,dry,MVI_9359,Landmark_Data/Adjectives/dry/MVI_9359.npy,55,225
Adjectives,dry,MVI_9360,Landmark_Data/Adjectives/dry/MVI_9360.npy,53,225
Adjectives,dry,MVI_9361,Landmark_Data/Adjectives/dry/MVI_9361.npy,53,225
Adjectives,dry,MVI_9439,Landmark_Data/Adjectives/dry/MVI_9439.npy,63,225
Adjectives,dry,MVI_9440,Landmark_Data/Adjectives/dry/MVI_9440.npy,58,225
Adjectives,dry,MVI_9441,Landmark_Data/Adjectives/dry/MVI_9441.npy,57,225
Adjectives,dry,MVI_9521,Landmark_Data/Adjectives/dry/MVI_9521.npy,63,225
Adjectives,dry,MVI_9522,Landmark_Data/Adjectives/dry/MVI_9522.npy,64,225
Adjectives,dry,MVI_9523,Landmark_Data/Adjectives/dry/MVI_9523.npy,66,225
Adjectives,expensive,MVI_9613,Landmark_Data/Adjectives/expensive/MVI_9613.npy,76,225
Adjectives,expensive,MVI_9614,Landmark_Data/Adjectives/expensive/MVI_9614.npy,71,225
Adjectives,expensive,MVI_9615,Landmark_Data/Adjectives/expensive/MVI_9615.npy,73,225
Adjectives,expensive,MVI_9616,Landmark_Data/Adjectives/expensive/MVI_9616.npy,63,225
Adjectives,expensive,MVI_9746,Landmark_Data/Adjectives/expensive/MVI_9746.npy,57,225
Adjectives,expensive,MVI_9747,Landmark_Data/Adjectives/expensive/MVI_9747.npy,55,225
Adjectives,expensive,MVI_9748,Landmark_Data/Adjectives/expensive/MVI_9748.npy,63,225
Adjectives,expensive,MVI_9749,Landmark_Data/Adjectives/expensive/MVI_9749.npy,63,225
Adjectives,famous,MVI_9715,Landmark_Data/Adjectives/famous/MVI_9715.npy,51,225
Adjectives,famous,MVI_9716,Landmark_Data/Adjectives/famous/MVI_9716.npy,58,225
Adjectives,famous,MVI_9717,Landmark_Data/Adjectives/famous/MVI_9717.npy,48,225
Adjectives,famous,MVI_9718,Landmark_Data/Adjectives/famous/MVI_9718.npy,50,225
Adjectives,famous,MVI_9839,Landmark_Data/Adjectives/famous/MVI_9839.npy,62,225
Adjectives,famous,MVI_9841,Landmark_Data/Adjectives/famous/MVI_9841.npy,49,225
Adjectives,famous,MVI_9842,Landmark_Data/Adjectives/famous/MVI_9842.npy,50,225
Adjectives,famous,MVI_9843,Landmark_Data/Adjectives/famous/MVI_9843.npy,52,225
Adjectives,fast,MVI_5133,Landmark_Data/Adjectives/fast/MVI_5133.npy,65,225
Adjectives,fast,MVI_5134,Landmark_Data/Adjectives/fast/MVI_5134.npy,70,225
Adjectives,fast,MVI_5135,Landmark_Data/Adjectives/fast/MVI_5135.npy,74,225
Adjectives,fast,MVI_5213,Landmark_Data/Adjectives/fast/MVI_5213.npy,56,225
Adjectives,fast,MVI_5214,Landmark_Data/Adjectives/fast/MVI_5214.npy,70,225
Adjectives,fast,MVI_5215,Landmark_Data/Adjectives/fast/MVI_5215.npy,65,225
Adjectives,fast,MVI_5292,Landmark_Data/Adjectives/fast/MVI_5292.npy,47,225
Adjectives,fast,MVI_5293,Landmark_Data/Adjectives/fast/MVI_5293.npy,55,225
Adjectives,fast,MVI_5294,Landmark_Data/Adjectives/fast/MVI_5294.npy,50,225
Adjectives,fast,MVI_9244,Landmark_Data/Adjectives/fast/MVI_9244.npy,45,225
Adjectives,fast,MVI_9245,Landmark_Data/Adjectives/fast/MVI_9245.npy,48,225
Adjectives,fast,MVI_9246,Landmark_Data/Adjectives/fast/MVI_9246.npy,46,225
Adjectives,fast,MVI_9325,Landmark_Data/Adjectives/fast/MVI_9325.npy,44,225
Adjectives,fast,MVI_9326,Landmark_Data/Adjectives/fast/MVI_9326.npy,48,225
Adjectives,fast,MVI_9327,Landmark_Data/Adjectives/fast/MVI_9327.npy,43,225
Adjectives,fast,MVI_9405,Landmark_Data/Adjectives/fast/MVI_9405.npy,51,225
Adjectives,fast,MVI_9406,Landmark_Data/Adjectives/fast/MVI_9406.npy,55,225
Adjectives,fast,MVI_9407,Landmark_Data/Adjectives/fast/MVI_9407.npy,53,225
Adjectives,fast,MVI_9484,Landmark_Data/Adjectives/fast/MVI_9484.npy,61,225
Adjectives,fast,MVI_9485,Landmark_Data/Adjectives/fast/MVI_9485.npy,67,225
Adjectives,fast,MVI_9486,Landmark_Data/Adjectives/fast/MVI_9486.npy,62,225
Adjectives,female,MVI_9642,Landmark_Data/Adjectives/female/MVI_9642.npy,57,225
Adjectives,female,MVI_9643,Landmark_Data/Adjectives/female/MVI_9643.npy,52,225
Adjectives,female,MVI_9644,Landmark_Data/Adjectives/female/MVI_9644.npy,46,225
Adjectives,female,MVI_9645,Landmark_Data/Adjectives/female/MVI_9645.npy,49,225
Adjectives,female,MVI_9767,Landmark_Data/Adjectives/female/MVI_9767.npy,47,225
Adjectives,female,MVI_9768,Landmark_Data/Adjectives/female/MVI_9768.npy,53,225
Adjectives,female,MVI_9769,Landmark_Data/Adjectives/female/MVI_9769.npy,46,225
Adjectives,female,MVI_9770,Landmark_Data/Adjectives/female/MVI_9770.npy,56,225
Adjectives,flat,MVI_9621,Landmark_Data/Adjectives/flat/MVI_9621.npy,59,225
Adjectives,flat,MVI_9622,Landmark_Data/Adjectives/flat/MVI_9622.npy,67,225
Adjectives,flat,MVI_9623,Landmark_Data/Adjectives/flat/MVI_9623.npy,70,225
Adjectives,flat,MVI_9624,Landmark_Data/Adjectives/flat/MVI_9624.npy,67,225
Adjectives,flat,MVI_9755,Landmark_Data/Adjectives/flat/MVI_9755.npy,58,225
Adjectives,flat,MVI_9756,Landmark_Data/Adjectives/flat/MVI_9756.npy,65,225
Adjectives,flat,MVI_9757,Landmark_Data/Adjectives/flat/MVI_9757.npy,62,225
Adjectives,flat,MVI_9758,Landmark_Data/Adjectives/flat/MVI_9758.npy,63,225
Adjectives,good,MVI_5158,Landmark_Data/Adjectives/good/MVI_5158.npy,73,225
Adjectives,good,MVI_5159,Landmark_Data/Adjectives/good/MVI_5159.npy,63,225
Adjectives,good,MVI_5160,Landmark_Data/Adjectives/good/MVI_5160.npy,62,225
Adjectives,good,MVI_5238,Landmark_Data/Adjectives/good/MVI_5238.npy,49,225
Adjectives,good,MVI_5239,Landmark_Data/Adjectives/good/MVI_5239.npy,56,225
Adjectives,good,MVI_5240,Landmark_Data/Adjectives/good/MVI_5240.npy,65,225
Adjectives,good,MVI_5316,Landmark_Data/Adjectives/good/MVI_5316.npy,46,225
Adjectives,good,MVI_5317,Landmark_Data/Adjectives/good/MVI_5317.npy,49,225
Adjectives,good,MVI_5318,Landmark_Data/Adjectives/good/MVI_5318.npy,44,225
Adjectives,good,MVI_9268,Landmark_Data/Adjectives/good/MVI_9268.npy,46,225
Adjectives,good,MVI_9269,Landmark_Data/Adjectives/good/MVI_9269.npy,48,225
Adjectives,good,MVI_9270,Landmark_Data/Adjectives/good/MVI_9270.npy,46,225
Adjectives,good,MVI_9349,Landmark_Data/Adjectives/good/MVI_9349.npy,41,225
Adjectives,good,MVI_9350,Landmark_Data/Adjectives/good/MVI_9350.npy,45,225
Adjectives,good,MVI_9351,Landmark_Data/Adjectives/good/MVI_9351.npy,50,225
Adjectives,good,MVI_9430,Landmark_Data/Adjectives/good/MVI_9430.npy,67,225
Adjectives,good,MVI_9431,Landmark_Data/Adjectives/good/MVI_9431.npy,59,225
Adjectives,good,MVI_9432,Landmark_Data/Adjectives/good/MVI_9432.npy,59,225
Adjectives,good,MVI_9510,Landmark_Data/Adjectives/good/MVI_9510.npy,62,225
Adjectives,good,MVI_9511,Landmark_Data/Adjectives/good/MVI_9511.npy,56,225
Adjectives,good,MVI_9512,Landmark_Data/Adjectives/good/MVI_9512.npy,50,225
Adjectives,happy,MVI_5183,Landmark_Data/Adjectives/happy/MVI_5183.npy,71,225
Adjectives,happy,MVI_5184,Landmark_Data/Adjectives/happy/MVI_5184.npy,69,225
Adjectives,happy,MVI_5185,Landmark_Data/Adjectives/happy/MVI_5185.npy,78,225
Adjectives,happy,MVI_5263,Landmark_Data/Adjectives/happy/MVI_5263.npy,53,225
Adjectives,happy,MVI_5264,Landmark_Data/Adjectives/happy/MVI_5264.npy,56,225
Adjectives,happy,MVI_5265,Landmark_Data/Adjectives/happy/MVI_5265.npy,48,225
Adjectives,happy,MVI_5341,Landmark_Data/Adjectives/happy/MVI_5341.npy,41,225
Adjectives,happy,MVI_5342,Landmark_Data/Adjectives/happy/MVI_5342.npy,53,225
Adjectives,happy,MVI_5343,Landmark_Data/Adjectives/happy/MVI_5343.npy,73,225
Adjectives,happy,MVI_9295,Landmark_Data/Adjectives/happy/MVI_9295.npy,48,225
Adjectives,happy,MVI_9296,Landmark_Data/Adjectives/happy/MVI_9296.npy,50,225
Adjectives,happy,MVI_9297,Landmark_Data/Adjectives/happy/MVI_9297.npy,48,225
Adjectives,happy,MVI_9374,Landmark_Data/Adjectives/happy/MVI_9374.npy,45,225
Adjectives,happy,MVI_9375,Landmark_Data/Adjectives/happy/MVI_9375.npy,41,225
Adjectives,happy,MVI_9376,Landmark_Data/Adjectives/happy/MVI_9376.npy,36,225
Adjectives,happy,MVI_9454,Landmark_Data/Adjectives/happy/MVI_9454.npy,44,225
Adjectives,happy,MVI_9455,Landmark_Data/Adjectives/happy/MVI_9455.npy,51,225
Adjectives,happy,MVI_9456,Landmark_Data/Adjectives/happy/MVI_9456.npy,43,225
Adjectives,happy,MVI_9540,Landmark_Data/Adjectives/happy/MVI_9540.npy,50,225
Adjectives,happy,MVI_9541,Landmark_Data/Adjectives/happy/MVI_9541.npy,57,225
Adjectives,happy,MVI_9542,Landmark_Data/Adjectives/happy/MVI_9542.npy,58,225
Adjectives,hard,MVI_9666,Landmark_Data/Adjectives/hard/MVI_9666.npy,64,225
Adjectives,hard,MVI_9667,Landmark_Data/Adjectives/hard/MVI_9667.npy,74,225
Adjectives,hard,MVI_9668,Landmark_Data/Adjectives/hard/MVI_9668.npy,70,225
Adjectives,hard,MVI_9669,Landmark_Data/Adjectives/hard/MVI_9669.npy,73,225
Adjectives,hard,MVI_9793,Landmark_Data/Adjectives/hard/MVI_9793.npy,62,225
Adjectives,hard,MVI_9794,Landmark_Data/Adjectives/hard/MVI_9794.npy,57,225
Adjectives,hard,MVI_9795,Landmark_Data/Adjectives/hard/MVI_9795.npy,58,225
Adjectives,hard,MVI_9796,Landmark_Data/Adjectives/hard/MVI_9796.npy,56,225
Adjectives,healthy,MVI_5173,Landmark_Data/Adjectives/healthy/MVI_5173.npy,67,225
Adjectives,healthy,MVI_5174,Landmark_Data/Adjectives/healthy/MVI_5174.npy,78,225
Adjectives,healthy,MVI_5175,Landmark_Data/Adjectives/healthy/MVI_5175.npy,95,225
Adjectives,healthy,MVI_5254,Landmark_Data/Adjectives/healthy/MVI_5254.npy,62,225
Adjectives,healthy,MVI_5255,Landmark_Data/Adjectives/healthy/MVI_5255.npy,70,225
Adjectives,healthy,MVI_5256,Landmark_Data/Adjectives/healthy/MVI_5256.npy,67,225
Adjectives,healthy,MVI_5332,Landmark_Data/Adjectives/healthy/MVI_5332.npy,52,225
Adjectives,healthy,MVI_5333,Landmark_Data/Adjectives/healthy/MVI_5333.npy,51,225
Adjectives,healthy,MVI_5334,Landmark_Data/Adjectives/healthy/MVI_5334.npy,54,225
Adjectives,healthy,MVI_9286,Landmark_Data/Adjectives/healthy/MVI_9286.npy,55,225
Adjectives,healthy,MVI_9287,Landmark_Data/Adjectives/healthy/MVI_9287.npy,61,225
Adjectives,healthy,MVI_9288,Landmark_Data/Adjectives/healthy/MVI_9288.npy,65,225
Adjectives,healthy,MVI_9365,Landmark_Data/Adjectives/healthy/MVI_9365.npy,55,225
Adjectives,healthy,MVI_9366,Landmark_Data/Adjectives/healthy/MVI_9366.npy,57,225
Adjectives,healthy,MVI_9367,Landmark_Data/Adjectives/healthy/MVI_9367.npy,50,225
Adjectives,healthy,MVI_9445,Landmark_Data/Adjectives/healthy/MVI_9445.npy,64,225
Adjectives,healthy,MVI_9446,Landmark_Data/Adjectives/healthy/MVI_9446.npy,60,225
Adjectives,healthy,MVI_9447,Landmark_Data/Adjectives/healthy/MVI_9447.npy,57,225
Adjectives,healthy,MVI_9530,Landmark_Data/Adjectives/healthy/MVI_9530.npy,61,225
Adjectives,healthy,MVI_9531,Landmark_Data/Adjectives/healthy/MVI_9531.npy,60,225
Adjectives,healthy,MVI_9532,Landmark_Data/Adjectives/healthy/MVI_9532.npy,62,225
Adjectives,heavy,MVI_9707,Landmark_Data/Adjectives/heavy/MVI_9707.npy,59,225
Adjectives,heavy,MVI_9708,Landmark_Data/Adjectives/heavy/MVI_9708.npy,58,225
Adjectives,heavy,MVI_9709,Landmark_Data/Adjectives/heavy/MVI_9709.npy,63,225
Adjectives,heavy,MVI_9710,Landmark_Data/Adjectives/heavy/MVI_9710.npy,63,225
Adjectives,heavy,MVI_9831,Landmark_Data/Adjectives/heavy/MVI_9831.npy,66,225
Adjectives,heavy,MVI_9832,Landmark_Data/Adjectives/heavy/MVI_9832.npy,66,225
Adjectives,heavy,MVI_9833,Landmark_Data/Adjectives/heavy/MVI_9833.npy,62,225
Adjectives,heavy,MVI_9834,Landmark_Data/Adjectives/heavy/MVI_9834.npy,64,225
Adjectives,high,MVI_9654,Landmark_Data/Adjectives/high/MVI_9654.npy,69,225
Adjectives,high,MVI_9655,Landmark_Data/Adjectives/high/MVI_9655.npy,70,225
Adjectives,high,MVI_9656,Landmark_Data/Adjectives/high/MVI_9656.npy,64,225
Adjectives,high,MVI_9657,Landmark_Data/Adjectives/high/MVI_9657.npy,70,225
Adjectives,high,MVI_9780,Landmark_Data/Adjectives/high/MVI_9780.npy,63,225
Adjectives,high,MVI_9781,Landmark_Data/Adjectives/high/MVI_9781.npy,57,225
Adjectives,high,MVI_9782,Landmark_Data/Adjectives/high/MVI_9782.npy,58,225
Adjectives,high,MVI_9783,Landmark_Data/Adjectives/high/MVI_9783.npy,61,225
Adjectives,hot,MVI_5136,Landmark_Data/Adjectives/hot/MVI_5136.npy,71,225
Adjectives,hot,MVI_5137,Landmark_Data/Adjectives/hot/MVI_5137.npy,56,225
Adjectives,hot,MVI_5138,Landmark_Data/Adjectives/hot/MVI_5138.npy,49,225
Adjectives,hot,MVI_5216,Landmark_Data/Adjectives/hot/MVI_5216.npy,57,225
Adjectives,hot,MVI_5217,Landmark_Data/Adjectives/hot/MVI_5217.npy,66,225
Adjectives,hot,MVI_5218,Landmark_Data/Adjectives/hot/MVI_5218.npy,66,225
Adjectives,hot,MVI_5295,Landmark_Data/Adjectives/hot/MVI_5295.npy,56,225
Adjectives,hot,MVI_5296,Landmark_Data/Adjectives/hot/MVI_5296.npy,56,225
Adjectives,hot,MVI_5297,Landmark_Data/Adjectives/hot/MVI_5297.npy,55,225
Adjectives,hot,MVI_9247,Landmark_Data/Adjectives/hot/MVI_9247.npy,55,225
Adjectives,hot,MVI_9248,Landmark_Data/Adjectives/hot/MVI_9248.npy,48,225
Adjectives,hot,MVI_9249,Landmark_Data/Adjectives/hot/MVI_9249.npy,48,225
Adjectives,hot,MVI_9328,Landmark_Data/Adjectives/hot/MVI_9328.npy,52,225
Adjectives,hot,MVI_9329,Landmark_Data/Adjectives/hot/MVI_9329.npy,53,225
Adjectives,hot,MVI_9330,Landmark_Data/Adjectives/hot/MVI_9330.npy,50,225
Adjectives,hot,MVI_9408,Landmark_Data/Adjectives/hot/MVI_9408.npy,63,225
Adjectives,hot,MVI_9409,Landmark_Data/Adjectives/hot/MVI_9409.npy,66,225
Adjectives,hot,MVI_9410,Landmark_Data/Adjectives/hot/MVI_9410.npy,56,225
Adjectives,hot,MVI_9487,Landmark_Data/Adjectives/hot/MVI_9487.npy,63,225
Adjectives,hot,MVI_9488,Landmark_Data/Adjectives/hot/MVI_9488.npy,65,225
Adjectives,hot,MVI_9489,Landmark_Data/Adjectives/hot/MVI_9489.npy,62,225
Adjectives,large,MVI_5123,Landmark_Data/Adjectives/large/MVI_5123.npy,54,225
Adjectives,large,MVI_5124,Landmark_Data/Adjectives/large/MVI_5124.npy,61,225
Adjectives,large,MVI_5125,Landmark_Data/Adjectives/large/MVI_5125.npy,71,225
Adjectives,large,MVI_5203,Landmark_Data/Adjectives/large/MVI_5203.npy,65,225
Adjectives,large,MVI_5204,Landmark_Data/Adjectives/large/MVI_5204.npy,70,225
Adjectives,large,MVI_5205,Landmark_Data/Adjectives/large/MVI_5205.npy,66,225
Adjectives,large,MVI_5283,Landmark_Data/Adjectives/large/MVI_5283.npy,57,225
Adjectives,large,MVI_5284,Landmark_Data/Adjectives/large/MVI_5284.npy,55,225
Adjectives,large,MVI_5285,Landmark_Data/Adjectives/large/MVI_5285.npy,51,225
Adjectives,large,MVI_9233,Landmark_Data/Adjectives/large/MVI_9233.npy,48,225
Adjectives,large,MVI_9234,Landmark_Data/Adjectives/large/MVI_9234.npy,47,225
Adjectives,large,MVI_9235,Landmark_Data/Adjectives/large/MVI_9235.npy,46,225
Adjectives,large,MVI_9316,Landmark_Data/Adjectives/large/MVI_9316.npy,44,225
Adjectives,large,MVI_9317,Landmark_Data/Adjectives/large/MVI_9317.npy,48,225
Adjectives,large,MVI_9318,Landmark_Data/Adjectives/large/MVI_9318.npy,49,225
Adjectives,large,MVI_9394,Landmark_Data/Adjectives/large/MVI_9394.npy,59,225
Adjectives,large,MVI_9395,Landmark_Data/Adjectives/large/MVI_9395.npy,57,225
Adjectives,large,MVI_9396,Landmark_Data/Adjectives/large/MVI_9396.npy,56,225
Adjectives,large,MVI_9475,Landmark_Data/Adjectives/large/MVI_9475.npy,54,225
Adjectives,large,MVI_9476,Landmark_Data/Adjectives/large/MVI_9476.npy,54,225
Adjectives,large,MVI_9477,Landmark_Data/Adjectives/large/MVI_9477.npy,56,225
Adjectives,light,MVI_9711,Landmark_Data/Adjectives/light/MVI_9711.npy,55,225
Adjectives,light,MVI_9712,Landmark_Data/Adjectives/light/MVI_9712.npy,56,225
Adjectives,light,MVI_9713,Landmark_Data/Adjectives/light/MVI_9713.npy,60,225
Adjectives,light,MVI_9714,Landmark_Data/Adjectives/light/MVI_9714.npy,60,225
Adjectives,light,MVI_9835,Landmark_Data/Adjectives/light/MVI_9835.npy,65,225
Adjectives,light,MVI_9836,Landmark_Data/Adjectives/light/MVI_9836.npy,63,225
Adjectives,light,MVI_9837,Landmark_Data/Adjectives/light/MVI_9837.npy,63,225
Adjectives,light,MVI_9838,Landmark_Data/Adjectives/light/MVI_9838.npy,60,225
Adjectives,little,MVI_5126,Landmark_Data/Adjectives/little/MVI_5126.npy,83,225
Adjectives,little,MVI_5127,Landmark_Data/Adjectives/little/MVI_5127.npy,80,225
Adjectives,little,MVI_5128,Landmark_Data/Adjectives/little/MVI_5128.npy,62,225
Adjectives,little,MVI_5206,Landmark_Data/Adjectives/little/MVI_5206.npy,53,225
Adjectives,little,MVI_5207,Landmark_Data/Adjectives/little/MVI_5207.npy,57,225
Adjectives,little,MVI_5208,Landmark_Data/Adjectives/little/MVI_5208.npy,58,225
Adjectives,little,MVI_5209,Landmark_Data/Adjectives/little/MVI_5209.npy,68,225
Adjectives,little,MVI_5286,Landmark_Data/Adjectives/little/MVI_5286.npy,52,225
Adjectives,little,MVI_5287,Landmark_Data/Adjectives/little/MVI_5287.npy,54,225
Adjectives,little,MVI_5288,Landmark_Data/Adjectives/little/MVI_5288.npy,38,225
Adjectives,little,MVI_9236,Landmark_Data/Adjectives/little/MVI_9236.npy,44,225
Adjectives,little,MVI_9237,Landmark_Data/Adjectives/little/MVI_9237.npy,52,225
Adjectives,little,MVI_9238,Landmark_Data/Adjectives/little/MVI_9238.npy,51,225
Adjectives,little,MVI_9319,Landmark_Data/Adjectives/little/MVI_9319.npy,51,225
Adjectives,little,MVI_9320,Landmark_Data/Adjectives/little/MVI_9320.npy,52,225
Adjectives,little,MVI_9321,Landmark_Data/Adjectives/little/MVI_9321.npy,54,225
Adjectives,little,MVI_9397,Landmark_Data/Adjectives/little/MVI_9397.npy,51,225
Adjectives,little,MVI_9398,Landmark_Data/Adjectives/little/MVI_9398.npy,50,225
Adjectives,little,MVI_9400,Landmark_Data/Adjectives/little/MVI_9400.npy,53,225
Adjectives,little,MVI_9478,Landmark_Data/Adjectives/little/MVI_9478.npy,54,225
Adjectives,little,MVI_9479,Landmark_Data/Adjectives/little/MVI_9479.npy,52,225
Adjectives,little,MVI_9480,Landmark_Data/Adjectives/little/MVI_9480.npy,55,225
Adjectives,long,MVI_5106,Landmark_Data/Adjectives/long/MVI_5106.npy,68,225
Adjectives,long,MVI_5107,Landmark_Data/Adjectives/long/MVI_5107.npy,71,225
Adjectives,long,MVI_5108,Landmark_Data/Adjectives/long/MVI_5108.npy,78,225
Adjectives,long,MVI_5186,Landmark_Data/Adjectives/long/MVI_5186.npy,64,225
Adjectives,long,MVI_5187,Landmark_Data/Adjectives/long/MVI_5187.npy,60,225
Adjectives,long,MVI_5188,Landmark_Data/Adjectives/long/MVI_5188.npy,51,225
Adjectives,long,MVI_5266,Landmark_Data/Adjectives/long/MVI_5266.npy,69,225
Adjectives,long,MVI_5267,Landmark_Data/Adjectives/long/MVI_5267.npy,62,225
Adjectives,long,MVI_5268,Landmark_Data/Adjectives/long/MVI_5268.npy,60,225
Adjectives,long,MVI_9217,Landmark_Data/Adjectives/long/MVI_9217.npy,52,225
Adjectives,long,MVI_9218,Landmark_Data/Adjectives/long/MVI_9218.npy,53,225
Adjectives,long,MVI_9219,Landmark_Data/Adjectives/long/MVI_9219.npy,53,225
Adjectives,long,MVI_9298,Landmark_Data/Adjectives/long/MVI_9298.npy,53,225
Adjectives,long,MVI_9299,Landmark_Data/Adjectives/long/MVI_9299.npy,50,225
Adjectives,long,MVI_9300,Landmark_Data/Adjectives/long/MVI_9300.npy,56,225
Adjectives,long,MVI_9377,Landmark_Data/Adjectives/long/MVI_9377.npy,53,225
Adjectives,long,MVI_9378,Landmark_Data/Adjectives/long/MVI_9378.npy,52,225
Adjectives,long,MVI_9379,Landmark_Data/Adjectives/long/MVI_9379.npy,52,225
Adjectives,long,MVI_9458,Landmark_Data/Adjectives/long/MVI_9458.npy,56,225
Adjectives,long,MVI_9459,Landmark_Data/Adjectives/long/MVI_9459.npy,51,225
Adjectives,long,MVI_9460,Landmark_Data/Adjectives/long/MVI_9460.npy,52,225
Adjectives,loose,MVI_9650,Landmark_Data/Adjectives/loose/MVI_9650.npy,66,225
Adjectives,loose,MVI_9651,Landmark_Data/Adjectives/loose/MVI_9651.npy,64,225
Adjectives,loose,MVI_9652,Landmark_Data/Adjectives/loose/MVI_9652.npy,66,225
Adjectives,loose,MVI_9653,Landmark_Data/Adjectives/loose/MVI_9653.npy,72,225
Adjectives,loose,MVI_9775,Landmark_Data/Adjectives/loose/MVI_9775.npy,67,225
Adjectives,loose,MVI_9776,Landmark_Data/Adjectives/loose/MVI_9776.npy,73,225
Adjectives,loose,MVI_9777,Landmark_Data/Adjectives/loose/MVI_9777.npy,70,225
Adjectives,loose,MVI_9778,Landmark_Data/Adjectives/loose/MVI_9778.npy,69,225
Adjectives,loud,MVI_5177,Landmark_Data/Adjectives/loud/MVI_5177.npy,56,225
Adjectives,loud,MVI_5178,Landmark_Data/Adjectives/loud/MVI_5178.npy,64,225
Adjectives,loud,MVI_5179,Landmark_Data/Adjectives/loud/MVI_5179.npy,66,225
Adjectives,loud,MVI_5257,Landmark_Data/Adjectives/loud/MVI_5257.npy,52,225
Adjectives,loud,MVI_5258,Landmark_Data/Adjectives/loud/MVI_5258.npy,76,225
Adjectives,loud,MVI_5259,Landmark_Data/Adjectives/loud/MVI_5259.npy,64,225
Adjectives,loud,MVI_5335,Landmark_Data/Adjectives/loud/MVI_5335.npy,45,225
Adjectives,loud,MVI_5336,Landmark_Data/Adjectives/loud/MVI_5336.npy,42,225
Adjectives,loud,MVI_5337,Landmark_Data/Adjectives/loud/MVI_5337.npy,48,225
Adjectives,loud,MVI_9289,Landmark_Data/Adjectives/loud/MVI_9289.npy,55,225
Adjectives,loud,MVI_9290,Landmark_Data/Adjectives/loud/MVI_9290.npy,64,225
Adjectives,loud,MVI_9291,Landmark_Data/Adjectives/loud/MVI_9291.npy,63,225
Adjectives,loud,MVI_9368,Landmark_Data/Adjectives/loud/MVI_9368.npy,47,225
Adjectives,loud,MVI_9369,Landmark_Data/Adjectives/loud/MVI_9369.npy,48,225
Adjectives,loud,MVI_9370,Landmark_Data/Adjectives/loud/MVI_9370.npy,46,225
Adjectives,loud,MVI_9448,Landmark_Data/Adjectives/loud/MVI_9448.npy,56,225
Adjectives,loud,MVI_9449,Landmark_Data/Adjectives/loud/MVI_9449.npy,47,225
Adjectives,loud,MVI_9450,Landmark_Data/Adjectives/loud/MVI_9450.npy,50,225
Adjectives,loud,MVI_9534,Landmark_Data/Adjectives/loud/MVI_9534.npy,56,225
Adjectives,loud,MVI_9535,Landmark_Data/Adjectives/loud/MVI_9535.npy,65,225
Adjectives,loud,MVI_9536,Landmark_Data/Adjectives/loud/MVI_9536.npy,57,225
Adjectives,low,MVI_9658,Landmark_Data/Adjectives/low/MVI_9658.npy,64,225
Adjectives,low,MVI_9659,Landmark_Data/Adjectives/low/MVI_9659.npy,59,225
Adjectives,low,MVI_9660,Landmark_Data/Adjectives/low/MVI_9660.npy,63,225
Adjectives,low,MVI_9661,Landmark_Data/Adjectives/low/MVI_9661.npy,62,225
Adjectives,low,MVI_9784,Landmark_Data/Adjectives/low/MVI_9784.npy,56,225
Adjectives,low,MVI_9785,Landmark_Data/Adjectives/low/MVI_9785.npy,53,225
Adjectives,low,MVI_9786,Landmark_Data/Adjectives/low/MVI_9786.npy,53,225
Adjectives,low,MVI_9787,Landmark_Data/Adjectives/low/MVI_9787.npy,60,225
Adjectives,male,MVI_9637,Landmark_Data/Adjectives/male/MVI_9637.npy,59,225
Adjectives,male,MVI_9638,Landmark_Data/Adjectives/male/MVI_9638.npy,80,225
Adjectives,male,MVI_9639,Landmark_Data/Adjectives/male/MVI_9639.npy,60,225
Adjectives,male,MVI_9640,Landmark_Data/Adjectives/male/MVI_9640.npy,73,225
Adjectives,male,MVI_9763,Landmark_Data/Adjectives/male/MVI_9763.npy,61,225
Adjectives,male,MVI_9764,Landmark_Data/Adjectives/male/MVI_9764.npy,61,225
Adjectives,male,MVI_9765,Landmark_Data/Adjectives/male/MVI_9765.npy,54,225
Adjectives,male,MVI_9766,Landmark_Data/Adjectives/male/MVI_9766.npy,52,225
Adjectives,narrow,MVI_5120,Landmark_Data/Adjectives/narrow/MVI_5120.npy,86,225
Adjectives,narrow,MVI_5121,Landmark_Data/Adjectives/narrow/MVI_5121.npy,71,225
Adjectives,narrow,MVI_5122,Landmark_Data/Adjectives/narrow/MVI_5122.npy,59,225
Adjectives,narrow,MVI_5200,Landmark_Data/Adjectives/narrow/MVI_5200.npy,78,225
Adjectives,narrow,MVI_5201,Landmark_Data/Adjectives/narrow/MVI_5201.npy,82,225
Adjectives,narrow,MVI_5202,Landmark_Data/Adjectives/narrow/MVI_5202.npy,80,225
Adjectives,narrow,MVI_5280,Landmark_Data/Adjectives/narrow/MVI_5280.npy,70,225
Adjectives,narrow,MVI_5281,Landmark_Data/Adjectives/narrow/MVI_5281.npy,66,225
Adjectives,narrow,MVI_5282,Landmark_Data/Adjectives/narrow/MVI_5282.npy,58,225
Adjectives,narrow,MVI_9230,Landmark_Data/Adjectives/narrow/MVI_9230.npy,51,225
Adjectives,narrow,MVI_9231,Landmark_Data/Adjectives/narrow/MVI_9231.npy,53,225
Adjectives,narrow,MVI_9232,Landmark_Data/Adjectives/narrow/MVI_9232.npy,46,225
Adjectives,narrow,MVI_9313,Landmark_Data/Adjectives/narrow/MVI_9313.npy,45,225
Adjectives,narrow,MVI_9314,Landmark_Data/Adjectives/narrow/MVI_9314.npy,49,225
Adjectives,narrow,MVI_9315,Landmark_Data/Adjectives/narrow/MVI_9315.npy,48,225
Adjectives,narrow,MVI_9391,Landmark_Data/Adjectives/narrow/MVI_9391.npy,48,225
Adjectives,narrow,MVI_9392,Landmark_Data/Adjectives/narrow/MVI_9392.npy,54,225
Adjectives,narrow,MVI_9393,Landmark_Data/Adjectives/narrow/MVI_9393.npy,48,225
Adjectives,narrow,MVI_9471,Landmark_Data/Adjectives/narrow/MVI_9471.npy,59,225
Adjectives,narrow,MVI_9472,Landmark_Data/Adjectives/narrow/MVI_9472.npy,57,225
Adjectives,narrow,MVI_9474,Landmark_Data/Adjectives/narrow/MVI_9474.npy,54,225
Adjectives,new,MVI_5148,Landmark_Data/Adjectives/new/MVI_5148.npy,57,225
Adjectives,new,MVI_5150,Landmark_Data/Adjectives/new/MVI_5150.npy,64,225
Adjectives,new,MVI_5151,Landmark_Data/Adjectives/new/MVI_5151.npy,59,225
Adjectives,new,MVI_5229,Landmark_Data/Adjectives/new/MVI_5229.npy,54,225
Adjectives,new,MVI_5230,Landmark_Data/Adjectives/new/MVI_5230.npy,57,225
Adjectives,new,MVI_5231,Landmark_Data/Adjectives/new/MVI_5231.npy,65,225
Adjectives,new,MVI_5307,Landmark_Data/Adjectives/new/MVI_5307.npy,39,225
Adjectives,new,MVI_5308,Landmark_Data/Adjectives/new/MVI_5308.npy,42,225
Adjectives,new,MVI_5309,Landmark_Data/Adjectives/new/MVI_5309.npy,46,225
Adjectives,new,MVI_9259,Landmark_Data/Adjectives/new/MVI_9259.npy,46,225
Adjectives,new,MVI_9260,Landmark_Data/Adjectives/new/MVI_9260.npy,49,225
Adjectives,new,MVI_9261,Landmark_Data/Adjectives/new/MVI_9261.npy,49,225
Adjectives,new,MVI_9340,Landmark_Data/Adjectives/new/MVI_9340.npy,49,225
Adjectives,new,MVI_9341,Landmark_Data/Adjectives/new/MVI_9341.npy,49,225
Adjectives,new,MVI_9342,Landmark_Data/Adjectives/new/MVI_9342.npy,47,225
Adjectives,new,MVI_9421,Landmark_Data/Adjectives/new/MVI_9421.npy,63,225
Adjectives,new,MVI_9422,Landmark_Data/Adjectives/new/MVI_9422.npy,47,225
Adjectives,new,MVI_9423,Landmark_Data/Adjectives/new/MVI_9423.npy,50,225
Adjectives,new,MVI_9500,Landmark_Data/Adjectives/new/MVI_9500.npy,56,225
Adjectives,new,MVI_9501,Landmark_Data/Adjectives/new/MVI_9501.npy,49,225
Adjectives,new,MVI_9502,Landmark_Data/Adjectives/new/MVI_9502.npy,56,225
Adjectives,old,MVI_5152,Landmark_Data/Adjectives/old/MVI_5152.npy,67,225
Adjectives,old,MVI_5153,Landmark_Data/Adjectives/old/MVI_5153.npy,65,225
Adjectives,old,MVI_5154,Landmark_Data/Adjectives/old/MVI_5154.npy,72,225
Adjectives,old,MVI_5232,Landmark_Data/Adjectives/old/MVI_5232.npy,50,225
Adjectives,old,MVI_5233,Landmark_Data/Adjectives/old/MVI_5233.npy,60,225
Adjectives,old,MVI_5234,Landmark_Data/Adjectives/old/MVI_5234.npy,57,225
Adjectives,old,MVI_5310,Landmark_Data/Adjectives/old/MVI_5310.npy,39,225
Adjectives,old,MVI_5311,Landmark_Data/Adjectives/old/MVI_5311.npy,48,225
Adjectives,old,MVI_5312,Landmark_Data/Adjectives/old/MVI_5312.npy,49,225
Adjectives,old,MVI_9262,Landmark_Data/Adjectives/old/MVI_9262.npy,46,225
Adjectives,old,MVI_9263,Landmark_Data/Adjectives/old/MVI_9263.npy,51,225
Adjectives,old,MVI_9264,Landmark_Data/Adjectives/old/MVI_9264.npy,51,225
Adjectives,old,MVI_9343,Landmark_Data/Adjectives/old/MVI_9343.npy,50,225
Adjectives,old,MVI_9344,Landmark_Data/Adjectives/old/MVI_9344.npy,56,225
Adjectives,old,MVI_9345,Landmark_Data/Adjectives/old/MVI_9345.npy,52,225
Adjectives,old,MVI_9424,Landmark_Data/Adjectives/old/MVI_9424.npy,56,225
Adjectives,old,MVI_9425,Landmark_Data/Adjectives/old/MVI_9425.npy,50,225
Adjectives,old,MVI_9426,Landmark_Data/Adjectives/old/MVI_9426.npy,49,225
Adjectives,old,MVI_9504,Landmark_Data/Adjectives/old/MVI_9504.npy,59,225
Adjectives,old,MVI_9505,Landmark_Data/Adjectives/old/MVI_9505.npy,63,225
Adjectives,old,MVI_9506,Landmark_Data/Adjectives/old/MVI_9506.npy,62,225
Adjectives,poor,MVI_9600,Landmark_Data/Adjectives/poor/MVI_9600.npy,60,225
Adjectives,poor,MVI_9601,Landmark_Data/Adjectives/poor/MVI_9601.npy,70,225
Adjectives,poor,MVI_9603,Landmark_Data/Adjectives/poor/MVI_9603.npy,65,225
Adjectives,poor,MVI_9604,Landmark_Data/Adjectives/poor/MVI_9604.npy,65,225
Adjectives,poor,MVI_9737,Landmark_Data/Adjectives/poor/MVI_9737.npy,62,225
Adjectives,poor,MVI_9738,Landmark_Data/Adjectives/poor/MVI_9738.npy,61,225
Adjectives,poor,MVI_9739,Landmark_Data/Adjectives/poor/MVI_9739.npy,65,225
Adjectives,poor,MVI_9740,Landmark_Data/Adjectives/poor/MVI_9740.npy,72,225
Adjectives,quiet,MVI_5180,Landmark_Data/Adjectives/quiet/MVI_5180.npy,68,225
Adjectives,quiet,MVI_5181,Landmark_Data/Adjectives/quiet/MVI_5181.npy,74,225
Adjectives,quiet,MVI_5182,Landmark_Data/Adjectives/quiet/MVI_5182.npy,76,225
Adjectives,quiet,MVI_5260,Landmark_Data/Adjectives/quiet/MVI_5260.npy,69,225
Adjectives,quiet,MVI_5261,Landmark_Data/Adjectives/quiet/MVI_5261.npy,63,225
Adjectives,quiet,MVI_5262,Landmark_Data/Adjectives/quiet/MVI_5262.npy,66,225
Adjectives,quiet,MVI_5338,Landmark_Data/Adjectives/quiet/MVI_5338.npy,45,225
Adjectives,quiet,MVI_5339,Landmark_Data/Adjectives/quiet/MVI_5339.npy,52,225
Adjectives,quiet,MVI_5340,Landmark_Data/Adjectives/quiet/MVI_5340.npy,53,225
Adjectives,quiet,MVI_9292,Landmark_Data/Adjectives/quiet/MVI_9292.npy,53,225
Adjectives,quiet,MVI_9293,Landmark_Data/Adjectives/quiet/MVI_9293.npy,53,225
Adjectives,quiet,MVI_9294,Landmark_Data/Adjectives/quiet/MVI_9294.npy,56,225
Adjectives,quiet,MVI_9371,Landmark_Data/Adjectives/quiet/MVI_9371.npy,48,225
Adjectives,quiet,MVI_9372,Landmark_Data/Adjectives/quiet/MVI_9372.npy,47,225
Adjectives,quiet,MVI_9373,Landmark_Data/Adjectives/quiet/MVI_9373.npy,47,225
Adjectives,quiet,MVI_9451,Landmark_Data/Adjectives/quiet/MVI_9451.npy,57,225
Adjectives,quiet,MVI_9452,Landmark_Data/Adjectives/quiet/MVI_9452.npy,66,225
Adjectives,quiet,MVI_9453,Landmark_Data/Adjectives/quiet/MVI_9453.npy,60,225
Adjectives,quiet,MVI_9537,Landmark_Data/Adjectives/quiet/MVI_9537.npy,69,225
Adjectives,quiet,MVI_9538,Landmark_Data/Adjectives/quiet/MVI_9538.npy,66,225
Adjectives,quiet,MVI_9539,Landmark_Data/Adjectives/quiet/MVI_9539.npy,65,225
Adjectives,rich,MVI_9596,Landmark_Data/Adjectives/rich/MVI_9596.npy,47,225
Adjectives,rich,MVI_9597,Landmark_Data/Adjectives/rich/MVI_9597.npy,67,225
Adjectives,rich,MVI_9598,Landmark_Data/Adjectives/rich/MVI_9598.npy,58,225
Adjectives,rich,MVI_9599,Landmark_Data/Adjectives/rich/MVI_9599.npy,61,225
Adjectives,rich,MVI_9733,Landmark_Data/Adjectives/rich/MVI_9733.npy,65,225
Adjectives,rich,MVI_9734,Landmark_Data/Adjectives/rich/MVI_9734.npy,64,225
Adjectives,rich,MVI_9735,Landmark_Data/Adjectives/rich/MVI_9735.npy,59,225
Adjectives,rich,MVI_9736,Landmark_Data/Adjectives/rich/MVI_9736.npy,62,225
Adjectives,sad,MVI_9565,Landmark_Data/Adjectives/sad/MVI_9565.npy,63,225
Adjectives,sad,MVI_9566,Landmark_Data/Adjectives/sad/MVI_9566.npy,74,225
Adjectives,sad,MVI_9567,Landmark_Data/Adjectives/sad/MVI_9567.npy,59,225
Adjectives,sad,MVI_9568,Landmark_Data/Adjectives/sad/MVI_9568.npy,69,225
Adjectives,sad,MVI_9719,Landmark_Data/Adjectives/sad/MVI_9719.npy,66,225
Adjectives,sad,MVI_9720,Landmark_Data/Adjectives/sad/MVI_9720.npy,62,225
Adjectives,sad,MVI_9721,Landmark_Data/Adjectives/sad/MVI_9721.npy,68,225
Adjectives,sad,MVI_9722,Landmark_Data/Adjectives/sad/MVI_9722.npy,62,225
Adjectives,shallow,MVI_9674,Landmark_Data/Adjectives/shallow/MVI_9674.npy,93,225
Adjectives,shallow,MVI_9675,Landmark_Data/Adjectives/shallow/MVI_9675.npy,102,225
Adjectives,shallow,MVI_9676,Landmark_Data/Adjectives/shallow/MVI_9676.npy,108,225
Adjectives,shallow,MVI_9677,Landmark_Data/Adjectives/shallow/MVI_9677.npy,94,225
Adjectives,shallow,MVI_9801,Landmark_Data/Adjectives/shallow/MVI_9801.npy,96,225
Adjectives,shallow,MVI_9802,Landmark_Data/Adjectives/shallow/MVI_9802.npy,100,225
Adjectives,shallow,MVI_9803,Landmark_Data/Adjectives/shallow/MVI_9803.npy,100,225
Adjectives,shallow,MVI_9804,Landmark_Data/Adjectives/shallow/MVI_9804.npy,99,225
Adjectives,short,MVI_5110,Landmark_Data/Adjectives/short/MVI_5110.npy,62,225
Adjectives,short,MVI_5111,Landmark_Data/Adjectives/short/MVI_5111.npy,68,225
Adjectives,short,MVI_5112,Landmark_Data/Adjectives/short/MVI_5112.npy,61,225
Adjectives,short,MVI_5189,Landmark_Data/Adjectives/short/MVI_5189.npy,57,225
Adjectives,short,MVI_5190,Landmark_Data/Adjectives/short/MVI_5190.npy,56,225
Adjectives,short,MVI_5191,Landmark_Data/Adjectives/short/MVI_5191.npy,64,225
Adjectives,short,MVI_5269,Landmark_Data/Adjectives/short/MVI_5269.npy,51,225
Adjectives,short,MVI_5270,Landmark_Data/Adjectives/short/MVI_5270.npy,51,225
Adjectives,short,MVI_5271,Landmark_Data/Adjectives/short/MVI_5271.npy,52,225
Adjectives,short,MVI_9220,Landmark_Data/Adjectives/short/MVI_9220.npy,49,225
Adjectives,short,MVI_9221,Landmark_Data/Adjectives/short/MVI_9221.npy,44,225
Adjectives,short,MVI_9222,Landmark_Data/Adjectives/short/MVI_9222.npy,49,225
Adjectives,short,MVI_9301,Landmark_Data/Adjectives/short/MVI_9301.npy,49,225
Adjectives,short,MVI_9302,Landmark_Data/Adjectives/short/MVI_9302.npy,44,225
Adjectives,short,MVI_9303,Landmark_Data/Adjectives/short/MVI_9303.npy,49,225
Adjectives,short,MVI_9380,Landmark_Data/Adjectives/short/MVI_9380.npy,53,225
Adjectives,short,MVI_9381,Landmark_Data/Adjectives/short/MVI_9381.npy,47,225
Adjectives,short,MVI_9382,Landmark_Data/Adjectives/short/MVI_9382.npy,45,225
Adjectives,short,MVI_9461,Landmark_Data/Adjectives/short/MVI_9461.npy,57,225
Adjectives,short,MVI_9462,Landmark_Data/Adjectives/short/MVI_9462.npy,54,225
Adjectives,short,MVI_9463,Landmark_Data/Adjectives/short/MVI_9463.npy,56,225
Adjectives,sick,MVI_5170,Landmark_Data/Adjectives/sick/MVI_5170.npy,70,225
Adjectives,sick,MVI_5171,Landmark_Data/Adjectives/sick/MVI_5171.npy,85,225
Adjectives,sick,MVI_5172,Landmark_Data/Adjectives/sick/MVI_5172.npy,78,225
Adjectives,sick,MVI_5251,Landmark_Data/Adjectives/sick/MVI_5251.npy,66,225
Adjectives,sick,MVI_5252,Landmark_Data/Adjectives/sick/MVI_5252.npy,62,225
Adjectives,sick,MVI_5253,Landmark_Data/Adjectives/sick/MVI_5253.npy,60,225
Adjectives,sick,MVI_5329,Landmark_Data/Adjectives/sick/MVI_5329.npy,47,225
Adjectives,sick,MVI_5330,Landmark_Data/Adjectives/sick/MVI_5330.npy,51,225
Adjectives,sick,MVI_5331,Landmark_Data/Adjectives/sick/MVI_5331.npy,55,225
Adjectives,sick,MVI_9280,Landmark_Data/Adjectives/sick/MVI_9280.npy,56,225
Adjectives,sick,MVI_9281,Landmark_Data/Adjectives/sick/MVI_9281.npy,54,225
Adjectives,sick,MVI_9282,Landmark_Data/Adjectives/sick/MVI_9282.npy,65,225
Adjectives,sick,MVI_9362,Landmark_Data/Adjectives/sick/MVI_9362.npy,47,225
Adjectives,sick,MVI_9363,Landmark_Data/Adjectives/sick/MVI_9363.npy,44,225
Adjectives,sick,MVI_9364,Landmark_Data/Adjectives/sick/MVI_9364.npy,45,225
Adjectives,sick,MVI_9442,Landmark_Data/Adjectives/sick/MVI_9442.npy,58,225
Adjectives,sick,MVI_9443,Landmark_Data/Adjectives/sick/MVI_9443.npy,60,225
Adjectives,sick,MVI_9444,Landmark_Data/Adjectives/sick/MVI_9444.npy,56,225
Adjectives,sick,MVI_9527,Landmark_Data/Adjectives/sick/MVI_9527.npy,64,225
Adjectives,sick,MVI_9528,Landmark_Data/Adjectives/sick/MVI_9528.npy,69,225
Adjectives,sick,MVI_9529,Landmark_Data/Adjectives/sick/MVI_9529.npy,64,225
Adjectives,slow,MVI_5130,Landmark_Data/Adjectives/slow/MVI_5130.npy,67,225
Adjectives,slow,MVI_5131,Landmark_Data/Adjectives/slow/MVI_5131.npy,89,225
Adjectives,slow,MVI_5132,Landmark_Data/Adjectives/slow/MVI_5132.npy,77,225
Adjectives,slow,MVI_5210,Landmark_Data/Adjectives/slow/MVI_5210.npy,69,225
Adjectives,slow,MVI_5211,Landmark_Data/Adjectives/slow/MVI_5211.npy,75,225
Adjectives,slow,MVI_5212,Landmark_Data/Adjectives/slow/MVI_5212.npy,65,225
Adjectives,slow,MVI_5289,Landmark_Data/Adjectives/slow/MVI_5289.npy,63,225
Adjectives,slow,MVI_5290,Landmark_Data/Adjectives/slow/MVI_5290.npy,52,225
Adjectives,slow,MVI_5291,Landmark_Data/Adjectives/slow/MVI_5291.npy,58,225
Adjectives,slow,MVI_9240,Landmark_Data/Adjectives/slow/MVI_9240.npy,57,225
Adjectives,slow,MVI_9242,Landmark_Data/Adjectives/slow/MVI_9242.npy,39,225
Adjectives,slow,MVI_9243,Landmark_Data/Adjectives/slow/MVI_9243.npy,46,225
Adjectives,slow,MVI_9322,Landmark_Data/Adjectives/slow/MVI_9322.npy,50,225
Adjectives,slow,MVI_9323,Landmark_Data/Adjectives/slow/MVI_9323.npy,57,225
Adjectives,slow,MVI_9324,Landmark_Data/Adjectives/slow/MVI_9324.npy,54,225
Adjectives,slow,MVI_9402,Landmark_Data/Adjectives/slow/MVI_9402.npy,60,225
Adjectives,slow,MVI_9403,Landmark_Data/Adjectives/slow/MVI_9403.npy,64,225
Adjectives,slow,MVI_9404,Landmark_Data/Adjectives/slow/MVI_9404.npy,62,225
Adjectives,slow,MVI_9481,Landmark_Data/Adjectives/slow/MVI_9481.npy,62,225
Adjectives,slow,MVI_9482,Landmark_Data/Adjectives/slow/MVI_9482.npy,59,225
Adjectives,slow,MVI_9483,Landmark_Data/Adjectives/slow/MVI_9483.npy,65,225
Adjectives,small,MVI_5126,Landmark_Data/Adjectives/small/MVI_5126.npy,83,225
Adjectives,small,MVI_5127,Landmark_Data/Adjectives/small/MVI_5127.npy,80,225
Adjectives,small,MVI_5128,Landmark_Data/Adjectives/small/MVI_5128.npy,62,225
Adjectives,small,MVI_5206,Landmark_Data/Adjectives/small/MVI_5206.npy,53,225
Adjectives,small,MVI_5207,Landmark_Data/Adjectives/small/MVI_5207.npy,57,225
Adjectives,small,MVI_5208,Landmark_Data/Adjectives/small/MVI_5208.npy,58,225
Adjectives,small,MVI_5209,Landmark_Data/Adjectives/small/MVI_5209.npy,68,225
Adjectives,small,MVI_5286,Landmark_Data/Adjectives/small/MVI_5286.npy,52,225
Adjectives,small,MVI_5287,Landmark_Data/Adjectives/small/MVI_5287.npy,54,225
Adjectives,small,MVI_5288,Landmark_Data/Adjectives/small/MVI_5288.npy,38,225
Adjectives,small,MVI_9236,Landmark_Data/Adjectives/small/MVI_9236.npy,44,225
Adjectives,small,MVI_9237,Landmark_Data/Adjectives/small/MVI_9237.npy,52,225
Adjectives,small,MVI_9238,Landmark_Data/Adjectives/small/MVI_9238.npy,51,225
Adjectives,small,MVI_9319,Landmark_Data/Adjectives/small/MVI_9319.npy,51,225
Adjectives,small,MVI_9320,Landmark_Data/Adjectives/small/MVI_9320.npy,52,225
Adjectives,small,MVI_9321,Landmark_Data/Adjectives/small/MVI_9321.npy,54,225
Adjectives,small,MVI_9397,Landmark_Data/Adjectives/small/MVI_9397.npy,51,225
Adjectives,small,MVI_9398,Landmark_Data/Adjectives/small/MVI_9398.npy,50,225
Adjectives,small,MVI_9400,Landmark_Data/Adjectives/small/MVI_9400.npy,53,225
Adjectives,small,MVI_9478,Landmark_Data/Adjectives/small/MVI_9478.npy,54,225
Adjectives,small,MVI_9479,Landmark_Data/Adjectives/small/MVI_9479.npy,52,225
Adjectives,small,MVI_9480,Landmark_Data/Adjectives/small/MVI_9480.npy,55,225
Adjectives,soft,MVI_9662,Landmark_Data/Adjectives/soft/MVI_9662.npy,79,225
Adjectives,soft,MVI_9663,Landmark_Data/Adjectives/soft/MVI_9663.npy,59,225
Adjectives,soft,MVI_9664,Landmark_Data/Adjectives/soft/MVI_9664.npy,68,225
Adjectives,soft,MVI_9665,Landmark_Data/Adjectives/soft/MVI_9665.npy,65,225
Adjectives,soft,MVI_9789,Landmark_Data/Adjectives/soft/MVI_9789.npy,54,225
Adjectives,soft,MVI_9790,Landmark_Data/Adjectives/soft/MVI_9790.npy,61,225
Adjectives,soft,MVI_9791,Landmark_Data/Adjectives/soft/MVI_9791.npy,61,225
Adjectives,soft,MVI_9792,Landmark_Data/Adjectives/soft/MVI_9792.npy,58,225
Adjectives,strong,MVI_9690,Landmark_Data/Adjectives/strong/MVI_9690.npy,60,225
Adjectives,strong,MVI_9691,Landmark_Data/Adjectives/strong/MVI_9691.npy,54,225
Adjectives,strong,MVI_9692,Landmark_Data/Adjectives/strong/MVI_9692.npy,60,225
Adjectives,strong,MVI_9693,Landmark_Data/Adjectives/strong/MVI_9693.npy,58,225
Adjectives,strong,MVI_9814,Landmark_Data/Adjectives/strong/MVI_9814.npy,53,225
Adjectives,strong,MVI_9815,Landmark_Data/Adjectives/strong/MVI_9815.npy,57,225
Adjectives,strong,MVI_9816,Landmark_Data/Adjectives/strong/MVI_9816.npy,55,225
Adjectives,strong,MVI_9817,Landmark_Data/Adjectives/strong/MVI_9817.npy,48,225
Adjectives,tall,MVI_5114,Landmark_Data/Adjectives/tall/MVI_5114.npy,64,225
Adjectives,tall,MVI_5115,Landmark_Data/Adjectives/tall/MVI_5115.npy,72,225
Adjectives,tall,MVI_5116,Landmark_Data/Adjectives/tall/MVI_5116.npy,64,225
Adjectives,tall,MVI_5194,Landmark_Data/Adjectives/tall/MVI_5194.npy,52,225
Adjectives,tall,MVI_5195,Landmark_Data/Adjectives/tall/MVI_5195.npy,60,225
Adjectives,tall,MVI_5196,Landmark_Data/Adjectives/tall/MVI_5196.npy,58,225
Adjectives,tall,MVI_5273,Landmark_Data/Adjectives/tall/MVI_5273.npy,59,225
Adjectives,tall,MVI_5274,Landmark_Data/Adjectives/tall/MVI_5274.npy,54,225
Adjectives,tall,MVI_5276,Landmark_Data/Adjectives/tall/MVI_5276.npy,55,225
Adjectives,tall,MVI_9223,Landmark_Data/Adjectives/tall/MVI_9223.npy,48,225
Adjectives,tall,MVI_9224,Landmark_Data/Adjectives/tall/MVI_9224.npy,59,225
Adjectives,tall,MVI_9225,Landmark_Data/Adjectives/tall/MVI_9225.npy,48,225
Adjectives,tall,MVI_9307,Landmark_Data/Adjectives/tall/MVI_9307.npy,58,225
Adjectives,tall,MVI_9308,Landmark_Data/Adjectives/tall/MVI_9308.npy,50,225
Adjectives,tall,MVI_9309,Landmark_Data/Adjectives/tall/MVI_9309.npy,58,225
Adjectives,tall,MVI_9384,Landmark_Data/Adjectives/tall/MVI_9384.npy,57,225
Adjectives,tall,MVI_9386,Landmark_Data/Adjectives/tall/MVI_9386.npy,60,225
Adjectives,tall,MVI_9387,Landmark_Data/Adjectives/tall/MVI_9387.npy,45,225
Adjectives,tall,MVI_9464,Landmark_Data/Adjectives/tall/MVI_9464.npy,58,225
Adjectives,tall,MVI_9465,Landmark_Data/Adjectives/tall/MVI_9465.npy,50,225
Adjectives,tall,MVI_9466,Landmark_Data/Adjectives/tall/MVI_9466.npy,50,225
Adjectives,thick,MVI_9605,Landmark_Data/Adjectives/thick/MVI_9605.npy,58,225
Adjectives,thick,MVI_9606,Landmark_Data/Adjectives/thick/MVI_9606.npy,68,225
Adjectives,thick,MVI_9607,Landmark_Data/Adjectives/thick/MVI_9607.npy,72,225
Adjectives,thick,MVI_9608,Landmark_Data/Adjectives/thick/MVI_9608.npy,71,225
Adjectives,thick,MVI_9742,Landmark_Data/Adjectives/thick/MVI_9742.npy,64,225
Adjectives,thick,MVI_9743,Landmark_Data/Adjectives/thick/MVI_9743.npy,82,225
Adjectives,thick,MVI_9744,Landmark_Data/Adjectives/thick/MVI_9744.npy,74,225
Adjectives,thick,MVI_9745,Landmark_Data/Adjectives/thick/MVI_9745.npy,69,225
Adjectives,thin,MVI_9609,Landmark_Data/Adjectives/thin/MVI_9609.npy,62,225
Adjectives,thin,MVI_9610,Landmark_Data/Adjectives/thin/MVI_9610.npy,65,225
Adjectives,thin,MVI_9611,Landmark_Data/Adjectives/thin/MVI_9611.npy,65,225
Adjectives,thin,MVI_9612,Landmark_Data/Adjectives/thin/MVI_9612.npy,71,225
Adjectives,tight,MVI_9646,Landmark_Data/Adjectives/tight/MVI_9646.npy,81,225
Adjectives,tight,MVI_9647,Landmark_Data/Adjectives/tight/MVI_9647.npy,63,225
Adjectives,tight,MVI_9648,Landmark_Data/Adjectives/tight/MVI_9648.npy,64,225
Adjectives,tight,MVI_9649,Landmark_Data/Adjectives/tight/MVI_9649.npy,55,225
Adjectives,tight,MVI_9771,Landmark_Data/Adjectives/tight/MVI_9771.npy,61,225
Adjectives,tight,MVI_9772,Landmark_Data/Adjectives/tight/MVI_9772.npy,61,225
Adjectives,tight,MVI_9773,Landmark_Data/Adjectives/tight/MVI_9773.npy,63,225
Adjectives,tight,MVI_9774,Landmark_Data/Adjectives/tight/MVI_9774.npy,66,225
Adjectives,warm,MVI_5141,Landmark_Data/Adjectives/warm/MVI_5141.npy,67,225
Adjectives,warm,MVI_5143,Landmark_Data/Adjectives/warm/MVI_5143.npy,69,225
Adjectives,warm,MVI_5144,Landmark_Data/Adjectives/warm/MVI_5144.npy,70,225
Adjectives,warm,MVI_5222,Landmark_Data/Adjectives/warm/MVI_5222.npy,60,225
Adjectives,warm,MVI_5223,Landmark_Data/Adjectives/warm/MVI_5223.npy,62,225
Adjectives,warm,MVI_5224,Landmark_Data/Adjectives/warm/MVI_5224.npy,67,225
Adjectives,warm,MVI_5301,Landmark_Data/Adjectives/warm/MVI_5301.npy,53,225
Adjectives,warm,MVI_5302,Landmark_Data/Adjectives/warm/MVI_5302.npy,55,225
Adjectives,warm,MVI_5303,Landmark_Data/Adjectives/warm/MVI_5303.npy,46,225
Adjectives,warm,MVI_9253,Landmark_Data/Adjectives/warm/MVI_9253.npy,48,225
Adjectives,warm,MVI_9254,Landmark_Data/Adjectives/warm/MVI_9254.npy,59,225
Adjectives,warm,MVI_9255,Landmark_Data/Adjectives/warm/MVI_9255.npy,51,225
Adjectives,warm,MVI_9334,Landmark_Data/Adjectives/warm/MVI_9334.npy,55,225
Adjectives,warm,MVI_9335,Landmark_Data/Adjectives/warm/MVI_9335.npy,57,225
Adjectives,warm,MVI_9336,Landmark_Data/Adjectives/warm/MVI_9336.npy,53,225
Adjectives,warm,MVI_9415,Landmark_Data/Adjectives/warm/MVI_9415.npy,77,225
Adjectives,warm,MVI_9416,Landmark_Data/Adjectives/warm/MVI_9416.npy,74,225
Adjectives,warm,MVI_9417,Landmark_Data/Adjectives/warm/MVI_9417.npy,66,225
Adjectives,warm,MVI_9493,Landmark_Data/Adjectives/warm/MVI_9493.npy,71,225
Adjectives,warm,MVI_9494,Landmark_Data/Adjectives/warm/MVI_9494.npy,66,225
Adjectives,warm,MVI_9495,Landmark_Data/Adjectives/warm/MVI_9495.npy,70,225
Adjectives,weak,MVI_9694,Landmark_Data/Adjectives/weak/MVI_9694.npy,55,225
Adjectives,weak,MVI_9695,Landmark_Data/Adjectives/weak/MVI_9695.npy,62,225
Adjectives,weak,MVI_9696,Landmark_Data/Adjectives/weak/MVI_9696.npy,60,225
Adjectives,weak,MVI_9697,Landmark_Data/Adjectives/weak/MVI_9697.npy,61,225
Adjectives,weak,MVI_9818,Landmark_Data/Adjectives/weak/MVI_9818.npy,54,225
Adjectives,weak,MVI_9819,Landmark_Data/Adjectives/weak/MVI_9819.npy,63,225
Adjectives,weak,MVI_9820,Landmark_Data/Adjectives/weak/MVI_9820.npy,67,225
Adjectives,weak,MVI_9821,Landmark_Data/Adjectives/weak/MVI_9821.npy,58,225
Adjectives,wet,MVI_5164,Landmark_Data/Adjectives/wet/MVI_5164.npy,83,225
Adjectives,wet,MVI_5165,Landmark_Data/Adjectives/wet/MVI_5165.npy,67,225
Adjectives,wet,MVI_5166,Landmark_Data/Adjectives/wet/MVI_5166.npy,76,225
Adjectives,wet,MVI_5244,Landmark_Data/Adjectives/wet/MVI_5244.npy,64,225
Adjectives,wet,MVI_5245,Landmark_Data/Adjectives/wet/MVI_5245.npy,71,225
Adjectives,wet,MVI_5246,Landmark_Data/Adjectives/wet/MVI_5246.npy,73,225
Adjectives,wet,MVI_5322,Landmark_Data/Adjectives/wet/MVI_5322.npy,54,225
Adjectives,wet,MVI_5323,Landmark_Data/Adjectives/wet/MVI_5323.npy,55,225
Adjectives,wet,MVI_5324,Landmark_Data/Adjectives/wet/MVI_5324.npy,54,225
Adjectives,wet,MVI_9274,Landmark_Data/Adjectives/wet/MVI_9274.npy,59,225
Adjectives,wet,MVI_9275,Landmark_Data/Adjectives/wet/MVI_9275.npy,63,225
Adjectives,wet,MVI_9276,Landmark_Data/Adjectives/wet/MVI_9276.npy,65,225
Adjectives,wet,MVI_9355,Landmark_Data/Adjectives/wet/MVI_9355.npy,60,225
Adjectives,wet,MVI_9356,Landmark_Data/Adjectives/wet/MVI_9356.npy,57,225
Adjectives,wet,MVI_9357,Landmark_Data/Adjectives/wet/MVI_9357.npy,59,225
Adjectives,wet,MVI_9436,Landmark_Data/Adjectives/wet/MVI_9436.npy,65,225
Adjectives,wet,MVI_9437,Landmark_Data/Adjectives/wet/MVI_9437.npy,63,225
Adjectives,wet,MVI_9438,Landmark_Data/Adjectives/wet/MVI_9438.npy,60,225
Adjectives,wet,MVI_9517,Landmark_Data/Adjectives/wet/MVI_9517.npy,68,225
Adjectives,wet,MVI_9518,Landmark_Data/Adjectives/wet/MVI_9518.npy,62,225
Adjectives,wet,MVI_9520,Landmark_Data/Adjectives/wet/MVI_9520.npy,66,225
Adjectives,wide,MVI_5117,Landmark_Data/Adjectives/wide/MVI_5117.npy,61,225
Adjectives,wide,MVI_5118,Landmark_Data/Adjectives/wide/MVI_5118.npy,48,225
Adjectives,wide,MVI_5119,Landmark_Data/Adjectives/wide/MVI_5119.npy,68,225
Adjectives,wide,MVI_5197,Landmark_Data/Adjectives/wide/MVI_5197.npy,70,225
Adjectives,wide,MVI_5198,Landmark_Data/Adjectives/wide/MVI_5198.npy,70,225
Adjectives,wide,MVI_5199,Landmark_Data/Adjectives/wide/MVI_5199.npy,71,225
Adjectives,wide,MVI_5277,Landmark_Data/Adjectives/wide/MVI_5277.npy,57,225
Adjectives,wide,MVI_5278,Landmark_Data/Adjectives/wide/MVI_5278.npy,67,225
Adjectives,wide,MVI_5279,Landmark_Data/Adjectives/wide/MVI_5279.npy,60,225
Adjectives,wide,MVI_9227,Landmark_Data/Adjectives/wide/MVI_9227.npy,39,225
Adjectives,wide,MVI_9228,Landmark_Data/Adjectives/wide/MVI_9228.npy,49,225
Adjectives,wide,MVI_9229,Landmark_Data/Adjectives/wide/MVI_9229.npy,46,225
Adjectives,wide,MVI_9310,Landmark_Data/Adjectives/wide/MVI_9310.npy,51,225
Adjectives,wide,MVI_9311,Landmark_Data/Adjectives/wide/MVI_9311.npy,55,225
Adjectives,wide,MVI_9312,Landmark_Data/Adjectives/wide/MVI_9312.npy,53,225
Adjectives,wide,MVI_9388,Landmark_Data/Adjectives/wide/MVI_9388.npy,51,225
Adjectives,wide,MVI_9389,Landmark_Data/Adjectives/wide/MVI_9389.npy,60,225
Adjectives,wide,MVI_9390,Landmark_Data/Adjectives/wide/MVI_9390.npy,59,225
Adjectives,wide,MVI_9467,Landmark_Data/Adjectives/wide/MVI_9467.npy,61,225
Adjectives,wide,MVI_9468,Landmark_Data/Adjectives/wide/MVI_9468.npy,53,225
Adjectives,wide,MVI_9469,Landmark_Data/Adjectives/wide/MVI_9469.npy,55,225
Adjectives,young,MVI_5155,Landmark_Data/Adjectives/young/MVI_5155.npy,66,225
Adjectives,young,MVI_5156,Landmark_Data/Adjectives/young/MVI_5156.npy,67,225
Adjectives,young,MVI_5157,Landmark_Data/Adjectives/young/MVI_5157.npy,76,225
Adjectives,young,MVI_5235,Landmark_Data/Adjectives/young/MVI_5235.npy,60,225
Adjectives,young,MVI_5236,Landmark_Data/Adjectives/young/MVI_5236.npy,76,225
Adjectives,young,MVI_5237,Landmark_Data/Adjectives/young/MVI_5237.npy,67,225
Adjectives,young,MVI_5313,Landmark_Data/Adjectives/young/MVI_5313.npy,45,225
Adjectives,young,MVI_5314,Landmark_Data/Adjectives/young/MVI_5314.npy,52,225
Adjectives,young,MVI_5315,Landmark_Data/Adjectives/young/MVI_5315.npy,47,225
Adjectives,young,MVI_9265,Landmark_Data/Adjectives/young/MVI_9265.npy,42,225
Adjectives,young,MVI_9266,Landmark_Data/Adjectives/young/MVI_9266.npy,51,225
Adjectives,young,MVI_9267,Landmark_Data/Adjectives/young/MVI_9267.npy,55,225
Adjectives,young,MVI_9346,Landmark_Data/Adjectives/young/MVI_9346.npy,44,225
Adjectives,young,MVI_9347,Landmark_Data/Adjectives/young/MVI_9347.npy,47,225
Adjectives,young,MVI_9348,Landmark_Data/Adjectives/young/MVI_9348.npy,46,225
Adjectives,young,MVI_9427,Landmark_Data/Adjectives/young/MVI_9427.npy,45,225
Adjectives,young,MVI_9428,Landmark_Data/Adjectives/young/MVI_9428.npy,48,225
Adjectives,young,MVI_9429,Landmark_Data/Adjectives/young/MVI_9429.npy,43,225
Adjectives,young,MVI_9507,Landmark_Data/Adjectives/young/MVI_9507.npy,58,225
Adjectives,young,MVI_9508,Landmark_Data/Adjectives/young/MVI_9508.npy,55,225
Adjectives,young,MVI_9509,Landmark_Data/Adjectives/young/MVI_9509.npy,51,225
Pronouns,I,MVI_0001,Landmark_Data/Pronouns/I/MVI_0001.npy,66,225
Pronouns,I,MVI_0002,Landmark_Data/Pronouns/I/MVI_0002.npy,89,225
Pronouns,I,MVI_0003,Landmark_Data/Pronouns/I/MVI_0003.npy,52,225
Pronouns,I,MVI_0012,Landmark_Data/Pronouns/I/MVI_0012.npy,45,225
Pronouns,I,MVI_0013,Landmark_Data/Pronouns/I/MVI_0013.npy,43,225
Pronouns,I,MVI_0014,Landmark_Data/Pronouns/I/MVI_0014.npy,45,225
Pronouns,I,MVI_0064,Landmark_Data/Pronouns/I/MVI_0064.npy,65,225
Pronouns,I,MVI_0065,Landmark_Data/Pronouns/I/MVI_0065.npy,71,225
Pronouns,I,MVI_0066,Landmark_Data/Pronouns/I/MVI_0066.npy,65,225
Pronouns,I,MVI_9878,Landmark_Data/Pronouns/I/MVI_9878.npy,48,225
Pronouns,I,MVI_9879,Landmark_Data/Pronouns/I/MVI_9879.npy,53,225
Pronouns,I,MVI_9880,Landmark_Data/Pronouns/I/MVI_9880.npy,54,225
Pronouns,I,MVI_9881,Landmark_Data/Pronouns/I/MVI_9881.npy,50,225
Pronouns,I,MVI_9918,Landmark_Data/Pronouns/I/MVI_9918.npy,83,225
Pronouns,I,MVI_9919,Landmark_Data/Pronouns/I/MVI_9919.npy,81,225
Pronouns,I,MVI_9920,Landmark_Data/Pronouns/I/MVI_9920.npy,80,225
Pronouns,I,MVI_9922,Landmark_Data/Pronouns/I/MVI_9922.npy,68,225
Pronouns,I,MVI_9957,Landmark_Data/Pronouns/I/MVI_9957.npy,46,225
Pronouns,I,MVI_9958,Landmark_Data/Pronouns/I/MVI_9958.npy,47,225
Pronouns,I,MVI_9959,Landmark_Data/Pronouns/I/MVI_9959.npy,50,225
Pronouns,I,MVI_9995,Landmark_Data/Pronouns/I/MVI_9995.npy,74,225
Pronouns,he,MVI_0005,Landmark_Data/Pronouns/he/MVI_0005.npy,75,225
Pronouns,he,MVI_0006,Landmark_Data/Pronouns/he/MVI_0006.npy,79,225
Pronouns,he,MVI_0007,Landmark_Data/Pronouns/he/MVI_0007.npy,75,225
Pronouns,he,MVI_0008,Landmark_Data/Pronouns/he/MVI_0008.npy,70,225
Pronouns,he,MVI_0018,Landmark_Data/Pronouns/he/MVI_0018.npy,42,225
Pronouns,he,MVI_0019,Landmark_Data/Pronouns/he/MVI_0019.npy,57,225
Pronouns,he,MVI_0020,Landmark_Data/Pronouns/he/MVI_0020.npy,53,225
Pronouns,he,MVI_0070,Landmark_Data/Pronouns/he/MVI_0070.npy,72,225
Pronouns,he,MVI_0071,Landmark_Data/Pronouns/he/MVI_0071.npy,78,225
Pronouns,he,MVI_0072,Landmark_Data/Pronouns/he/MVI_0072.npy,78,225
Pronouns,he,MVI_9889,Landmark_Data/Pronouns/he/MVI_9889.npy,49,225
Pronouns,he,MVI_9890,Landmark_Data/Pronouns/he/MVI_9890.npy,54,225
Pronouns,he,MVI_9891,Landmark_Data/Pronouns/he/MVI_9891.npy,51,225
Pronouns,he,MVI_9892,Landmark_Data/Pronouns/he/MVI_9892.npy,50,225
Pronouns,he,MVI_9927,Landmark_Data/Pronouns/he/MVI_9927.npy,95,225
Pronouns,he,MVI_9928,Landmark_Data/Pronouns/he/MVI_9928.npy,92,225
Pronouns,he,MVI_9930,Landmark_Data/Pronouns/he/MVI_9930.npy,76,225
Pronouns,he,MVI_9931,Landmark_Data/Pronouns/he/MVI_9931.npy,86,225
Pronouns,he,MVI_9963,Landmark_Data/Pronouns/he/MVI_9963.npy,51,225
Pronouns,he,MVI_9964,Landmark_Data/Pronouns/he/MVI_9964.npy,61,225
Pronouns,he,MVI_9965,Landmark_Data/Pronouns/he/MVI_9965.npy,56,225
Pronouns,it,MVI_0013,Landmark_Data/Pronouns/it/MVI_0013.npy,66,225
Pronouns,it,MVI_0014,Landmark_Data/Pronouns/it/MVI_0014.npy,78,225
Pronouns,it,MVI_0015,Landmark_Data/Pronouns/it/MVI_0015.npy,73,225
Pronouns,it,MVI_0016,Landmark_Data/Pronouns/it/MVI_0016.npy,70,225
Pronouns,it,MVI_0024,Landmark_Data/Pronouns/it/MVI_0024.npy,43,225
Pronouns,it,MVI_0025,Landmark_Data/Pronouns/it/MVI_0025.npy,40,225
Pronouns,it,MVI_0026,Landmark_Data/Pronouns/it/MVI_0026.npy,43,225
Pronouns,it,MVI_0076,Landmark_Data/Pronouns/it/MVI_0076.npy,61,225
Pronouns,it,MVI_0077,Landmark_Data/Pronouns/it/MVI_0077.npy,68,225
Pronouns,it,MVI_0078,Landmark_Data/Pronouns/it/MVI_0078.npy,58,225
Pronouns,it,MVI_9897,Landmark_Data/Pronouns/it/MVI_9897.npy,44,225
Pronouns,it,MVI_9898,Landmark_Data/Pronouns/it/MVI_9898.npy,46,225
Pronouns,it,MVI_9899,Landmark_Data/Pronouns/it/MVI_9899.npy,44,225
Pronouns,it,MVI_9900,Landmark_Data/Pronouns/it/MVI_9900.npy,50,225
Pronouns,it,MVI_9936,Landmark_Data/Pronouns/it/MVI_9936.npy,74,225
Pronouns,it,MVI_9937,Landmark_Data/Pronouns/it/MVI_9937.npy,87,225
Pronouns,it,MVI_9938,Landmark_Data/Pronouns/it/MVI_9938.npy,68,225
Pronouns,it,MVI_9939,Landmark_Data/Pronouns/it/MVI_9939.npy,74,225
Pronouns,it,MVI_9969,Landmark_Data/Pronouns/it/MVI_9969.npy,44,225
Pronouns,it,MVI_9970,Landmark_Data/Pronouns/it/MVI_9970.npy,48,225
Pronouns,it,MVI_9971,Landmark_Data/Pronouns/it/MVI_9971.npy,47,225
Pronouns,she,MVI_0009,Landmark_Data/Pronouns/she/MVI_0009.npy,74,225
Pronouns,she,MVI_0010,Landmark_Data/Pronouns/she/MVI_0010.npy,80,225
Pronouns,she,MVI_0011,Landmark_Data/Pronouns/she/MVI_0011.npy,77,225
Pronouns,she,MVI_0012,Landmark_Data/Pronouns/she/MVI_0012.npy,81,225
Pronouns,she,MVI_0021,Landmark_Data/Pronouns/she/MVI_0021.npy,41,225
Pronouns,she,MVI_0022,Landmark_Data/Pronouns/she/MVI_0022.npy,50,225
Pronouns,she,MVI_0023,Landmark_Data/Pronouns/she/MVI_0023.npy,51,225
Pronouns,she,MVI_0073,Landmark_Data/Pronouns/she/MVI_0073.npy,74,225
Pronouns,she,MVI_0074,Landmark_Data/Pronouns/she/MVI_0074.npy,72,225
Pronouns,she,MVI_0075,Landmark_Data/Pronouns/she/MVI_0075.npy,68,225
Pronouns,she,MVI_9893,Landmark_Data/Pronouns/she/MVI_9893.npy,48,225
Pronouns,she,MVI_9894,Landmark_Data/Pronouns/she/MVI_9894.npy,49,225
Pronouns,she,MVI_9895,Landmark_Data/Pronouns/she/MVI_9895.npy,54,225
Pronouns,she,MVI_9896,Landmark_Data/Pronouns/she/MVI_9896.npy,51,225
Pronouns,she,MVI_9932,Landmark_Data/Pronouns/she/MVI_9932.npy,109,225
Pronouns,she,MVI_9933,Landmark_Data/Pronouns/she/MVI_9933.npy,94,225
Pronouns,she,MVI_9934,Landmark_Data/Pronouns/she/MVI_9934.npy,88,225
Pronouns,she,MVI_9935,Landmark_Data/Pronouns/she/MVI_9935.npy,97,225
Pronouns,she,MVI_9966,Landmark_Data/Pronouns/she/MVI_9966.npy,48,225
Pronouns,she,MVI_9967,Landmark_Data/Pronouns/she/MVI_9967.npy,51,225
Pronouns,she,MVI_9968,Landmark_Data/Pronouns/she/MVI_9968.npy,54,225
Pronouns,they,MVI_0025,Landmark_Data/Pronouns/they/MVI_0025.npy,76,225
Pronouns,they,MVI_0026,Landmark_Data/Pronouns/they/MVI_0026.npy,78,225
Pronouns,they,MVI_0027,Landmark_Data/Pronouns/they/MVI_0027.npy,72,225
Pronouns,they,MVI_0028,Landmark_Data/Pronouns/they/MVI_0028.npy,82,225
Pronouns,they,MVI_0033,Landmark_Data/Pronouns/they/MVI_0033.npy,52,225
Pronouns,they,MVI_0034,Landmark_Data/Pronouns/they/MVI_0034.npy,54,225
Pronouns,they,MVI_0035,Landmark_Data/Pronouns/they/MVI_0035.npy,51,225
Pronouns,they,MVI_0085,Landmark_Data/Pronouns/they/MVI_0085.npy,68,225
Pronouns,they,MVI_0087,Landmark_Data/Pronouns/they/MVI_0087.npy,66,225
Pronouns,they,MVI_0088,Landmark_Data/Pronouns/they/MVI_0088.npy,71,225
Pronouns,they,MVI_9910,Landmark_Data/Pronouns/they/MVI_9910.npy,59,225
Pronouns,they,MVI_9911,Landmark_Data/Pronouns/they/MVI_9911.npy,70,225
Pronouns,they,MVI_9912,Landmark_Data/Pronouns/they/MVI_9912.npy,62,225
Pronouns,they,MVI_9913,Landmark_Data/Pronouns/they/MVI_9913.npy,61,225
Pronouns,they,MVI_9950,Landmark_Data/Pronouns/they/MVI_9950.npy,87,225
Pronouns,they,MVI_9951,Landmark_Data/Pronouns/they/MVI_9951.npy,99,225
Pronouns,they,MVI_9952,Landmark_Data/Pronouns/they/MVI_9952.npy,101,225
Pronouns,they,MVI_9953,Landmark_Data/Pronouns/they/MVI_9953.npy,96,225
Pronouns,they,MVI_9979,Landmark_Data/Pronouns/they/MVI_9979.npy,63,225
Pronouns,they,MVI_9980,Landmark_Data/Pronouns/they/MVI_9980.npy,54,225
Pronouns,they,MVI_9981,Landmark_Data/Pronouns/they/MVI_9981.npy,55,225
Pronouns,we,MVI_0017,Landmark_Data/Pronouns/we/MVI_0017.npy,83,225
Pronouns,we,MVI_0018,Landmark_Data/Pronouns/we/MVI_0018.npy,81,225
Pronouns,we,MVI_0019,Landmark_Data/Pronouns/we/MVI_0019.npy,83,225
Pronouns,we,MVI_0020,Landmark_Data/Pronouns/we/MVI_0020.npy,79,225
Pronouns,we,MVI_0027,Landmark_Data/Pronouns/we/MVI_0027.npy,51,225
Pronouns,we,MVI_0028,Landmark_Data/Pronouns/we/MVI_0028.npy,57,225
Pronouns,we,MVI_0029,Landmark_Data/Pronouns/we/MVI_0029.npy,62,225
Pronouns,we,MVI_0079,Landmark_Data/Pronouns/we/MVI_0079.npy,72,225
Pronouns,we,MVI_0080,Landmark_Data/Pronouns/we/MVI_0080.npy,73,225
Pronouns,we,MVI_0081,Landmark_Data/Pronouns/we/MVI_0081.npy,92,225
Pronouns,we,MVI_9901,Landmark_Data/Pronouns/we/MVI_9901.npy,47,225
Pronouns,we,MVI_9902,Landmark_Data/Pronouns/we/MVI_9902.npy,54,225
Pronouns,we,MVI_9903,Landmark_Data/Pronouns/we/MVI_9903.npy,54,225
Pronouns,we,MVI_9904,Landmark_Data/Pronouns/we/MVI_9904.npy,57,225
Pronouns,we,MVI_9940,Landmark_Data/Pronouns/we/MVI_9940.npy,77,225
Pronouns,we,MVI_9941,Landmark_Data/Pronouns/we/MVI_9941.npy,83,225
Pronouns,we,MVI_9942,Landmark_Data/Pronouns/we/MVI_9942.npy,78,225
Pronouns,we,MVI_9943,Landmark_Data/Pronouns/we/MVI_9943.npy,89,225
Pronouns,we,MVI_9972,Landmark_Data/Pronouns/we/MVI_9972.npy,53,225
Pronouns,we,MVI_9973,Landmark_Data/Pronouns/we/MVI_9973.npy,46,225
Pronouns,we,MVI_9974,Landmark_Data/Pronouns/we/MVI_9974.npy,48,225
Pronouns,you (plural),MVI_0021,Landmark_Data/Pronouns/you (plural)/MVI_0021.npy,75,225
Pronouns,you (plural),MVI_0022,Landmark_Data/Pronouns/you (plural)/MVI_0022.npy,84,225
Pronouns,you (plural),MVI_0023,Landmark_Data/Pronouns/you (plural)/MVI_0023.npy,92,225
Pronouns,you (plural),MVI_0024,Landmark_Data/Pronouns/you (plural)/MVI_0024.npy,74,225
Pronouns,you (plural),MVI_0030,Landmark_Data/Pronouns/you (plural)/MVI_0030.npy,61,225
Pronouns,you (plural),MVI_0031,Landmark_Data/Pronouns/you (plural)/MVI_0031.npy,61,225
Pronouns,you (plural),MVI_0032,Landmark_Data/Pronouns/you (plural)/MVI_0032.npy,56,225
Pronouns,you (plural),MVI_0082,Landmark_Data/Pronouns/you (plural)/MVI_0082.npy,70,225
Pronouns,you (plural),MVI_0083,Landmark_Data/Pronouns/you (plural)/MVI_0083.npy,78,225
Pronouns,you (plural),MVI_0084,Landmark_Data/Pronouns/you (plural)/MVI_0084.npy,72,225
Pronouns,you (plural),MVI_9905,Landmark_Data/Pronouns/you (plural)/MVI_9905.npy,58,225
Pronouns,you (plural),MVI_9907,Landmark_Data/Pronouns/you (plural)/MVI_9907.npy,53,225
Pronouns,you (plural),MVI_9908,Landmark_Data/Pronouns/you (plural)/MVI_9908.npy,51,225
Pronouns,you (plural),MVI_9909,Landmark_Data/Pronouns/you (plural)/MVI_9909.npy,57,225
Pronouns,you (plural),MVI_9945,Landmark_Data/Pronouns/you (plural)/MVI_9945.npy,72,225
Pronouns,you (plural),MVI_9946,Landmark_Data/Pronouns/you (plural)/MVI_9946.npy,87,225
Pronouns,you (plural),MVI_9947,Landmark_Data/Pronouns/you (plural)/MVI_9947.npy,64,225
Pronouns,you (plural),MVI_9948,Landmark_Data/Pronouns/you (plural)/MVI_9948.npy,93,225
Pronouns,you (plural),MVI_9975,Landmark_Data/Pronouns/you (plural)/MVI_9975.npy,73,225
Pronouns,you (plural),MVI_9976,Landmark_Data/Pronouns/you (plural)/MVI_9976.npy,74,225
Pronouns,you (plural),MVI_9977,Landmark_Data/Pronouns/you (plural)/MVI_9977.npy,80,225
Pronouns,you,MVI_0015,Landmark_Data/Pronouns/you/MVI_0015.npy,46,225
Pronouns,you,MVI_0016,Landmark_Data/Pronouns/you/MVI_0016.npy,56,225
Pronouns,you,MVI_0017,Landmark_Data/Pronouns/you/MVI_0017.npy,48,225
Pronouns,you,MVI_0067,Landmark_Data/Pronouns/you/MVI_0067.npy,63,225
Pronouns,you,MVI_0068,Landmark_Data/Pronouns/you/MVI_0068.npy,63,225
Pronouns,you,MVI_0069,Landmark_Data/Pronouns/you/MVI_0069.npy,64,225
Pronouns,you,MVI_9885,Landmark_Data/Pronouns/you/MVI_9885.npy,42,225
Pronouns,you,MVI_9886,Landmark_Data/Pronouns/you/MVI_9886.npy,45,225
Pronouns,you,MVI_9887,Landmark_Data/Pronouns/you/MVI_9887.npy,46,225
Pronouns,you,MVI_9888,Landmark_Data/Pronouns/you/MVI_9888.npy,39,225
Pronouns,you,MVI_9923,Landmark_Data/Pronouns/you/MVI_9923.npy,68,225
Pronouns,you,MVI_9924,Landmark_Data/Pronouns/you/MVI_9924.npy,92,225
Pronouns,you,MVI_9925,Landmark_Data/Pronouns/you/MVI_9925.npy,83,225
Pronouns,you,MVI_9926,Landmark_Data/Pronouns/you/MVI_9926.npy,88,225
Pronouns,you,MVI_9960,Landmark_Data/Pronouns/you/MVI_9960.npy,48,225
Pronouns,you,MVI_9961,Landmark_Data/Pronouns/you/MVI_9961.npy,48,225
Pronouns,you,MVI_9962,Landmark_Data/Pronouns/you/MVI_9962.npy,43,225
Pronouns,you,MVI_9996,Landmark_Data/Pronouns/you/MVI_9996.npy,68,225
Pronouns,you,MVI_9997,Landmark_Data/Pronouns/you/MVI_9997.npy,64,225
Pronouns,you,MVI_9998,Landmark_Data/Pronouns/you/MVI_9998.npy,69,225
Pronouns,you,MVI_9999,Landmark_Data/Pronouns/you/MVI_9999.npy,71,225
